﻿author,comment,likes,published_at,is_relevant
@SairaCh-g6v,Mn 1981 mn 6th class mn prhti thi mra school chowk yyem khana shezan factori k qreb tha mre school ka nam mussrat girls middle school tha .grand bettri k samne se guzr kr scjool jate thr ah kia dn the lahor lahor ay🎉,0,2025-11-30T13:35:37Z,True
@AliPasha1971-d6r,"You are just showing the old part of the city.The affluent parts of the city were Gulberg,Cantt,Mall Road,Model town  etc which you never show in your videos.",0,2025-11-22T08:49:18Z,True
@AdilTauseef-v3b,My love lahore I am proud to be lahory,0,2025-11-21T22:03:59Z,True
@abdulhaq4029,jazakallah good effort,0,2025-11-18T04:52:36Z,True
@BeGenuine-i6o,ik khich si roah ko  purti hai ... jub zikrai lahore houta hai ... lahore mai busnai ki kusuk outhti hai ... jub zikurai lahore ata hai ... ik mai hi nahin hou ka ashiq ... lakhoun diloun ki dhurkun phurukti hai ... jub zikur ai lahore ata hai ... hum ashiq lahore kai baishumar ... hum hi hain Lahore ka sunghar ... ruqabat nahin ik doosrai sai rukhtai hain ... hum ous ki doori mai hi alug alug soulugtai hain... jub zikur ai lahore ata hai,0,2025-11-15T00:47:23Z,True
@zaheerkhan9728,Kya 1953me lahore canal bun gae te??,0,2025-11-14T14:50:56Z,True
@tibzig1,"If possible, please do a ""before"" and ""after"" photos of various locations. Thanks!",0,2025-11-14T10:04:30Z,True
@tibzig1,"My brother attended Aitchison College back in the mid 1970s. Lahore was still a wonderful place. Out family lived in Karachi but since he was a boarder in school, we would visit him three or four times a year. I still remember riding around on my chacha's Honda 175 motorcycle on Canal Road. Does anyone remember Vespas and the Honda 175s? Classic 2 wheelers.  My family moved to the US in 1982. The first time I visited Pakistan after moving there was in 2008 and it was quite a shock. The old Pakistan I knew no longer existed.  The overpopulation, traffic and the mentality of the people was radically different from what I remember from the 1970s and 1980s.  I have visited many times after 2008 but each time the old days just seem a misty dream. I am 61 now.",2,2025-11-14T10:01:48Z,True
@muhammadnauman7248,Mian saahibaan ny lahore hum say cheeeen liya train service bus service ny hulia hi badal diya,0,2025-11-10T06:40:05Z,True
@faryalshah991,"Standard Chartered Bank is operating in place of Grindlays Bank 🏦 and its head office is near Neela Gumband Mall Road Lahore.
I feel its the same building renovated according to need of time.

Grindlays & Standard Chartered, both are British Banks,  respectively founded in 1828 and 1853.

Rest of the Info is here 👇
Standard Chartered acquired Grindlays Bank from ANZ in 2000, and the Grindlays name was phased out as the two banks integrated. This acquisition significantly expanded Standard Chartered's presence in South Asia and the Middle East. Although the Grindlays brand is no longer in use, the integrated operations, especially in private banking, now operate under the Standard Chartered name.",0,2025-11-09T19:36:46Z,True
@KhushNasib-n8o,I  am 54 year old  hamara Ghar hi Regal chock Lawarance road pr tha mall road assembly hall sb Kuch Ghar k pass  hm logon ne apni life mein bara sakoon Wala environment dekha,0,2025-11-08T04:32:57Z,True
@FerozAhmad-t1r,Wah Bhai khush kar dia  mashallah  1971 mein Lahore ghari shahu mein paida hua aj Bhai yaad ati hai sir ye bank Neelam gunbad gpo Kay samnay tha,0,2025-10-31T11:20:48Z,True
@asifmahmoodsandhu5105,grindlays bank was in front of GPO Lahore Mall Road that is called bank square building,0,2025-10-29T10:46:37Z,True
@faisalmalik5527,Lahore hotel ki building ub bhi moujood hei,0,2025-10-29T02:25:35Z,True
@abdulrasheedmir6604,Grindlays bank mall road par he tha ab is k saat national bank ka head office ha chowk ma right side nails ghubad ha,0,2025-10-22T18:26:18Z,True
@kashifyounis3451,Bhai Apne latest news dy di Punjab university pahly Mall road Hoti thi😮😮😮😢😢😢,0,2025-10-22T16:20:07Z,True
@muhmmadwaqar2803,Hum bhi Lahore 1993 men aye the hum ne is shehr ko bohat zeyada tezi se batalte dekha he ❤❤❤,0,2025-10-22T13:29:19Z,True
@mehmood4287,"Beautiful work. Thanks for the upload.
As far as I remember, National and Gridlays Bank building used to be in Bank Square near Maclagan  and Mall Road Junction",0,2025-10-19T19:49:41Z,True
@WaseemMushtaq-io8lu,Great effort to keep old beautiful memories of our great Lahore … well done and bring some more stuff…,2,2025-10-19T17:13:38Z,True
@moonmist9,Beautiful. There is too much traffic and smog in Lahore now.,0,2025-10-19T13:24:11Z,True
@rosechannel9321,Very nice information about Past time of Lahore City. KHB LHR,0,2025-10-17T04:47:53Z,True
@apekshanarendrarajput583,Good Effort! God Bless Everyone.,1,2025-10-16T12:07:44Z,True
@asher68,Janab. Apki video ne mujh per sahar tari kar dia hai. I would really love to meet you. I was born in this lovely my jaan city Lahore but I am in USA now. Kash wo din wapis ajayein. Lots of love my friend. Great job,0,2025-10-14T04:13:08Z,True
@SyedAlamdarBukhari-b9w,"Sad ho gaya hoon apna purana lahore daikh kar,
Tujy ae zindagi lsoun kahan se😢😢?",0,2025-10-12T02:37:08Z,True
@tayyabjutt6425,Bohat khob meny lahore ko esy hi dekha h jesa ab h pehly waly wqat main kitna skon h ab to mhool b acha ni oar logo k dilo main peyar b ni😢,0,2025-10-10T20:25:47Z,True
@thetrustera2600,This is before Zia ul Behaq brought the Sharif family into Politics. Sharifs took over Lahore and all Sharafat was lost.,0,2025-10-08T16:45:20Z,True
@ranaqaisar6495,Born in 1979 remember childhood age. STILL MISSING .LIVE LONG MY LAHORE❤,0,2025-10-08T16:34:50Z,True
@elvissolo3083,Marvelous.Last year I visited my city of birth there were no dhotis no bicycle no tanga.Raavi just puddles of water.Crazy traffic.Dense building to Thoker and beyond.Car was a rare site.,0,2025-10-08T01:21:39Z,True
@maqboolalvi5353,"I wanted to write detailed comments but after seeing comments of many age mates I shall keep it Short. I'm a Born lahori.. Only 72 years of age... Certainly I have seen Lahore changing in this period But it is a part of natural process. Every city and place changes , so also my Lahore. During my service I had to live in various cities of the country and abroad also. But I always missed Lahore. Once I traveled to Lahore from Quetta on Eid holidays of 4 days,but I reached Lahore. God bless the City, the people and this vlogger who made this wonderful video. ❤😊",0,2025-10-07T18:09:48Z,True
@bmabbasi965,Good presentation.Aadaab to all viewers.From Bareilly U.P.India.,1,2025-10-07T05:58:51Z,True
@taimoormoon1843,Mari age 31 ha ma Ferozsons ma job karta ho mujy khushi ha ky ma pakistan ky ak old or bary brand ka hisa ho aj hi bahir ky log aty hai or old lahore ko yaad karty hai maray pass ak senior cityzen ay unhow ny jan 1960 ki bat ki to unki ankhow ma ansoo a gy,1,2025-10-07T04:07:48Z,True
@pagan-540,Lahore very big town. Pakistan capital.,0,2025-10-06T09:42:01Z,True
@dilawarkhan9287,We came lahore  during summer holidays then we traveled by this double dakar bus from railway station to guromangat gulberg Lahore.,0,2025-10-05T11:09:48Z,True
@shamounsathura2872,❤❤ old lahore,0,2025-10-04T18:34:46Z,True
@wildae.,"O Bhai ye lahore nhin hai, kahin bhi kachra nazar nahin aa raha, yeh musulmanon ka nhi kisi kafir ka shehar lagta hai, itna saaf",0,2025-10-04T12:01:19Z,True
@SaifDin14,"I am 73 years old, this video is excellent. Everything recognize. Now Lahore is totally changed, I have been living in the USA last 35 years. I like your video, God bless you.",34,2025-10-04T10:58:27Z,True
@muhammadkhurshid3107,"Mera bachpan shad bag mai guzra hai❤1975 ki bat hai 
mujy dilli darwaza bohot pasand tha❤kya khuoob soorat zamana tha❤❤❤",0,2025-10-04T07:27:43Z,True
@bestbrotherever1943,Purani yadyn 😢 taza ho gai.fortress bhi dkhain.purana lhr cantt station bhi sadar wgera.plzzzz,0,2025-10-02T14:51:54Z,True
@MuhammadIqbal-ch9vv,"MAIN.25-12-1979.
LAHORE.AAYA.UOR.AAJ.TAKK.LAHORE.MEIN.HUN.TUB.MERI.UMAR.19.SAL.THI.
M.IQBAL.BHATTI.
SHOR.KOTI.
01-20-2025
PAKISTAN.PAINDABAD",1,2025-10-01T14:44:02Z,True
@SmilingAzaleaFlower-zt4ig,Ap Lahore Ka ho bro 😝😝😝😅😅😅😂😂😂😂🤣🤣🤣🤣,0,2025-10-01T13:21:28Z,True
@nimraghalib8964,"Maine to phali Baar dekha Lahore ko Aisa .... Old is Gold.... Hum 90,s walo ne to shor hi dekha hai",2,2025-09-30T12:17:00Z,True
@muzammilraheem3075,"2010 ke baad bht change aya us se phle wala lahore nazar nahi ata ab sb badl gia 
Lekin lahore se pyar kam nahi huwa ❤ UAE ma rehte Lekin jab bhi lahore yaad ata bhagte huwa chala jata😢",0,2025-09-30T07:42:17Z,True
@NisarAhmad-jr6ol,"Thank you for sharing this video. You brought back memories of my stay in Lahore 1975-1980 when I was a student at UET , GT road Lahore, Baghpanpura.",0,2025-09-29T23:45:21Z,True
@RajpootKhokhar-i2g,Bhot shokrya kdim wkat deekhne ka😂😂❤❤😢,4,2025-09-28T07:47:16Z,True
@muhammadidrees4452,Grindlays bank bank square lahore opposite gpo huwa karta tha. Is say muttasil sark anarkali aur nila gumbad ki tarf jati hai,0,2025-09-28T07:22:09Z,True
@saqibjamil2010,Outsiders ny lahore ko gandaa kr dia hai..jaab eid py saab apny apny ilaqoon mai jaty hai lahore pursakoon hota hai😂,2,2025-09-27T16:19:52Z,True
@shahidsheikh5377,"national & grindlays bank ltd bank square, neela gumbad aur mall road ke qareeb, regal se pehle",2,2025-09-27T15:34:51Z,True
@sanamakhtar4072,"I live nearby maqbara-i-jahangir. I recognise the pic at 6:56. Im from Shahdara, Lahore.",4,2025-09-27T00:32:25Z,True
@anisashamshad8968,"Excellent excellent vlog. Nostalgic. Many of the roads were seen by myself. I've been in Karachi since 2009. But my childhood and adulthood are all connected with this piyara Lahore. In 70's and 80's Even 90's  Lahore was calm, refreshing and full of cultural heritage. But now it totally changed. Thanks for sharing this. Kindly make a video of Inside city. I will be waiting for it.❤",2,2025-09-26T18:33:47Z,True
@mhaiderkhan2000,"A sincere nostalgic memory of the childhood of my 60s. You explained these pics in plain language, but it went into deep through that refreshed my memory transparently. I can't express how much it agitated me. Definitely the city moved on to a different dimension, we call it development or improvement, but I am not sure how much it is true. People in this new era will not have the sense how cool it was as shown in these footages. Good that you saved those all as evidence. We breathed oxygen in the past now we breathe CO2 and dust. The people have now become mechanized like robots. There are a lot to say but what is the use: Thanks a lot Bilal for sharing these gems. I watch all of yours. Keep it going. 
Regards",0,2025-09-26T15:32:17Z,True
@abdurrehmannadeem3686,"AoA, bhai gee ye bank Grindleys ye bank square nika gumbad se mall road ki taraf YMCA building se agli building Grindleys bank k sath fruit chat  dahi baley ki famous reyri laggi hai wo bank Grindleys ki building hai.",0,2025-09-26T14:27:38Z,True
@zaheerhassan2760,Beauty journey the most historic nd Beautiful city of Lahore wich is lost and destroyed by materialistic  mafia,0,2025-09-26T07:58:32Z,True
@tipuriaz,Video dykh kr Dil Khush hua or apny ak bhot pyari bat ke k agr choty city's ko facility nai de jay ge to Lahore mein rush to brhy ga na.lahore mein rehny waly logon Sy zyada hm jesy log 2sry citys mein a kar bas gay hn 😢,7,2025-09-26T06:58:20Z,True
@muhammadilyaschishty4328,MashAllah very good Analysis of Lahore.,0,2025-09-26T06:09:37Z,True
@AbdulKhaliq-dd2vm,Excellent. Lahore Lahore aye.,1,2025-09-26T04:35:20Z,True
@RiazmasihRiazmasih-c5e,Beroni sooron ne mere Lahore ko kharab kr dia h,0,2025-09-26T04:13:42Z,True
@jameelhafeez9796,Great video.child hood was spent in 50 and 60 Lahore.great work Thanks.,2,2025-09-26T03:10:38Z,True
@aliyaqoob3263,Assalamalkum my dad was working in Grindlays bank 1970 till 1987  we  were  lived  Shimala phari  36 Empress Road Lahore beside TV station  and  other side. Governor House,1,2025-09-25T19:49:48Z,True
@Sagittarius-Shaali,Ab pindow k molviii log baray lahore miay ah gaiy hai. Jinhow nay gund dal diya hai..,0,2025-09-25T18:58:48Z,True
@mubeenmubeen2854,"From Bhulla stop to Maĺl Road, I remember I travelled on double trackers and I  used to sit on upper portion so that could have an birds eye view. How can I forget when me and my cousins occasionally  caught fish from Lahore canal  and canals water was so clean and unpolluted.",4,2025-09-25T14:13:37Z,True
@MuhammadFarooq-kv1xn,PAKISTAN LAHORE ZINDA BAD,3,2025-09-25T10:35:18Z,True
@imham984,"Lahore Lahore ha. Thank you. ❤ from old Ravian in US. I recognized Tolinton Market where we used to go from New Hostel GC to have yummy sandwiches. I wish there is a Time Machine I can use to those innocent and beautiful times around 40 years ago, even for just a couple of days !!!",3,2025-09-25T08:13:07Z,True
@europevisanews586,"Mashaallah 
Love to watch your video thank for shring big like from germany",0,2025-09-25T07:45:53Z,True
@yassermian9913,Koee sakoon nazar nahee atta old 1950s main...people seem more poor and in bad condition compared to todays lahore.,2,2025-09-25T05:03:40Z,True
@IftikharRafi-jl3gf,"Assalamu Alaikum

App ki is Yadoun bhari video ne mujhe mazi k jharounko me dakhil kar diya ha 1973 ka selab dubble Omni buss phir 8 number shahadra se nikalne wali buss phir Volvo buss phir 1988 ka holnak selab our dariyoun me machli pakarna
Choti Saicloun se Bari Saicloun
Ka challana bhaghna pedal chalna kasrat se khobsorat baghoun k phall khana ghudi ourna lokkan meti khelna bandar killa khelna kawaan ghorri khelna ghulli danda khelna kokla chopaki khena nakka poor khelna dorrin lagana akhara me jana kiya kahoun har taraf mohabbat k rishte wafadarioun k rishte
Mehmanoun ki rasmin khala mamo chacho pupho k ghar jana maa ka nehlana hmari joein marna kanghi karna kapre pehanna phir bahar ssbhi bachoun ka khelna


Yar waqat ka pata he nahi chala kessy ghuzar ghiya

Our ham bachpan our jawni se nikal kar ab bhore ho ghae hain 1990 k baad waqat bohat tabdil hone laga rishtoun me ihsaas khatam hone laga 

2000 tak 50 % waqat pakizgi me raha phir har taraf fitnoun

Ka basera hone laga jessy sab khatam sab khatam


10-10-1970 
Meri date of birth",0,2025-09-25T04:26:04Z,True
@Javedsh-wo5uf,Thank you for LAHORE PAKISTAN ZINDABAD CHENNAL PAINDBAD,5,2025-09-24T16:39:49Z,True
@uneebalvi7554,"6:32 Gurdwara Shahid Ganj Singh Singhnian is located close to the Lahore Railway Station, in Landa Bazaar (Lagta Ha)",3,2025-09-24T14:49:35Z,True
@owaisahmed8451,I use to go to School in these Double Decker Buses. These Buses were British Leyland and GUY. It was called LOS (Lahore Omni Bus Service) Its Main Depot was Near Shama Cinema.,6,2025-09-24T06:57:55Z,True
