﻿author,comment,likes,published_at,is_relevant
@geographicinfo-o4c,"same oil , recook recook recook, wo jo oil us nay karahi se nikala hai, he will use again same oil in another karahi, maro lahoreiyo maro",1,2023-04-12T08:40:02Z,True
@farrukhchauhan,Bhy food blog kryn app to over c harktyn krny b lg gy,0,2022-12-30T00:00:14Z,True
@MubashirAhsanPakistani,MashaAllah Saqib bhai apki har video ek se bath Kar ek Hoti he Allah aur taraqqi de apko,0,2022-10-31T12:37:27Z,True
@khurramshahzad2529,Sallam bro I m Khurram from Uk thanks for videos is there a number to call you or email I might be visiting Lahore soon need some advice😂,0,2022-10-20T16:08:16Z,True
@TruthisLIFE-tf9xr,"Bhai Pakistanis are big foodies...
I'm from India and
Mere yaha 2-3 roti khate hai aur khatam....
Pakistanis 5-6 roti aaram se kha jatey hai....
Mashaallah Nazar na lagey

.",0,2022-10-12T15:46:45Z,True
@sudhirdwivedi9021,"Saquib Bhai, Aapko pata hoga aap India me bhi dekhne jate ho aur aap sirf aur sirf non veg food he dikhate ho, kya aap sirf non veg he khate ho",0,2022-08-26T04:12:44Z,True
@taimooralitaimoorali6396,Aha taya yousuf b bethay h khanay k liye hamza gujjar or Ali gujjar k abu....,0,2022-07-16T21:26:42Z,True
@KamiSeth,Mooli Or Dhai Ek Sath NAHI Khate,0,2022-07-08T22:38:04Z,True
@Rameezation,Family sitting hai wahan? Family ke sath ja saktay hain kya?,0,2022-06-08T18:31:10Z,True
@kazitaherulislam3167,Calcutta me kavi aayiye. Pata chalega khana kisko kahta hay.,0,2022-05-25T13:27:08Z,True
@SaleemKhan-zr1ry,AoA saqib sb mujha aisa lagta hai ap ap ka sub food review mein har khane ki tarif he karta hain acha food reviewer hota hai jo sahi review karay acha ho ya bura it's yeh mera mushwara hai shayad ap ka saray khane hota he acha hon,0,2022-05-17T20:56:12Z,True
@majmalqureshi9920,Location zaror bataya kren takey Lahore se bahir  walon ko mushkil na ho,0,2022-03-25T06:40:54Z,True
@rabbitgupta6605,I m Your   fan ..sir and your voice very cute ..I'm from india... In Gujarat...Sir Aap hena Aapki video me Aap jyada urdu bola karo bahot hi cute lagte ho sir.....,0,2022-03-09T16:07:27Z,True
@usmangaming9382,ASSALAM U ALAIEKUM DEAR MAIN NE TAU SUNA K OJRRI HARAM HAI QK GUNDI CHEEZ ISMEIN STORE HOTI HAI WALLAH ALAM BILGHAIB,0,2022-02-28T03:13:52Z,True
@imtiazalitv5453,Assalam o aliqum bhai I'm watching u 4rm South Africa ur video is superb i love it but i miss all this food,0,2022-02-13T10:06:14Z,True
@syedatariq8883,"yakh!! potty flavor khane ka bht shoq he, Huzoor ne bhi karahiat fermy thi,",0,2022-02-08T09:39:34Z,True
@shahbanatayyeb8896,Pls in logo sy kahy.jaha bhe ap khany k liye jaty hai k apni shop ko clean rakhy paint karway aur jo bhe un k hath mai cleaning cloth hoty hai un ko bhe clean rakhy,2,2022-02-01T10:20:16Z,True
@kamranjan963,Har video mai bhai price plxxxxxxx,0,2022-01-28T19:53:35Z,True
@kamranjan963,Price plz batya kro,1,2022-01-28T19:52:37Z,True
@muhammadasadjaved9264,sach m arif walo ki karahi level ha  ..,0,2022-01-28T10:51:05Z,True
@masoodamad49462,Bhai sahib hath dhona to sunnat ha lakin ojri khana haram ha ap zara malommat la lain ksi Aalim e deen sa shukrya or rujoh b krain,0,2022-01-27T21:52:47Z,True
@fayyazchef0,ASalam Walekum Saqib Mobin Sahab Kabhi hamare pass to visit Karen hamare  naam hai jaggi biryani Lahore railway station 2 Morya pull ke sat hi Gujja peeer darbar,0,2022-01-27T17:24:35Z,True
@fayyazchef0,ASalam Walekum Saqib Mobin Sahab Kabhi hamare pass to visit Karen hamare  naam hai jaggi biryani Lahore railway station 2 Morya pull ke sat hi Gujja peeer darbar,0,2022-01-27T17:24:07Z,True
@atiqmuhammad3942,"Saqib bhai Lahore kashmeri kati geat ke andar Dakhal hote he kheer ki Dulhan he wo nhi Khai to kuche nhi khaya 
All the best ❤️❤️❤️❤️ good work likes your video s",1,2022-01-26T20:49:33Z,True
@shaikharshad4535,saqib bhai khud to ap chasky ly k kha rahy hoty hain or hum py kiya beet'ti hai out of control ho rahy hoty hain.. moh mn pani pani ho raha hota hai 😋😋🤤🤤,1,2022-01-26T18:01:06Z,True
@andleeb1122,Mashallah yummy food,0,2022-01-26T17:14:29Z,True
@waqasalikhan6956,Saqib bhai ap or Abrar bhai kis jaga gaye thy samosay or dahi bhalay khanay.uska address to batain,0,2022-01-26T16:08:13Z,True
@fashionandi325,Allhumduillah allhumduillah with the blessing of Allah almighty yeh hamara hotel hai ❤️❤️😊😊😊,2,2022-01-26T14:01:53Z,True
@badguy1664,Aarif Hotel ki karahi Pakistan ki bestest karahi hai mene har jagah ki khayi lekin is ka muqabla koi nahi butt bhi kch nahi is ke aagay,0,2022-01-26T12:33:12Z,True
@HeavenGoats,"Atif hotel tou acha hai yaar, next time Lahore gaey tou yahan zaroor jaein gay inshaAllah.",1,2022-01-26T05:35:10Z,True
@MyNeighboursYards,"Amazing video, great content!💖😍 God bless u and your family. Thank you for making us happy and smiling...🌹Keep rising and shining... sending lots of Love and care 💕from Sydney, Australia.",4,2022-01-26T05:26:38Z,True
@muhammadazeemafzal7273,"Assalam o alaikum 
Pehli waari twadi video wekh rya wa swad aa gya a
Love from Gujrat shehr.🇵🇰",1,2022-01-26T04:22:25Z,True
@javedahmed8946,Thanks lot for high class information about lahori food. Please mention location for all points.,1,2022-01-25T18:37:18Z,True
@akbaromar2209,I am from Lahore next time take with your food adventure,0,2022-01-25T14:03:04Z,True
@akbaromar2209,Old city is full of delicious foods 😋,2,2022-01-25T12:38:04Z,True
@shahzaibshahid1965,"Assalam o alaikum Saqib Bhai!
Your videos are fabulous, I recommend you to visit "" Arabica""  in Kareem market Lahore and try it's ""chicken Madhbi & Mutton Mandi"" the real Arabic taste.",2,2022-01-25T11:31:27Z,True
@hkdfkjkjg,salaam from canada when i come lahore will you take me good places for food,0,2022-01-24T20:44:08Z,True
@bilalmohsin1,Bhai please make vlog of main market Chappal kababs and fish,0,2022-01-24T20:01:57Z,True
@usmannadeem292,come on the Karachi street food,1,2022-01-24T19:25:59Z,True
@riteshdurve3941,"One of my best food explorer from Pakistan.
Wah bhai Wah 
Love from India- Mumbai.
Saquib bhai you are the best.
Keep the good work bhaijaan.",6,2022-01-24T11:32:23Z,True
@liaquat1980,Oily and spicy foods should be avoided,0,2022-01-24T05:33:36Z,True
@myvlogpassion3907,Saqib bhae ap boht achay hai plz ghosia Chaney or kabeer k Chaney  b  khaney aye androon main,0,2022-01-23T20:43:47Z,True
@mohdsamoon,Pakistan k shekhpura city mai hamare rishtedari bhi rehte hai but afsos Lahore kabhi aana nahi hua hamara 😭,0,2022-01-23T18:56:14Z,True
@shaukatsaleem3597,Jeeda lassi wala Arif chatkhara sa kitna door ha bhai walking distance p h kia?,0,2022-01-23T18:32:41Z,True
@abdulwaheedkhan3969,Very nice food in lahore,1,2022-01-23T17:10:22Z,True
@abdulwaheedkhan3969,Mobeen bhai shahadra k butt chany wal,0,2022-01-23T17:08:01Z,True
@aargee1965music,"Yaar ki yaad karwa ditta...nani ka ghar...gazar paak asi wee iddha khandey see....Nani tey maa dono rabb dey kaul..ratti angeethi tey pakdi see.....tey ek hor gull ek camera man appoint kar...teri tey laara wagdiya...khaaney wekh ke..
Tey wekh loki tenu pyaar kardey..kehndey saadey koll nahi aaye...pata kyun....you have certain amount..of purity..in u ..I told you before...never leave that.khush raho..rabb khair karey.Get height but never leave..earth...blessings..",1,2022-01-23T16:21:21Z,True
@utpalsil2077,Saquib bhai is really a hasmukh person.he has all smile on his face.nice block. After seeing so manny good food I really feel visiting Pakistan. Great. Love from  India saquib bhai.,21,2022-01-23T15:56:34Z,True
@amjadsumra5811,Saqib Bhai U are Awesome 👍 ... U should travel all around the world for Halal Food😊,10,2022-01-23T15:21:39Z,True
@davidbackham100,"Hum kashmiri is rooti ko ""lawasa"" kehte hai , big fan of your video's 🥰",1,2022-01-23T15:15:40Z,True
@andregonsalvez9244,Greetings from Canada  ! DELICIOUS,3,2022-01-23T15:03:47Z,True
@Jawwaaddd,"Saqib bhai , Love your videos mashallah Doing great keep it up ! Apki ik video dekhe and now watched your 10 to 15 videos 
Apka explain krne ke style bohot عمدہ ha ♥️♥️👍",3,2022-01-23T14:51:52Z,True
@AH-le3py,"Saqib try to eat less or no hot green peppers.  Can get stomach ulcers. Antacids medicine must if u eat a lot outside and have stomach ulcers.
Thanks. 
Keep up the great videos.",2,2022-01-23T14:05:20Z,True
@moazzamkhanofficialvlog951,I am big fan 💞😍💞😍💞😍 I love this video 😍💞😍💞,1,2022-01-23T13:33:25Z,True
@napoleonbonaparte937,"Wow 😲😳, Yummy 😋😋😋.",2,2022-01-23T13:19:25Z,True
@aliyazeeshanvlogs7893,"1st
MashaAllah yummy food 😋",0,2022-01-23T13:00:46Z,True
