﻿author,comment,likes,published_at,is_relevant
@RYI4710,Plz do the Uber or In drive it cost you the same or less than rakshaw and it's more safe and comfortable.,0,2024-09-27T17:05:31Z,True
@rorschach_25,You have an adorable mom. TC love from lahore,0,2024-09-27T07:42:01Z,True
@SaabzadazamanKhan,When ever I visit again plz tell me  I will show u old city ND famous food inshallah,0,2024-09-22T07:45:19Z,True
@shaheedbhaghatsingh3974,your prophet is a pdfile Fatima (shahih al bhukari 5134) who had shax shelves (shahih al bhukari 1456d) our religion is nothing like yours and our gurus are nothing like your pdfile prophet. Not only that Quran chapter 4 verse 34 proves pdfiles mohoomods tolerant view of women,0,2024-09-21T05:02:17Z,True
@ahadkmk,Sister welcome to Lahore Pakistan. It looks your mum still not converted to Islam but you alhamdulillah have. It looked me very nice that you prayed in the one of the biggest mosques in the world. It must have given you tremendous feeling of love and passion. God bless you both daughter and mum.,0,2024-09-13T13:06:15Z,True
@fandom5661,"Arabic transliteration of the adhan is as follows:

Allahu Akbar! Allahu Akbar! Allahu Akbar! Allahu Akbar!
Ashhadu an la ilaha illa Allah. Ashhadu an la ilaha illa Allah.
Ashadu anna Muhammadan Rasool Allah. Ashadu anna Muhammadan Rasool Allah.
Hayya 'ala-s-Salah. Hayya 'ala-s-Salah.
Hayya 'ala-l-Falah. Hayya 'ala-l-Falah.
Allahu Akbar! Allahu Akbar!
La ilaha illa Allah.
The English translation of the adhan is:

God is Great! God is Great! God is Great! God is Great!
I bear witness that there is no god except the One God.
I bear witness that there is no god except the One God.
I bear witness that Muhammad is the messenger of God.
I bear witness that Muhammad is the messenger of God.
Hurry to the prayer. Hurry to the prayer.
Hurry to salvation. Hurry to salvation.
God is Great! God is Great!
There is no god except the One God.

For those wanting to know meaning of Azaan.",0,2024-09-12T20:07:02Z,True
@drtariqmehmood2099,Thanks you for visiting our country Pakistan lots of love for you and your mom ❣️❣️❣️ Allah bless you and your family 💕🙏,0,2024-09-10T10:41:17Z,True
@MrJourneyHub,"There are historical places in Lahore, PAK. Must visit..😊",1,2024-09-08T19:57:41Z,True
@nahd03,Aazaan not adhan,0,2024-09-07T12:20:32Z,True
@rana1832,"MashAllah sister, it’s so good to know that you loved your Experience in Lahore Pakistan.",0,2024-08-29T17:50:47Z,True
@skhanvlogs-k3l,Love from my city lahore,1,2024-08-29T03:49:04Z,True
@adnanahmed1775,"Pakistani all thief ..
I am also live in Lahore.
From Kuwait.
No good in Pakistan....",0,2024-08-22T16:05:50Z,True
@AhadKhan-cm6wt,The most beautiful thing in your video is the Adhan / Azaan (Muslims call for prayers) that stole the entire show. No other thing did impress us after that 😢,0,2024-08-22T10:16:53Z,True
@thetruthrevealed9849,"Salam Sister, I've been there myself with my family and it's spectacular the Masjid and the Azhan is very touching... May Allah guide your Mother and see the beauty of Islam InshAllah.",0,2024-08-11T21:30:24Z,True
@r000ketman5,"U shld also go try this Haveli restaurant around mosque for dinner,  terrace sitting area.",0,2024-08-09T00:53:39Z,True
@ijazriaz7415,It is very nice that you came to Pakistan and especially to Lahore❤,1,2024-07-24T05:05:17Z,True
@partsprovider902,Dear beautiful fairy you are very nice and your friend is also very nice I welcome you to Pakistan Lahore,0,2024-07-19T13:18:30Z,True
@muafir2029,Welcome to Pakistan Lahore...❤ hope you and your mother enjoy your stay here...stay blessed...,0,2024-07-15T11:40:10Z,True
@FORIDdbc,MashaAllah we have chosen you for accepting Islam May Allah grant you all hope in life and may Allah grant you and your family Jannah after death Ameen ❤,0,2024-07-14T15:54:21Z,True
@mainuddin482,I'm from Dhaka Bangladesh.,0,2024-07-14T15:31:08Z,True
@GoharJaved-kp2kh,welcome to Pakistan sister and happy about you to enter family of islam,0,2024-07-12T15:46:00Z,True
@aleemanwar2156,It is Azaan not adhan. You need to learn Arabic pronunciation. Some deranged Mullah will tie you to the ritualistic brand of Islam. Read the Quran and it will itself come by  to you.,0,2024-07-07T20:01:43Z,True
@thirstingknowledge,"It is so many, many years that this Bangladeshi, grown up in Lahore has seen the Badshahi Mosque. It is still as gorgeous as it ever was!",0,2024-06-30T16:19:40Z,True
@jawadgujjarr,MashaAllah - May Allah Bless you More - prayers from Lahore Pakistan !!!,0,2024-06-29T07:45:20Z,True
@kaifslim823,Sister the sim card price was extremely high it's just worth 100₹ in pakistan,1,2024-06-27T10:06:17Z,True
@mudasirzaman123,Masha ALLAH sister may Allah bless you and your mom and your all family with hidayah,0,2024-06-26T16:02:21Z,True
@NeonX7_7,Glad to see you in Pakistan.May Allah bless you and your family.,0,2024-06-23T11:40:12Z,True
@shahidyt,Eid Mubarak to you sister and your family,0,2024-06-16T07:44:13Z,True
@MuhammadUmar1992,"Salam Sister, for dinner you should have taken your mum to the food street right next to the masjid and after Maghreb, that place is always bustling. If you're still in Lahore, I recommend going there",0,2024-06-12T05:50:30Z,True
@mohdsabih,Have a nice time at Lahore. May Allah bless you both! Ameen,0,2024-06-11T18:40:20Z,True
@rizwan101,That was a special adhan,0,2024-06-11T16:32:55Z,True
@alireact,Masha ALLAH ❤ love from Lahore and be my guest ❤,0,2024-06-08T10:25:56Z,True
@Adan-v4f,Badshahi mosque +sunset=😌❤,1,2024-06-08T09:44:09Z,True
@cloudgazers-1,Wow this is so cool.... I hope u visited the fort too .... Uts beautiful,0,2024-06-08T08:31:07Z,True
@syedwajahat3404,"Mashallah, may ALLAH SWT keep you in His protection. Very happy to see you in my home town. You are more than welcome dear sister. You must try Lahori food.",0,2024-06-06T13:04:32Z,True
@RajaMalhar,If she understand the meaning of those Adhan and the chilling message to non Muslims it sends will make her repent for sparing those tears for such animals.,0,2024-06-05T00:09:37Z,True
@farijaved2089,"You people are real Muslims by birth Muslims are not real Muslims because they don't follow Islam as it is they follow western life how your mother listens to adhan peacefully and you notice other Muslims who in mosque they don't care , in Islam Muslims should stop everything when they start adhan",0,2024-06-04T16:25:30Z,True
@highburyslocalbadger8130,"I love your Husband, you and your mum may Allah guide all your family and may Allah give you and your family success, peace and happiness, Pakistanis are  such amazing people Allahuma barik may Allah give my brothers and sisters peace, ease, success and happiness I love them all and the Masjid is soo beautiful thanks for sharing sis 👍🏼❤️",0,2024-06-03T22:34:21Z,True
@faisalam1600,Mba rebeca ini orang nya murah senyum banget..selalu ceria..sehat selalu bersama ibu..aamiin,0,2024-06-03T22:24:09Z,True
@sikanderkhitran8731,Bless you and your family ❤,0,2024-06-03T16:22:23Z,True
@sikanderkhitran8731,Bless you and your family ❤,0,2024-06-03T16:21:58Z,True
@tahirmushtaq6235,Great 👍  love  ❤️ from lahore Pakistan,0,2024-06-03T01:53:36Z,True
@YouTuber-qx8ml,"Hospitality and generosity, and treating ladies with lenience, are the teachings of Islam.",0,2024-06-03T00:06:49Z,True
@9shazad,Such a under rated country ❤️🇵🇰 and we welcome everyone,1,2024-06-02T20:14:02Z,True
@ZakiaHamid-s2v,Welcome to lslam and Pakistan Lahore,0,2024-06-02T19:04:45Z,True
@ideaseducationaltravelcons6730,"I am from Pakistan living in Scotland, Edinburgh, welcome to my homeland enjoy your tour and don't forget to visit Northern areas of Pakistan, may Allah bless your family",0,2024-06-02T09:27:22Z,True
@AsiaAsia_Poland_travel,I was in Lahore in May and stayed in this hotel😍 I have very pleasant memories of Pakistan and I will go back there many times💚❤️May Allah bless you and your mother and give you mercy and peace 🕊,0,2024-06-02T07:19:03Z,True
@Gulchih,"Keep a towel with you during the daytime for your mum, love. Heatstrokes are common at this time of year and she needs something to protect her from direct sunlight. She should wear a light shrug too but a white towel to cover the torso is necessary if going outside during the peak sun hours. I fainted once in the outdoor market as I didn't take it seriously. Also after returning to your room don't shower straight away, the sudden temperature change in the body can cause blood vessels to expand and cause hemorrhage, God forbid. Wait 15 mins and then shower if you need to. And remember to drink lots of liquid especially lemonade, which has some sugar & salts because in sweating a lot of the body's salts are lost. If you take these precautions nothing to worry about!",0,2024-06-01T21:23:00Z,True
@hamzee13,"Its too hot here in Lahore.
Good wishes. May Allah makes your Every efforts easy.",0,2024-06-01T15:25:39Z,True
@MH-qm3vk,"So humbling...watching a mother being fulfilled through her daughter's happiness and enthusiasm...
َQuran
the night journey-23,24
23. For your Lord has decreed that you worship none but Him. And honour your parents. If one or both of them reach old age in your care, never say to them ˹even˺ ‘ugh,’ nor yell at them. Rather, address them respectfully.
24. And be humble with them out of mercy, and pray, “My Lord! Be merciful to them as they raised me when I was young.”
Quran
Luqman-14,15
14. And We have commanded people to ˹honour˺ their parents. Their mothers bore them through hardship upon hardship, and their weaning takes two years. So be grateful to Me and your parents. To Me is the final return.
15. But if they pressure you to associate with Me what you have no knowledge of,1 do not obey them. Still keep their company in this world courteously, and follow the way of those who turn to Me ˹in devotion˺. Then to Me you will ˹all˺ return, and then I will inform you of what you used to do.",0,2024-06-01T14:41:22Z,True
@britishkashmiri169,"MashaAllah beautiful vlog, your mum feels the same way I felt on my first visit to Lahore , it’s a bit of a shock but it’s well worth the visit. I never got to go inside the masjid , really regret that , InshAllah will do next time.",0,2024-06-01T10:58:42Z,True
@babarsaleem2861,Aslamualaqum when you order food  aske less spices also you should visit bar b q tonight restaurant 😊,0,2024-06-01T10:57:25Z,True
@abinam2255,"Your mom looked petrified in the Tuk-Tuk! Driving in the West is ""Organized Order"", whereas in the East it is ""Organized Chaos"". People have a ""Third Eye"" - to sense what's coming around them. p/s: You would have got a lot less hassle from street vendors and dubious characters, if your mom didn't walk the streets of Lahore in a sleeveless 'top'!",0,2024-06-01T09:11:54Z,True
@zubairqureshi7532,Love lahore ❤️ ♥️ 💕,1,2024-05-31T16:28:46Z,True
@m.zahidiftikhar5493,"It's indeed very hot in Lahore these days. I respect your passion & interest. Listening to Azan/Adhan at Badshahi mosque is a great experience & worth the discomfort in this weather. I suggest that you visit ""Andaz"" restaurant just before Maghrib. It is closest to the mosque with a stunning view & the Azan sounds magical there.",0,2024-05-31T14:42:07Z,True
@m.zahidiftikhar5493,"It's indeed very hot in Lahore these days. I respect your passion & interest. Listening to Azan/Adhan at Badshahi mosque is a great experience & worth the discomfort in this weather. I suggest that you visit ""Andaz"" restaurant just before Maghrib. It is closest to the mosque with a stunning view & the Azan sounds magical there.",0,2024-05-31T14:41:57Z,True
@ranawasif6463,Hy hy sweet girl you can see watch mosque badshahi  have in prophet Muhammad PBUH and hazart Ayesha thinks have hoily thinks have and  prophet Muhammad PBUH  face his 1 hair have see watch just 1 hair face hair have  stay her plz see watch❤❤,0,2024-05-31T13:18:48Z,True
@ranawasif6463,Wowow you her in my cuntery Lahore wowowo super  pakistan very huge top   super famous welcome to lahore dear sweet ❤❤❤❤❤❤,0,2024-05-31T13:15:55Z,True
@anto8024,Come to indonesia big country big muslim in the world good food good people,0,2024-05-30T05:14:33Z,True
@Kingpinsodapop,Welcome to Pakistan.. May Allah protect and preserve you and your family..Ameen,8,2024-05-30T04:49:43Z,True
@khawarmasoodqureshihashmi8834,"Need to teach or introduce Islam to your mother.
May ALLAH ALMIGHTY bless her with islam",0,2024-05-30T02:56:44Z,True
@muhammadnaeem5101,"MaSha'a Allah, ... Sister Welcome to Lahore Pakistan. Hope you enjoy, but it too hot now a days...
Love from Lahore",1,2024-05-29T20:07:08Z,True
@thennow6940,"Love From Dhaka, Bangladesh",1,2024-05-29T19:49:01Z,True
@Sal-imm,"Blessings to you and your family from CT, USA.",0,2024-05-29T11:21:44Z,True
@razahasanbhatti8454,Salaam sister welcome to Lahore. Allah bless you both  best wishes and have a wonderful trip.,0,2024-05-29T07:38:38Z,True
@AbbasKhan-eu2cj,Careem app is Pakistan best taxi service it’s owned by Uber,0,2024-05-28T22:01:27Z,True
@rogston39,"InshAllah my family and I are travelling to Pakistan soon (Lahore, Islamabad, Abbottabad, etc....) Love your videos :) MashAllah",12,2024-05-28T16:39:55Z,True
@RAFIKKHAN-vb7vp,Alhamdulillahi rabbul alamin allah subhan v tala more gaide you and your family takbir Allahu Akbar I am Indian,0,2024-05-28T14:00:41Z,True
@sameerazenib9678,I used Indrive on my recent visit to Lahore and found it a really good app. The prices were exceptionally reasonable. Although l did jump on a few Rickshaw and why not.....we dont have rickshaws in the UK. As for a SIM l Just got a relative to get me a local simcard with an internet package that cost me around rs500 for a week and this was last year. I found it so useful. It  was still active a year later and l had remaining mins left! Wanted to visit Badshai mosque but it started to get warm during the days and it felt really uncomfortable in the heat. March/April Is a great time to visit and the weather is beautiful. Nov/Dec is pleasant too,0,2024-05-28T12:43:35Z,True
@umarumar5653,love from lahore to my muslim sister,0,2024-05-28T09:49:29Z,True
@amirshahzad8668,"Welcome to Pakistan sister, I m sure  you will Enjoy the trip. Watching you from Abu Dhabi. I have worked in Lahore 5 years",0,2024-05-28T07:43:33Z,True
@PunjabiMuslim510,Lahore is one of the Beautiful City in the world The Language of People of Lahore is Punjabi Punjabi is very sweet Language,1,2024-05-28T06:06:25Z,True
@PunjabiMuslim510,Lahore is the heart of Punjab,0,2024-05-28T06:02:53Z,True
@SaifUllah-vh8io,"Masha Allah, sister most welcome to Lahore Pakistan,,,,❤❤❤❤❤,,, I Love Islam,,,",0,2024-05-27T13:33:05Z,True
@shayannaseer,Welcome to Islam and Pakistan Lahore,9,2024-05-27T11:05:23Z,True
@edwinbartolome7529,But unfortunately u are not entitle for 72 hoores in jannah,0,2024-05-26T18:23:13Z,True
@SalmanAli-oc9eu,Welcome to Lahore. Happy to see you here.,0,2024-05-26T17:07:22Z,True
@alexgabriel2255,"wow, you are in Lahore amazing in summer it quite hot from 11 to 4 but evening are nice . their are quite number of places to see number of parks some historic places as well . well its sham i am not their other wise i do help you to visit Lahore. who is your husband he did not came ?",0,2024-05-26T16:50:26Z,True
@asalhaqeeqat2957,Sis you need to visit northern part of pak these days of the year. The weather is not to visit cities. It's too hot specially if you are from Scotland. Explore cities like lahore Karachi in winter time,0,2024-05-26T15:51:35Z,True
@WOW2KIDS,It's summer now in lahore. Better to come in January,0,2024-05-26T14:19:07Z,True
@ALIhassan-rv4cr,Good lord Rebecca !!! First the hot weather and them spicy biryani for mum!!!😂😂😂😅 That is one loving mom!!!!,0,2024-05-26T11:24:02Z,True
@ghaziattaullah2485,Salaam. Happy. To see in Islam. And one. Day ur. Mum also feel. More comfortable then. Previous. Time,7,2024-05-26T09:58:02Z,True
@ateeqdxb1676,Allah pak blessed you and your family  ❤,0,2024-05-26T09:54:39Z,True
@usmanmasood4448,Masha Allah you are in Lahore in this weather 🌡️ over 40°C too much hot I think September October to march is good have a safe journey and welcome,0,2024-05-26T09:32:10Z,True
@mukaram43,Ask mom.to use yougurt  drink probiotic it will save her from indigestion and   spicy food,0,2024-05-26T09:24:53Z,True
@nigah1783,"Rebbeca sister you are like my own sister and your mother is like my own mother. we all Pakistani are like your own family and Pakistan is like your own country so pls if you need anykind of help , you can say. we will feel  proud to help you.your mother also a nice lady and may Allah grant her light of Eman.Ameen",2,2024-05-26T09:11:11Z,True
@nigah1783,Although he weather is vry hot in these days in Lahore but the people in Pakistan especially  of Lahore are very nice.,1,2024-05-26T08:01:37Z,True
@sahibzadaibrahim1734,"Come to Northern Pakistan, it's hot in the cities of Pakistan like Karachi , Lahore and Islamabad",0,2024-05-26T07:55:00Z,True
@nassir4425,Masha Allah may Allah bless you and your family,0,2024-05-26T07:40:26Z,True
@Jamil-Minhas,"Welcome to Pakistan ""Rebecca"" along-with your beautiful and humble mother;  Hope you are ready to experience warm welcome everywhere you go. Lahore is a culturally rich city. Only the thing may bother you the Heat Wave which is prevailing in central and Southern Punjab Province now-a-days.  You will find historical places here. Delicious food. Many things to buy and beautiful mosques (like you visited Baad-shahi Mosque of Mughal Era),",0,2024-05-26T06:38:21Z,True
@MullBatoora-kf6cj,One day in Lahore one day in Islamabad and then the northern area is not so hot it's just spring there.,1,2024-05-26T04:49:52Z,True
@FaisalRehman-bw6xp,"Lahore is my city. Lahore is famous of hospitalty and living heart peoples.
One sentence is very famous about Lahore who he has not seen lahore was not born.",0,2024-05-26T04:24:38Z,True
@muhabbatali3790,"Well come to Pakistan , Allah bless you and your family",0,2024-05-26T03:25:52Z,True
@muslim_first,"North of Islamabad is of comfortable weather from April to October 
South of Islamabad including Lahore is of comfortable weather from November to March",4,2024-05-26T02:19:08Z,True
@abdinurhassan9354,I  was fighting  tears all the time you say Alxamdulilah  and Insha'allah  honestly those 2 words are  the reasons you got  supported by strangers to get the Simcard and other daily things  you wanted. verily Allah is sufficient on us if we trust on him all the time.,1,2024-05-26T01:33:54Z,True
@dr.muhammadshakeel1347,"Assalam o alaikum, I have been watching your vedios from months. I want to meet with you, however, i was living in China. Fortunately, i came back to my home last month and go back in next month, Could i meet with you and your mom.?",0,2024-05-26T00:56:43Z,True
@NasimKhan-ik1ih,"Sister Rebecca u can also try some Chinese food you gonna love it that wouldn’t be spicy at all. Inshaa Allah 
I’m basically from kashmir and live in Uk , I’m mum of three alhumdulillah 💕",0,2024-05-25T21:57:24Z,True
@NasimKhan-ik1ih,"Mashaa Allah good to c u guys in Lahore , plz let us know if u need any kind of support there ? Bless you 💕",0,2024-05-25T21:52:06Z,True
@naghmanarizvi5769,"Welcome to  lahore. My regards to your mum. You are both braving the usual hot weather of May. Please keep hydrated head gear is a must. When you reach your residence in lahore , stand over the sink and pour some cold water over your your head . It would remove the heat. You will feel much better.",0,2024-05-25T21:03:49Z,True
@self-sufficient9315,"Hello lovely mom and daughter ❤ You should have eased your mom into activities... sitting in auto for the first ride was not good. And it is too much heat here in Lahore or cities,.. only north is suitable ... it would have been better if she could have been mentaly prepared before coming to asian countries.. to prevent shock.",0,2024-05-25T21:00:44Z,True
@Id_give_a_sht,"It's hot, if its hard for you... you should visit gilgit baltistan, and must visit Karachi and peshawar for food, islamabad and kpk beautiful mountains place",0,2024-05-25T20:54:28Z,True
@hammad.chaudhary1,"Selamun Aleykum Sister Rebecca! I am also from Lahore, Pakistan 🇵🇰 living in Germany. We love to see your content and see you as our sister in religion now and love your mom as well as I am sure you already know. 
I hope you already made a list of all the 14 days, I belong to a lahore that is modern and not crazy haha, but I'd recommend you to visit crazy areas too and also the modern ones, it is a very historical and cultural city, try talking to more people or girls, it would be a good content and for more views.
Stay blessed and take care of your safety! it is safe but still.",0,2024-05-25T20:39:21Z,True
@AbubakarSadique-ns3vs,I am watching your videos when you are non Muslim. Can I invite you for lunch at Lahore?,2,2024-05-25T20:24:20Z,True
@Arz-kf8bh,Thanks sıster May Allah bless you and your family from Türkiye,0,2024-05-25T19:04:18Z,True
@anwaranwarrine3555,God bless you sister and your family ❤,1,2024-05-25T17:09:39Z,True
@amirgul4141,God Bless you sister and your family ❤,9,2024-05-25T16:23:02Z,True
@kb4432,The adhan is known as the perfect Dawah,80,2024-05-25T16:17:43Z,True
@champret81,just hoping that next time u can visit indonesia..aand have some nice view,1,2024-05-25T16:01:12Z,True
@manzoorahmad9141,"Sister ! With your Mom Warm welcome to Pakistan Lahore and to muslim community. May Allah Almighty guide to the  true relegion Islam and grant you and your mom steadfastness in the religion of Islam, may the end be in faith, and grant you a high place in Jannah al-Firdus on the Day of Judgment, which Allah Almighty has given to His beloved servants in the Holy Qur'an. Ameen Yaa Rabbal  Alameen 💕💕",86,2024-05-25T15:55:06Z,True
@fxn7279,I do hope you and your mom gets to enjoy Lahore despite the hot weather and the beggars harassing everywhere. The people seem to be really friendly and approached you respectfully.,6,2024-05-25T15:31:44Z,True
@AhmedYaar-hy7vh,Welcome to Lahore.I'm also from Lahore.,6,2024-05-25T15:23:10Z,True
@iftibaber,Try Pakistan clothes in Lahore many varieties of Pakistans clothes,28,2024-05-25T15:15:43Z,True
