﻿author,comment,likes,published_at,is_relevant
@Ali-ov8co,I have stayen in smart hotel at the corner of Liberty Market,1,2025-07-01T14:05:11Z,True
@usmancxn,It’s such a vibe hanging out at Liberty Market.❤🇵🇰,1,2025-06-23T10:29:44Z,True
@cristinafrancoencarnacion8953,"Creo que es el primer vídeo tan lindo que veo de Pakistán , exactamente de Lahore...",8,2025-03-25T23:15:49Z,True
@Rahulsinghrautela-wal,China 🇨🇳 city india city  gold city   very good Pakistan 🇵🇰 lands my family power 🎉🎉,0,2025-02-27T07:31:00Z,True
@nadeemmughal8380,Habibi welcome to Liberty 😂,0,2025-02-25T15:51:14Z,True
@princeentertainment1861,Beautiful Clean City Lahore,7,2025-02-01T17:14:31Z,True
@Dallasvibing,"grew up going to Liberty market... Shezan bakers r the best. sad to so much filth ... dirty people have arrived from villages and destroying Lahore.

keep it clean. ghaleez jahil log.",0,2025-01-09T23:00:23Z,True
@Dallasvibing,"alhamdollilah for Jinnah.

Pakistan ki Qadar Karo.

warna India ki tarah tension may hotay.",1,2025-01-09T19:48:09Z,True
@adaazainab5414,I love liberty market It's so fun being there!!!,0,2024-12-23T06:04:30Z,True
@dr.shahinrekha4054,"i stayedin sun Fort hotel,in basement big shop of salowar kamij,also vidit stylo shop",0,2024-12-21T10:50:25Z,True
@faizanahmad4516,kia mobile audeince ko show ho raha hota hai aap jub film banate hain ya movie ya vlog ya video..?,0,2024-12-07T05:42:48Z,True
@chemistryset1,"I was absolutely capitvated by this video.

A question to bilingual locals from Lahore: I see lots of women in this video with their heads and faces uncovered.
On the whole everything looks really chill.  Could I bring my teenaged daughter (from Australia) to Lahore without dramas? Or should I be careful?",1,2024-11-29T13:04:01Z,True
@jayakumarkannan7137,Love from lndia at TAMIL NADU it's really very GREAT to see Lahore Liberty market is very beautiful busy hours daily at all times. Everybody' is showing interest in purchasing their needs at the shops in Readymade garments and fruits and vegetables cheppals for their day today use. The people of Pakistan is always very busy in concentration along with their family to search for their welfare and happiness to purchase everything in the open market in the Lahore city. Just like in lndia and TAMIL NADU are always very busy hours in the Bazaar or  market to cater the needs of all people. I am really very happy and proud of the Pakistan people are living together with happily and they never wasted time unnecessarily. Mashallah gave this opportunity to me to know about the day today life of the people in Pakistan country at Karachi Lahore cities in walking tour. I am also very happy and satisfied to make a tour along with the people of Pakistan while seeing this video with pleasure. I dedicate this video to all my favourites STARS of Pakistani dramas forever mera lovely bety Hiba Sajal Ali Dure fishan Sarah Khan Neelam Munir Yumna zaidi Priyuma Vennila aur Priyamohan and so on. ❤❤🎉🎉🎉🎉❤❤❤🕌🕌🕋🕋🙏🏻🙏🏻🇵🇰🇵🇰🇮🇳🇮🇳🙏🏻🙏🏻🍅🍅🍅🍅🍓🍓🍓🍑🍑🍑🍎🍎❤❤❤❤🍓🍓🕊🕊🕊🕊🕊🕊🕊🕊❤❤❤❤❤❤❤🤗.,4,2024-10-23T07:01:12Z,True
@santoshbajaj9842,Jo lahore nahin dekhiya woh kuch nahin dekhiya,2,2024-10-18T11:41:58Z,True
@ayshadawood2021,Liberty kee jewellery dress very beautiful,1,2024-10-01T19:16:05Z,True
@blucodilla5036,"Pakistan's street food is a lot more presentable, and cleaner compared to India 😄😄",35,2024-09-16T08:18:27Z,True
@energylinesavtech4397,Lahore and Chandni chowk eateries are same,1,2024-09-09T09:05:51Z,True
@energylinesavtech4397,Lahore would have been more beautiful if with INDIA BHARAT,3,2024-09-09T09:04:16Z,True
@sssss-i1r,Sari cheezen India jaise hi hai bas two wheelers bhot Kam hai,2,2024-09-01T12:33:47Z,True
@Fdy125,Lahore has only people of Indian descent.,0,2024-08-07T13:10:54Z,True
@almasfromuk1075,"My husbands city , Lahore ❤",0,2024-08-04T16:23:36Z,True
@rafiqueimambaks6153,"From Hindustan Allahabad 
Pakistan is a very poor country and the roads are very old and unmaintained.
This Liberty market area are looking better, but data darbaar and old Lahore areas are the worst.",2,2024-08-04T09:05:02Z,True
@marinakhan3731,"Lahore ma tuh kaise kaise log rahte hain Jokers hn 😂😂mjhe zara b nhi pasnd Lahore,
From Peshawar ❤❤",1,2024-08-01T17:54:08Z,True
@unknownranger250,"Good video brings back my memories of my recent visit, just a tip at the start of liberty market there are shops in the basement which sell excellent crafts and its very different from the clothes/jewellery stuff!! do try to visit those shops",0,2024-07-24T16:36:37Z,True
@unknownranger250,that samosa place!! amazing memories i was fortunate to visit pakistan after 21 years in February! i left half of myself there..,10,2024-07-22T11:35:35Z,True
@realshariq90,very good work.... also do better quality of video,2,2024-07-21T06:31:32Z,True
@nayabshah2710,Wow Mashallah Lahore Very beautifull city 😍,11,2024-07-19T03:23:55Z,True
