﻿author,comment,likes,published_at,is_relevant
@BabarKhan-x7l,Heera mandi bhi Lahore Mai hai calls girl filim industry rent pe calls girls moujod hai😂😂😂😂😂Khan kilji advocate Yahan log bhut frodiii hai,0,2025-09-07T07:58:12Z,True
@juttestate,"رب دیاں رکھاں لاہور تے ❤
لاہور پاکستان 
FROM LAHORE PAKISTAN",1,2025-08-11T11:19:05Z,True
@BurhanRajpoot-v9o,Lahore is very beautiful city,0,2025-08-11T09:07:17Z,True
@MohammadYaqub-o7r,Abay.  Pagal.  Lahore. May.  Shia.  Sirf.  3.    Fisad.  Hain.   Wo. B. Heeramandi.  May.,0,2025-08-03T10:58:26Z,True
@jayakumarkannan7137,I am from lndia at TAMIL NADU l love all Pakistani dramas are excellent and MEGA HIT. I love this beautiful Lahore CITY is very beautiful with modern equipment.FAMOUS mosque is there and people are going to mosque to pray Allah looks beautiful.ln total l like this video is most relevant to all of the people living in Pakistan and in the world ❤❤❤🎉🎉🎉,2,2025-07-28T22:32:09Z,True
@rasmaDon-x3b,❤ I am Ali from Lahore Citi .thanks too is vedio .Bast food 🥑 and Great Citi Lahore Citi Pakistan .I like it 🇵🇰,0,2025-07-19T17:50:23Z,True
@Saira-w4l,The city where teachers are respected most,0,2025-07-10T17:18:47Z,True
@ShoredaShahzad-ex3yu,My ex frind was also living GT Road lahore pak but today i dont know whereabouts about her after her marriage.,0,2025-07-10T15:14:00Z,True
@Zainc42,"Nyc video ❤
kuch roads R trains lahore ki ni hain",0,2025-07-08T12:32:37Z,True
@BhattiRajpoot-i6o,I am live in Lahore ❤,4,2025-07-06T15:25:03Z,True
@Alijattt369,Beautiful Lahore ❤ I live in shah Jamal ichra 🎉,0,2025-07-02T10:29:24Z,True
@naveedkhan-be3ul,Very poor capturing of Lahore city,0,2025-07-01T12:04:17Z,True
@mianejazjattal802,I AM FROM LAHORE AND WE PROUD TO BE LAHORE,1,2025-07-01T07:51:26Z,True
@mianejazjattal802,I LOVE YOU SO MUCH LAHORE,1,2025-07-01T07:48:22Z,True
@SalmanKhan-su4kx,mera pyara Lahore love and miss my beautiful city from KSA,5,2025-06-30T18:33:44Z,True
@MdUmar-q5v,yahi agr india ma hoti to dekhty,1,2025-06-30T16:20:18Z,True
@tauheedahmadkhan9383,Is video me Lahore ki Heera mandi ka koi zikr nahin Kiya? Jis tarah india ke Har shaher ki videos me Kiya karta hai? Aur isi shaher me lakhon gadhy.khoty. zibah karky musalmano ko khilay gay.aur sabse zyada chor aur jhoty bhi isi shaher me rahty  hai.,0,2025-06-30T13:44:17Z,True
@muzamilmuzamilanwar6683,Beautiful city Lahore I am from Lahore,2,2025-06-30T02:09:16Z,True
@ShazaibAnwarShazaib-e5j,IAM from Lahore amazing and lovely information beautiful city Lahore,17,2025-06-29T09:10:19Z,True
@ShazaibAnwarShazaib-e5j,❤❤❤❤ good video of Lahore good work 👏🎉🎉,1,2025-06-29T09:09:36Z,True
