﻿author,comment,likes,published_at,is_relevant
@asadjamal5913,"Please don't encash your reputation and express truly and prudently your views and experiences and don't mis guide Lahore  public especially in breakfast especially your comments about desi chicken in purani anarkali very shameful for a person like you,a horrible experience 😂",0,2025-01-28T08:37:34Z,True
@videoventure2186,Esa khana kha kar acha kam kar hi nahi sakte ...burai hi burai niklegi...shame on you shame on your brutal society,1,2023-08-29T02:33:17Z,True
@mianumar6534,Ap Lahore mein ho toh darogawala stop per makhe ke paye khane ayen,1,2023-06-12T13:26:22Z,True
@azharmalik1230,Saqib Bhai Anarkali mae aek zamnae mae Fried Champaen Milan karti theen makhan mae bani hoee oska kuch pata kar saktae haen ? Pattun (leaves) ke ooper rakh k serve hoti theen,0,2023-01-11T14:04:37Z,True
@fakhirshahid7032,Nasir bong paye try kare ap,0,2022-12-26T13:30:03Z,True
@azizahamad1277,Ager ye paye nawaz sheriff khata ra tu pher yaqnan ye 2 nomber hon gey kun ka aik nomber cheez nawaz sheriff ke naseeb main nei ho sakty,0,2022-12-19T06:05:45Z,True
@adnanazeem2709,Saqib mobeen bhai as a Pakistani ma sirf yehi kahon ga ap mazay mazay ki video upload krtay rahien kiun k ye sari respy ma apnay ghar ma use k mazay leta hoon Alhamdulillah ❤️❤️,0,2022-12-07T11:16:03Z,True
@abdulvahid2893,Chutiapa km kra kro bhai .....chota bhai from delhi,0,2022-11-19T16:07:06Z,True
@mediapro798,Lahore ki kafi place chori he apne bohat mis ki he abhi kafi kuch baki he,0,2022-08-03T13:16:47Z,True
@muzamilgull4764,Es haleem wale location kia hai mai b eskay pas ja kar taste karna chta hon.,1,2022-06-17T00:20:53Z,True
@mahumadnadeen3452,Sir ak choti c baat bolni thi apki islah k liye k apne sunt b rkhi hoi aur sallam o alaikum nai bolte sai bola karen assalam o alaikum,1,2022-04-12T22:49:49Z,True
@shamarahim890,"Assalamualaikum bhai aapka saara video🎥 bht acha hai mashallah, lekin aap log Haleem mat boliye bhai please. Ye Allah ta'ala ka ism mubarak hai bht behurmati hoti hai allah Ta'ala k ism ki. I request to all muslims",1,2022-04-08T15:37:18Z,True
@waqarakramvlogs557,Kuky Apki Thumbnail bht acttractive hoti Ha.,0,2022-02-12T14:30:38Z,True
@ayeshabaloch7632,1 to ap ka payee ayee khata ap ha  mujha boht psnd payee Dil ayee,0,2022-02-07T12:26:09Z,True
@muhammadomerkhalid3092,"Tried this yesterday after watching your video but sorry to say it was not good. Too much spicy and taste was 30/100 at the most. 

Not recommended 

I hope more of your recommendations dont turn out like this.",0,2022-02-07T10:24:24Z,True
@goodarora131a,"I love to see the Lahore by your perspective, got emotional to feel the city of my forefathers. Looking forward to your future visit to India specialy Delhi. God bless you.",5,2022-02-03T11:51:10Z,True
@aqibchoudhry1850,Kya baat hai saqib bhai aap ki ma shaa Allah i really like your food vlog style unique without show-off.,1,2022-02-02T02:04:51Z,True
@imtiazahmad9624,I remember Bhaea g haleem in my school life from 1971 to 77. Thanks dear i will now visit anarkali to eat haleem. We used to eat haleem roll.,4,2022-01-29T20:34:40Z,True
@fayyazchef0,ASalam Walekum Saqib Mobin Sahab Kabhi hamare pass to visit Karen hamare  naam hai jaggi biryani Lahore railway station 2 Morya pull ke sat hi Gujja peeer darbar,0,2022-01-27T17:25:32Z,True
@vasanthkumarjayaraman6753,The signature food of St Paul's Karachi was bun chola during those days 1969/71 during my school days. Love from India,0,2022-01-27T06:13:19Z,True
@vasanthkumarjayaraman6753,Enjoying your program from Lahore just as Zia Tabarak of Karachi,0,2022-01-27T06:00:38Z,True
@anantamol,"Aapke yaha dishes to tasty hongi no doubt..but mehanga jyada hai...
India mai yehi plate 60 rs + 10 rs ki roti milti hai",1,2022-01-26T07:37:00Z,True
@Iamthewarner557,"*MUST DO THESE DHIKR OF ALLAH*
*SubhanAllah (x33), Alhamdulillah (x33), Allahu akbar (x34)* 
*Dont forget to recite after fard salah(Five daily prayer) and before you go to bed/sleep.*

Take Screen shot of this so that you don't forget and share to others to earn reward.",0,2022-01-25T17:45:45Z,True
@shan5597,Hi plz mention the google location of Siri paye shop.  Very nice work and love it,4,2022-01-25T14:20:04Z,True
@aargee1965music,"Yaar aap Hallem waale. Bhai ko mera personal hello..bolna..Banda Zameen...pur baitha hai...but TARBIYAT DEKHO...KENDEY 30 RUPEE WHICH WEE NAAN DE DENDEY HAI...RABB HAI YAAR..TEY OO WEKHADA BHI HAI...AAP UNKO MERA HELLO. BOLNA...Saqib  honey news which see Anarkali bazzar koi hadsa pesh aaya...Dhyaan rakhna..Tussi bhi Anduroon saaraa cover kardey ho.
Rabb maer karey.",1,2022-01-25T06:40:19Z,True
@islamichijamacentreofficia7082,Best taste in town,0,2022-01-24T18:49:23Z,True
@saimaarif7401,Or in chanday waly bhai k sath fish wala vlog,0,2022-01-24T17:27:11Z,True
@andregonsalvez9244,"Greetings from Canada  ! DELICIOUS I am hungry now, INSHALLA I hope to visit Pakistan in December 22 or 23 latest  .",1,2022-01-23T14:47:45Z,True
@bluemotion4111,"After soooo long some real natural Lahori  making food vlogs , keep up great work !",2,2022-01-23T01:34:07Z,True
@sheikhali3185,Sir g daleem misri shah ki b bht aala ea must try that too or manno k paye b kmaal ea near chamra mandi...bt time bht short ota manno ka early morning 4 se max 7 bje tk.. highly recommend,1,2022-01-22T21:57:33Z,True
@sheikhali3185,Saqib bhai tussi great o love to watch your video... Allah pk bless you n thank you for telling about hidden gems in Lahore 😘❤️,1,2022-01-22T21:41:36Z,True
@sanjitbose1,Additionally...suggestion that You have the talent to collaborate with chefs to inspire home cooks specially family audience ...,2,2022-01-22T16:20:00Z,True
@ahmarhafeez4201,"Ahmar Hafeez.
Asalamalaikum brother

Valencia may Rana Kay bhee chanee aur payeee try kareen.",1,2022-01-22T13:01:27Z,True
@bilalmohsin1,Saqib bhai........ Yar kindly in ur food videos aik adhi historic site ya shopping place bhi add kr lain... Especially itar and perfume shops,1,2022-01-22T08:42:46Z,True
@yasirchohan5741,Bhai chai tora sa agy MADINA hotel end majeed bakery k finger or sat,0,2022-01-22T06:25:34Z,True
@jhanzebbrohi4698,nice video Lahore really nice place for foodies.,0,2022-01-22T05:18:07Z,True
@mohdsamoon,India se kese aaye khane pata nahi kab visa open honge Lahor aane ka man hai paye khane😋😋😋😋😋,1,2022-01-21T21:30:53Z,True
@salmankhanDHA,"Brother u must visit one place in Gulberg main market right next to MCB bank , I m sure u never ever had that kind of food in Lahore before . Restaurant name is ص by saddique sons . I ll recommend u to try the mutton kunna, desi murg shorby wala and last but not the least mutton in kali mirch. Don’t forget to mention my name if u like that food . It’s a must try .jazak allah",1,2022-01-21T17:02:52Z,True
@ilovemadina3559,Humare India me Haleem to biryani KE sath khate Hain ya phir aise hi khate Hain kata hua  piyaz aur nimbu daal kar😋   aap naan KE sath kha rahe ho Bhai naan KE sath kesa lagta hoga 🤔 daal wali feeling arahi hogi 😀,0,2022-01-21T10:47:43Z,True
@MahiTerracegardening,Bhai log baki sab thik hai per 4 Pidhi se wahi choti si dukan samajh nahi aaya India me hota to pura chain khol diya jata example hai Tunde kababi aur bhi bahut hai,5,2022-01-21T05:49:35Z,True
@ussamahasan9688,Assalamoalaykum saqib bhai abdul malik bhai lahore me hi hain ya saudia chale gaye,0,2022-01-21T05:35:53Z,True
@hassanshah4079,Lahore was jolted by a bomb blast yesterday in Anarkali. Allah logo ki hifazat farmai,0,2022-01-21T02:35:47Z,True
@umair608,Yar what a vibe of Bazar anarkali,1,2022-01-20T19:58:40Z,True
@holic-gamingpk,Bhai Bach to Gaye ho na dhamake se,1,2022-01-20T19:24:34Z,True
@noumanmuzaffar9045,"ALLAH pak apko sabko or ham sabko apni hifzo aman main rakhay.
App sari subah anarkali phiraty rahay.
Stay BLESS",1,2022-01-20T18:59:26Z,True
@bintekhawaja8263,Sir apke vlogs ne na hum karachi walu ko na lahore k khanu ka fan bana dia hai 😅,1,2022-01-20T17:30:36Z,True
@muhammadsohaib9013,Good service for paitoos,0,2022-01-20T17:18:34Z,True
@shakir2292,"Assalamualaikum Saqib sahab
Jute utar kr khana chahiye",0,2022-01-20T16:36:14Z,True
@rummyseth1603,One of best food blogger in Pakistan 👍,1,2022-01-20T16:07:50Z,True
@walihaider995,Babar ki haleem beef ki best Jiya Musa shahdara lahore plz bhai ayo,0,2022-01-20T16:05:01Z,True
@walihaider995,Yaar bhai ap shahdara ayo babar ki haleem best haleem of  lahore,0,2022-01-20T16:03:43Z,True
@mdsadab2005,Bhaijaan aapne kab video banayi thi yeh wali. Aaj k din to bomb blast hui hain Anarkali bazar mein. Allah sab ko salamat rakhe,2,2022-01-20T14:37:52Z,True
@dharmendrarajput7399,Bach gaye bomb 💣fat gaya anarkali m,0,2022-01-20T14:35:54Z,True
@maniksabharwal115,Bhot badiya thand kay maze 👍,0,2022-01-20T14:05:42Z,True
@mohammadshia7790,Anarkali my aaj aap b they,0,2022-01-20T13:10:25Z,True
