﻿author,comment,likes,published_at,is_relevant
@ZainUlAbideen-l1w,Lahore so beautiful ❤️,0,2025-08-27T06:55:17Z,True
@kcsharuma4624,"Lahore city releted lord raam lovepuri is ancient name..by son love in Lahore fort a temple also..near city kasoori is another city son kush name
kandhaar releted Mahabharat kaal k duryodhan ka nanihaal..mama shkooni ki janam sthali....
Ramayan aur Mahabharat kaal me to 1 bhi muslim nahi thaa dharti pe...
kaayde aazam jinnah k purvaj bhi hindu hi thhey jenabhai thakkar meethi Bai maa baap gujrat k bijness man jin ka makan aaj bhi maujud hai bbc hindi full biography available padhiyega jaroor..
for more information googal search...",1,2025-04-04T03:35:13Z,True
@kcsharuma4624,"""Lahore.. bhagwan ram k bete love k naam pe rakhha city..."" jis ka ancient name lovepuri .kasor is another city kush k naam pe..love aur kush bhagwan raam k bete..
Bharat Pakistan k 90 percent muslim converted from hindu hi hain apne purvjo Ko trace kijiye 10 peedhi pahle hindu hi thhey pataa nahi kis majboori me ya talwaar ki nok pe apni Jaan ya apni bahan betiyo ki izzat bachaane k liye hi islaam apnaaya ho kyonki Ramayan aur Mahabharat kaal me to 1 bhi muslim nahi thaa dharti pe kaayde aazam jinnah k purvaj bhi hindu hi thhey jenabhai thakkar meethi Bai maa baap gujrat k bijness man jin ka makan aaj bhi maujud hai bbc hindi full biography available padhiyega jaroor Bharat me islaam kaise aaya googal search kijiye apna DNA jaroor check karwa lijiyega arbi iraani iraqki turki logo se bilkul bhi match nahi karta hai kad kaathi bhasha riti riwaaz sab bilkul alag hai arbi log to inko asli muslim maante hi nahi hai apne purvjo Ko jaaniye...
anybody reply kya Bharat Pakistan phir se merge hona chahiye?
Na koi border na vija na mahangaai aur na hi Kashmir ka jhamela kitna achha hoga?",1,2025-04-04T03:23:55Z,True
@afghanas44346,Wow a stupid Eiffel Tower in Lahore porkistam😮,1,2025-01-18T15:09:58Z,True
@MykelWerner,No conocía Lahore. En google maps aparece con 295 AQI (calidad del aire muy insalubre)😮 igualmente se ve muy interesante arquitectónicamente hablando.,0,2024-11-10T14:53:20Z,True
@me_akshit,"Lahore is beautiful ❤️ 

Love from India ❤️",0,2024-08-23T16:27:05Z,True
@anwarfellahi3673,i didn't know there's an Eiffel tower in Lahore!,2,2024-06-29T15:35:20Z,True
@SyedZaynBaaqri.110,I love my Lahore always ❤😊,0,2024-06-08T21:28:12Z,True
@ankitpal8965,Eiffel Tower Lahore?,0,2024-05-20T08:56:34Z,True
@Shanimalik.5,"the qoute about lahore is famous "" Lahore Lahore Ey ""and ""who Cannot See Lahore cannot born.",0,2023-08-19T05:28:08Z,True
@ShubhamDixitOfficial,"Lahore is like any other tier 2 Indian City, just a bit more dusty. Waiting to to get Lahore merged soon to India",1,2023-06-08T12:05:59Z,True
@sahankalhaara9980,Next time I'm comming butifull Lahore😍😘😘🇵🇰🇵🇰🇵🇰,1,2022-12-16T14:38:58Z,True
@clasherofclans69,Love lahore from peshawar pakhtunistan,1,2022-10-10T16:33:39Z,True
@helpmereach50ksubscriberbefore,Lahore Lahore a,0,2022-09-25T10:17:20Z,True
@aamiranwar304,Delhi City look like lahore city,0,2022-09-05T04:34:17Z,True
@muhammadshahryar1997,My city lahore,1,2022-08-28T04:42:59Z,True
@earnwithnoyon,"Lahore city ,,,, love from Bangladesh 🇧🇩",9,2022-06-06T01:48:08Z,True
@vikramyadav5686,"They destroyed the heritage of the City ""LAHORE""
SECULARISM IS PHYSICAL FORM was in the streets of Lahore.
Pakistani destroyed the rich heritage of the sub continent",0,2022-05-17T10:38:46Z,True
@Sharry220x,the biggest mosque of Asia,0,2022-05-17T06:39:52Z,True
@ayeesamirza2666,I love Lahore 🇵🇰❤️,1,2022-03-13T20:31:34Z,True
@prashant9246,This city not even stand with Noida Pak people comparing this old city with advanced new city Noida. Fool!,1,2022-03-10T05:17:57Z,True
@gkactivtyindia2566,Bohot badiya bhai...,0,2022-02-09T22:19:25Z,True
@arslanfaizofficial8352,Why you show only two area old lahore and bahria town many are missing,0,2022-01-04T07:48:23Z,True
@muhammadwasim504,"My dream city Lahore 
Love from Bhopal city India",14,2022-01-02T09:45:19Z,True
@रामनराघव,"Most famous pakistani city in India 
❤️❤️Lahore❤️❤️",1,2021-12-15T16:16:40Z,True
@ShahidKhan-eo3nb,Apne Mumbai k samne Lahore 2% ka bhi nahi he,0,2021-11-16T17:14:40Z,True
@rajazanawarkhan7,Beautiful Lahore 😍😘,1,2021-10-21T16:31:19Z,True
@mrmunirchanal7148,Lahore Paris of the East,1,2021-10-21T07:40:20Z,True
@maratha7890,Doesn't lahore has anything except one mosque and one tower?,4,2021-10-18T05:37:20Z,True
@princeK.05,Karz me dube desh me bhi ache jgh hote hain...shii hai yr,0,2021-10-13T16:04:21Z,True
@SHUBHAMKumar-qd1pi,Best city of Pakistan from my point of view,2,2021-10-09T10:09:14Z,True
@caramelyyy,"Wow Lahore is so pretty 🇵🇰
Love from India 🇮🇳🇵🇰❤️",100,2021-08-29T13:19:08Z,True
@Kushal_kumara_rao,Ram Bhagwan ke bête lav ke naam se pada ye city Lahore and Kush ke naam se pada kasur. 🚩,1,2021-08-14T09:34:57Z,True
@oldmoneyfella,"It's punjabi saying, ""Jinne Lahore nai vekhya/takeya O jammeya nai""

It means, if you haven't visited Lahore then you haven't visited anything. It shows how important and famous Lahore is, a person's life is incomplete without visiting Lahore.",2,2021-08-10T11:35:54Z,True
@gamingsultan1557,Its 5 percent of Lahore tour,0,2021-08-10T10:29:35Z,True
@imanagers-essentialsofsucc2139,"good shots. great timing & use of drone. WELL D
ONE",0,2021-08-05T06:57:39Z,True
@pakrail_104,Lahore is very beautiful city....pls show the cmplt lahore video,0,2021-08-01T18:07:48Z,True
@trainmasala2306,Are.... Lahore 🇵🇰 mein bhi Eiffel Tower!!!!,0,2021-07-26T15:11:07Z,True
@sheikhusman7061,"Thank you very much,It's very hard working for you to take very pretty views,Keep it up,thanks on making on Lahore :) ❤💞😊",2,2021-07-12T21:30:12Z,True
@haseen78,just three masjid in lahore?whera is data darbar and lot off bazar,0,2021-06-23T20:22:20Z,True
@footballlovers7787,Lahore lahore aaa,0,2021-06-18T11:28:22Z,True
@amantauqir942,This video mainly showed Old Lahore,0,2021-06-07T21:03:55Z,True
@arslanfaizofficial8352,Please sir show the skyline  of lahore in next video,1,2021-05-30T21:50:49Z,True
@atulchahalhr1657,Sasta mukhrjee nagar 😂,0,2021-05-23T11:32:23Z,True
@wouternieminen844,I am a foreigner in Pakistan. I want to buy a drone to use in Lahore and on hiking trips. Currently there are no drone laws in Pakistan. But I am very hesitant because of the unpredictable authorities here. Any ideas? Could i get license somewhere?,2,2021-05-18T18:24:31Z,True
@ZulfiqarAli-rh4ih,Lovely Lahore and  Pakistan 🇵🇰,3,2021-05-15T18:17:51Z,True
@अखंडप्रतापसिंह-ष4ख,"Separated by politicians, together with heart
Love from India 🇮🇳 🇵🇰",19,2021-05-12T02:20:47Z,True
@radharani-m2k3t,Lahore is Indian city in future......,0,2021-04-11T09:07:38Z,True
@Rehman33330,No liberty no Shalamar gardens no street food historic buildings and much more missing 🥺 but I appreciate🌝 great effort 😇,0,2021-04-06T23:45:19Z,True
@zarghunkan,"Bro you haven't shown 10% of Lahore tbh, you just shown 6 to 7 places of Lahore 😊",0,2021-03-30T17:17:41Z,True
@feruzakxocayevo1245,Very nice view.,0,2021-03-28T13:01:00Z,True
@purubiya,"City of Lav Kush, Lahore, Jai Sanatan Dharm 😍😍🙏",1,2021-03-12T19:44:39Z,True
@rohansawant921,Karachi looks more beautiful and planned city than Lahore . Lahore looks all cramped up,0,2021-02-14T20:51:32Z,True
@maverickishere11,"You have just covered three sites only. There's a lot in the city, the central business district Gulberg, Mall road, Stadiums, Arfa Kareem Tower etc",4,2021-02-05T18:42:19Z,True
@waqarbinjamil3577,Its only 3 places you show entire video.. Badshahi Masjid (King Mosque) Minaar-e-Pakistan (Pakistan Tower) and Eifel Towner(Bahria Town)..,1,2021-01-14T08:04:37Z,True
@wisdict8434,Mumbai drone view,0,2021-01-12T06:35:34Z,True
@harryharis9697,Lahore is Lahore .,0,2021-01-06T16:44:31Z,True
@LockheedmartinF22_,Very old city😂😂,1,2020-12-30T01:41:03Z,True
@faiqueali5746,Lahore Lahore he ❤️🔥,2,2020-12-25T09:25:05Z,True
@AtiqueMelic,"badshahi mosque is still beautiful after hundred of years, bahria grand mosque is nothing in comparison
mosque's shouldn't be compared but i just can't stop admiring the majestic beauty of mughal architecture",6,2020-12-18T13:22:08Z,True
@ahadaamir7900,I LOVEEEEE LAHOREEEE ....MY FAVOURIYE CITY EVER IN THE WORLDD.....EVER AND EVER,15,2020-12-17T04:58:38Z,True
@muhammadhariszahid5406,Lahore is absolutely Stunning 🇵🇰❤,28,2020-12-15T21:23:25Z,True
@dishadave2486,"Okay guys I. Am an Indian gujrati 
And I am crazy crazy crazy about lahore
I just wanna visit. Lahore someday it's my dream 

Ps plzzz don't comment anything negative love u all ☺",8,2020-12-15T19:58:58Z,True
@sahilsaleem6221,Lahore Lahore ae,1,2020-12-13T09:36:02Z,True
@suchhandadas2692,Lahore has ranked 1st in world's most polluted cities.,0,2020-12-10T05:36:28Z,True
@Earthen330,"Lol
Aisy lagta ha k me 20 saal purana lahore dekh rha hoon...new Lahore buht develop ho chuka ha...",0,2020-12-08T06:38:08Z,True
@md.masudrana6758,"Next video -Dhaka, Bangladesh.                  .....(drone snap)",0,2020-12-07T13:05:22Z,True
@vieuxbal1253,Great video. Never knew there was a replica of the Eiffel tower in Lahore.,11,2020-12-06T20:39:33Z,True
@gyansagar2039,Lahore bahut hi bada city hai lekin kafi poverty dikhai de Rahi hai,1,2020-12-05T16:49:19Z,True
@irfan99g,"LAHORE 🥰🥰
The great history of this city make me feel proud of PAKISTAN 🇵🇰🇵🇰🥰",50,2020-12-05T07:39:11Z,True
@hussainshahid400,This isn't even the 2% of Lahore,0,2020-12-05T06:51:45Z,True
@rohitpatel2046,Lahore is so close to indian border not yet so far,0,2020-12-05T02:56:26Z,True
@yuvraj_0_k,"Lagdi lahore diyaaa....    
🙏🙏",5,2020-12-05T02:34:13Z,True
@yuvraj_0_k,"Greenery thoda kam tha baaki perfect hai lahore 
😀👍",1,2020-12-05T02:33:48Z,True
@rnigam27,"The mosque just looks exactly same as Delhi's Jama Masjid... They have Eiffel Tower in Lahore ? Overall, looks beautiful..",2,2020-12-05T02:31:17Z,True
@DanirodrigueZzzz,"Mashallah 
Beautiful City 
Big love to my Pakistani🇵🇰 brothers from Indonesia 🇲🇨
🇲🇨❤️🇵🇰",126,2020-12-04T20:03:04Z,True
@armanalif5320,Make a video on Dhaka city,0,2020-12-04T19:35:39Z,True
@nasreenbaigum1532,Sir Karachi drone view please,1,2020-12-04T19:01:58Z,True
@zainulabideen9464,"Thank you so much for putting this video.
Shots are awesome and love the fact that you have added a traditional kind of music.
Much love from Pakistan.
One question i would ask is...whats your nationality ?
Keep growing.",3,2020-12-04T18:27:53Z,True
@shahamkhan7710,Sir please make video on Karachi city but not like this one because in this video you don't cover even 2% of Lahore city.lots of love from🇵🇰🇵🇰🇵🇰,0,2020-12-04T18:23:29Z,True
@md.mahfuzurrahman6414,"I'm waiting for Dhaka,Bangladesh video",0,2020-12-04T18:05:17Z,True
@hurairamuzammel8663,Why too short video of lahore??,0,2020-12-04T17:27:39Z,True
@hussainshahid400,"you can shoot more places like Gulberg, DHA, Jail road,Mall road and etc anyways good video 
Love from Lahore❤",1,2020-12-04T17:27:37Z,True
@freak8965,Thanks for showing a nice contrast between old Lahore and new Lahore ♥️,28,2020-12-04T17:15:34Z,True
@freak8965,The most important city during the division of subcontinent.....Lahore Lahore ey♥️♥️,6,2020-12-04T17:14:44Z,True
@Shahzaib_Niazi_2002,Bro you haven't shown even the 5% of Lahore.,48,2020-12-04T17:10:00Z,True
@shashwatpandey2797,This is boring  when you make drone view of Indian Videos For you do many hardwork for this video so I like it,1,2020-12-04T17:08:13Z,True
@m.qusain1241,"Bhot he bakwas video, only 1% Lahore cover ki he",0,2020-12-04T17:07:30Z,True
@m.qusain1241,Jiny Lahore ni dekhya wo piada he ni hova,1,2020-12-04T17:03:00Z,True
@hamidali4240,Lahore One of most historic city,47,2020-12-04T17:00:41Z,True
@QureshiProductionsOfficial,I was waiting to see lahore in 4k,32,2020-12-03T11:04:39Z,True
@mohammedsaad3766,Thanks for making the Lahore video,4,2020-12-02T18:36:26Z,True
@kpopindia636,Bhai lahore ke pass m bharat bhi ata h,9,2020-12-02T11:45:30Z,True
