﻿author,comment,likes,published_at,is_relevant
@zaimhamza76,Itne gandey toba Lal chatni samosa chatni😂😂😂😂,0,2024-06-22T02:32:41Z,True
@Ijazbadshaijazbadsha,Ya hamary ghair k pas ha or in k golpapy ala hoty ha,0,2024-05-31T16:21:18Z,True
@muhammadathar7088,"Not good. Not hygienic, Poor service. Better gol gappas are available in every corner of city",0,2024-01-19T13:36:38Z,True
@angelnaveed6925,Wast of money bhtt hee Bakwaas thy,0,2023-01-30T17:35:29Z,True
@zulqarnainhaider1720,ap sab shah g goll gappy lakshmi chowk near butt sweet ka goll gappy. kha kar dakha visit to my shop,0,2022-06-08T05:41:10Z,True
@dinossayrawr2486,These are fake reviews. Please dont go there as the taste is below average . I went there yesterday by watching this video and was hugely disappointed .,0,2022-03-18T13:21:19Z,True
@naveedmalik474,Islam poora jao lahori gol gappo per ap ko b taste ka pata chaley,0,2022-02-19T01:47:19Z,True
@naveedmalik474,Jin ko khaney ka pata nahi ha bs lakeer k fakeer hain log ku k jahan rush hota ha wahan log bhaagey phirtey hain,0,2022-02-19T01:46:56Z,True
@mansehra1000,Safai ka zara khial ni krty Lahoriye,0,2022-01-24T10:50:30Z,True
@abdulhaseeb3034,farag tareen bht hi meethy hoty han,0,2021-10-30T19:58:53Z,True
@Noorfatima-bl5bp,Shalamar chonk ma b molvi gol gapy wala bhttttt e testy h hoty 😘,1,2021-09-07T01:22:04Z,True
@Exploreasyou,The best thing he's wearing food service gloves,2,2021-09-06T21:39:42Z,True
@Buttofficial420,Gatiya tareen tast hai aur kachy chany hote gold gapy mein dalny k liye,0,2021-09-06T15:19:36Z,True
@mubeenashraf8442,Voice quality error,0,2021-09-04T17:20:52Z,True
@abdulhaadi6083,Lahore may hi butt siri paye b hay Rehman Street main amazing,1,2021-09-04T10:04:49Z,True
@awaismalik8586,Gol gappy ka taste nhi but pani bht tasty,1,2021-09-04T10:03:57Z,True
@Razaalifans,Really bohat tasty hain. Lekin in k main shop jo he wo gari shahu me hain,2,2021-09-03T21:52:23Z,True
@Aspecct08,Kindly pardha kia kare Allah ka wasta hai 🙏🙏,4,2021-09-03T16:34:24Z,True
@muhmmadrazwan7779,Best gol gappa Dharam pora thanay k sath lhr k sab jaga k gol gappy bhool jao gay,3,2021-09-03T15:19:14Z,True
@mahakhan2041,Lahore ma kaha hai,1,2021-09-03T14:16:43Z,True
@urdu_cover199,Urdu point  app ke videos bhoat achi hoti hain,2,2021-09-03T13:59:46Z,True
@samratahir9367,"V good taste

Our family always like it",1,2021-09-02T18:54:31Z,True
@abirakhanabirakhan830,Bht mzy k hoty hy in k gol gappy hm ny bht bar khaye hy,3,2021-09-02T09:06:40Z,True
@sajeelraza9246,Best gol gappy ever taste lazmi krain near MacLeod road,2,2021-09-02T04:38:19Z,True
@shumylakhaqan510,Lahore mein chatni thandi kyun serve kertay hein 🤔,1,2021-09-02T04:10:31Z,True
@sahimanjum5368,Lahore me sub se tasty gol guppye,0,2021-09-02T03:37:37Z,True
@ummehussain9385,Bhai sahab hmaray iqbal town nilam blok k gol gappay khain sb bhool jaingay.....,0,2021-09-01T22:51:57Z,True
@saniawaqar8473,Pory Lhr me sb se achy ha gol gappy. Hm aksar khaty ha bhtttt yummy ha😋,0,2021-09-01T22:05:18Z,True
@mkfashions2328,Kbi sialkot ao golgapy khilayn... golgapy hoty kesy hud pta chl jay ga,0,2021-09-01T21:46:42Z,True
@sugaryxsweetkitchen,Very tasty 👍🏻,1,2021-09-01T21:13:57Z,True
@letshitthebooks2668,Bhai ichhra usman bazar main molvi immran k gol gappay khao gay aapp sab ko bhol jaao gay is k sath hi Lado pithiyaan walay wo to zaika main poray pakistan main nahin chakha ho gaa,0,2021-09-01T19:33:39Z,True
@farooqfarooq6996,Location back of shobra hotel,0,2021-09-01T18:47:57Z,True
@TheMohammadDanish,"Nice to see Golgappa being sold in Pakistan. 
In India, the taste of golgappa changes in every state and they're also named differently.",14,2021-09-01T18:30:52Z,True
@AMGTECH_111,"All Pakistan m is s Acha aur tasty gool gapaa nahi mil sakta, chellange ha.",0,2021-09-01T18:30:25Z,True
@sheikhumar8761,"12 flavours in Golgapy 
8 flavors in water",0,2021-09-01T18:04:46Z,True
@sheikhumar8761,Dhrampura may ak Golgapy wla hy iska interview kry,0,2021-09-01T18:04:00Z,True
