﻿author,comment,likes,published_at,is_relevant
@Earningwallah-225,Lahore se acha hamara Kolkata ka street food hai. Visit karke dekh lo,0,2025-12-08T13:53:09Z,True
@FerozKhan-pc9qv,"Humm
Tujh se nahi ho payenga,",0,2025-12-03T02:28:35Z,True
@vijendrapuri5064,Lahore name on Luve- the son of Shri Ram,0,2025-12-01T14:22:10Z,True
@EjazBaig-zy9mr,"Wah kya baat hai lahore k rawaiyti khabay
❤❤❤❤❤❤❤❤❤",0,2025-11-28T20:27:09Z,True
@rikkimalik7354,"Lahore is dirtiest city in world.
Yyuuukkk",0,2025-11-14T11:31:06Z,True
@moviesstudiopk8499,Masha Allah Bohat khubsorat Lahore ki subha or Nasta,0,2025-10-31T05:17:26Z,True
@shambhukumar2286,Itne bade katore me ek kulcha bhai mujhe ye baat aaj tak samajh me nahi aayee pakistan ke street par milne wale food hamesha katore me hi kyu dete hain ?,0,2025-10-29T20:00:03Z,True
@aabidmirza3425,Lahore hai ya purani delhi 😂,1,2025-10-20T15:09:22Z,True
@aryakailash,Ek bhi dukan pe safai nahi thi. Kya haal kar diya hai Lahore ka.,0,2025-10-20T11:30:44Z,True
@4skydinesh,"Lahore ko banaya hindus ne. Pakiyon ki koi history nahi hai. Ha inko hum converted zarur kah skte hai. 
Pakistani aaj ki tarikh mai na pure hindu hai and na hi pure muslim, ye log bich ki category ke hai😂😂",2,2025-10-16T17:42:52Z,True
@lalitthakur3275,But bhai India me Lahore ka naam sunte hi hume SUWARO ki yad aati hai😅😅😅,0,2025-10-06T22:37:33Z,True
@DeepakTomar-ue1wc,पाकिस्तान में इतनी गरीबी है😢😢😢😢 india is the powerful country 4th world largest economy,0,2025-09-29T13:18:22Z,True
@smartlearning4968,"Lahore to bahot hi ganda laga..aaplogo k baja se, neat n clean to bilkul hi nahi hai, jab ki hona chahiye tha. Aur ye Hindu Ramdas bol na jaruri hai? Kitne back dated ho aaplog baton se pata chalta hai. Any way khate raho aur heart ki ilaj karane dusre mulk jate raho.",0,2025-09-29T11:58:23Z,True
@instynol9422,Before independance 1947 Lahore was Hindu populated area 💯🙏🙏🙏🙏🇮🇳🇮🇳🇮🇳🇮🇳,0,2025-09-28T12:21:44Z,True
@vikram4888,"Kash Batwara na hua hota,  to subha hum bhi pauch jaate 😢",0,2025-09-27T18:23:26Z,True
@PurPlebOOt,"I'm from India punjab , i have seen so many pakistani food videos ..I too remember this ' jedda lassi'  shop ...same kind of shop is in Amritsar too ...which is very famous..it's Gyani di lassi and Ahuja ki lasi..",0,2025-09-26T11:58:30Z,True
@NirmalSingh-mb5de,Jeda lassi shop bohat Naam hai,0,2025-09-25T13:45:43Z,True
@vikashagarwal7127,Not sure if I will be able to come and enjoy from India .. kash ki sab kuch sahi hota.,0,2025-09-23T17:01:17Z,True
@sanjaykhanna1632,My grandfather used to live in Lahore before he moved to India in partition. My father was born in Lahore and he was just 6 years old when they had to leave there house and shops in Lahore. Seeing these streets of Lahore is giving strange nostalgic feeling that my father and grandfather must have seen all these streets and must have tasted all these Lahori food. Thanks.,13,2025-09-23T12:28:31Z,True
@MdAbidSahab,Androon lahore is giving vibes of bhopal,0,2025-09-21T18:01:01Z,True
@shri0909,04:50 achha ji to julab ko bhi lassi manke pilo.......😂😂😂😂,0,2025-09-21T17:57:01Z,True
@brijtyagi7539,"Don't offend buddy but u should try indian food,,,,,if u do u r going to fan of Indian food",0,2025-09-20T09:25:35Z,True
@AmanSingh-or4jh,Ye naya vlogger hai bhai.....ise jeda lassi nhi pta....😂..main india se hoon mujhe pta hai jeda lassi,0,2025-09-16T15:37:22Z,True
@sanjeevdesai6698,"Lahore is a most historic city, &its khan is also historic.",0,2025-09-16T14:18:03Z,True
@maheshveerr,Masha Allah apne bahut achche tarike se Lahore ghumaya.thode logo ke views bhi lene chahiye the,0,2025-09-16T05:40:58Z,True
@darkguardianyt,Chane khaate time side wala aadmi uncomfortable ho gya thoda 😅,0,2025-09-15T15:06:04Z,True
@Mohammadimrankhan786,"Ye dieting wale log food vlog kyu banate hain samajh nahi ata, abay bhai bhar ke khale kilsa kyu raha hai, nakli sa lagraha hai",0,2025-09-14T14:12:49Z,True
@vineet1962,Lahore androon toh theek hai......par yeh bazar kitna ganda....gandagi bht hai,0,2025-09-13T12:32:02Z,True
@vaibhavkumar8133,"Lahore got its  name from luv, son of lord Rama( story in Ramayan)",6,2025-09-13T07:20:59Z,True
@Nad_khn,Bhai Lahore me 1 square meter jameen ka kya rate he,0,2025-09-12T13:52:39Z,True
@ashokrao2377,Assalamalekum n namaste pakistani bhayiyo aaplogonk khana o andaz o zaika maashaallah agar lahore nahi dekha tho kya dekha angrezonko humare logon k hasi khushi se jalan hogayi isiliye india pakistan banadiya chalo hum ek karenge❤,0,2025-09-11T17:49:14Z,True
@imtiazbaig-k5j,Hevis behaving like a foreigner just from karachi...etna khana to hum odisha mai kha le te hai...odish india,0,2025-09-11T17:00:10Z,True
@vijaykumarbanga1283,"Mustafa,
Good video
Pakistan  bahut peeche choot gaya
Lahore is a historical town but is looking like a dying city.
May you have a good govt and grow❤",1,2025-09-09T18:04:36Z,True
@RajkumarRajkumar-kn1zt,Lahore pura temple tha tum logo ne sab tordkee rakha hai tum logo ko uppar wala maff nahee karega,0,2025-09-09T15:32:42Z,True
@rajpurohit7992,"Lahor 🤔 The Battle of Burki (also known as the Battle of Lahore) was a battle between the Indian🇮🇳 and Pakistan Army during the Indo-Pakistani War of 1965 at Burki, The battle resulted in an Indian 🇮🇳 victory and a withdrawal of Pakistani forces towards Dograi. The Indian Army went on to capture Dograi on 21 September 1965 in the Battle of Dograi. Check factual history and not Papisthani 😊   Due respect to food 🙏  Not only in India 🇮🇳 or Papisthan but globally, each country, community prepare their traditional food and we Indians 🇮🇳 respect food to a great extent. Vande Mataram 🇮🇳🙏 
Jai Hind 🇮🇳🙏",0,2025-09-09T11:05:54Z,True
@kamlesh1712-e9i,Sab Bharat ka Diya hua lekar baithe ho salon khud ka kuchh bhi nahin banaa paye😅😅,0,2025-09-09T09:40:27Z,True
@DilawarRana-q9p,"Lakshmi chowk, Lahore👌 😮",1,2025-09-09T08:22:12Z,True
@ashishlahori3399,"Bhai ye toh kuch bhi nahi hai 
Agar naashte ki variety dekhni ho aur jabardast kuch khana ho chahe morning ho ya evening ho toh kabhi Ulhasnagar mein aana Jo ki Mumbai,India mein hai",0,2025-09-08T22:58:54Z,True
@FaisalAmeen-q7w,Lahore Lahore hy,0,2025-09-08T21:55:38Z,True
@UNOWN1606,"Dishes to places and places to buildings everything belongs to hindu ,
Lahore city and whole Pakistan belongs to hindus.
Islam nothing has to do with all those recipes, constructions , places.",1,2025-09-08T18:10:28Z,True
@AvirajAmitRathore,Iss gawal mandi ko kabza karne ke baad Ram Mandir Church bhuddhist monestry  gurudwara bnayenge aur masjid to 💯 percent  bnayaenge kyunki hum hindustani hai pakistani suar nhi hai. By the way we will ensure that jeda lassi is in centre point all the structures built by Indian regime. 😂,0,2025-09-08T17:53:55Z,True
@nozone-j4i,why does he sounds fake when he says mmmmm when he tastes food. Not all food taste seems fake. But few it looks straight forward FAKE.,0,2025-09-08T11:13:50Z,True
@انللہعلیٰکلشیانقدیر,Mashallah Sab chezon ke price bhi bata dejiye,0,2025-09-08T10:22:01Z,True
@shubhamk8975,Wait ! What ? Laxmi chowk in lahore ?  Are you kidding me ?! 😬,0,2025-09-07T20:03:30Z,True
@PankajTilwani-fy2yq,400 saal phly lahor ke logo ke naam kuch or thy ....sirf jaan bachane ke liye dharm chod diya or kuch hindu  jo bharat pakistan partition ke bad  lahor ruk gye unhone me bhi dharm convert kr liya,0,2025-09-07T19:34:03Z,True
@shadabansh4070,Bhai apka niwala kuch zyada chota nhi hai.? 😂😂,0,2025-09-07T18:15:41Z,True
@tinkushriwash8982,Subah subah koan mit khata hai yar ye to janwaro ka kam hota hai ani time gost khana chhi,0,2025-09-07T16:41:41Z,True
@zaighamthemanofhisword1213,Quality of Lahore food is way ahead than Karachi and it's expensive due to rich ingredients,0,2025-09-07T15:21:13Z,True
@zaighamthemanofhisword1213,Karachi to gareebo ka shahar haie sab kuch refined maie bikta haie not desi ghee as they don't afford it😊,0,2025-09-07T15:18:38Z,True
@DheerajKumar-kr9lm,Lahore is city of temple till 1947 500 temples more then 3000 years old,63,2025-09-07T14:59:48Z,True
@Aleem533,"Lahore, once celebrated as a culturally rich and historic city. It could have been a true powerhouse of tourism. heritage and centre of art lovers. Unfortunately, instead of modern infrastructure abd smart city planning, what we mostly see today is endless focus on heavy non-vegetarian, oily street food and superficial content creation. Compare this with India, where cities like Chandigarh, Gurugram, Noida, Dehradun, and Naya Raipur etc (more than 100 cities) have transformed remarkably in the post-independence era. Pakistan has not done justice to Lahore’s immense potential—it deserves far more than just narrow streets and food vlogs there! Thanks to the Blogger for showing real picture",0,2025-09-07T13:30:44Z,True
@mashhoodhasan7656,"Androon lahore dekh kar maza aa gaya laga ke main apne sheher bhopal main hi hun
..Love from India",0,2025-09-07T10:34:39Z,True
@Janaabhain,Abi poori ummah ka saara Imaan baas kawaab biryani musallam aur nihari mein rah gaya hai 😊,0,2025-09-07T10:11:01Z,True
@Beastbitesxyz123,V v good tour n vdo n foods n frie nds,0,2025-09-07T06:19:21Z,True
@vishnuthaker4167,Bina bal vala mard ganja ya takla hotahe or bina much vala tera sakib ka thobada Gaddhe jesa dikhta he 😂,0,2025-09-06T18:25:28Z,True
@SheikhMuhammadKhalid-v8e,Bahi 7 7 price Bata dy khanay ki,0,2025-09-06T09:21:33Z,True
@saketkaushik24,Taste nhi aaya,0,2025-09-04T17:34:29Z,True
@RonikSingh-j6j,Hamare bharat mai es se kahi behtr khane milte hai mai toh soch rha hu aisa khana pasand kaise aarha hai aaplogo ko Maaf krna lekin Pakistan bhut piche ja chukha hai ab Pakistan ka kuch ni ho skta😊,0,2025-09-02T14:04:17Z,True
@muhammadusmaan9159,Lahore Lahore ay,0,2025-08-31T16:44:58Z,True
@9ashokpuri,"Very nice video, lassi bahut aache lagi",0,2025-08-29T12:21:40Z,True
@Mohansingh-51,Wahh lahore is super city,0,2025-08-27T12:59:47Z,True
@cult922,"Dhang dhang dhang dhang dhang dhang dhang dhangg dhaan tana tana dhan tana tana tan tan tan, Ertugrul Ghazi khaye halwa poori.",0,2025-08-26T22:31:27Z,True
@zak-r7n,He behaves like he is he from  other country.over acting what is this what is this  I never seen this I don't know jedha lassi  full over acting 😂😂😂,0,2025-08-26T10:02:47Z,True
@AmirNawaz-j7r,Rajab family zindabad ❤,0,2025-08-24T08:03:49Z,True
@Ankitt_Arora8,"Lahore is named after Luv Baghwan , younger son of Lord Shree Ram ❤",0,2025-08-23T23:58:21Z,True
@A.S.H.D.jutt.1,I love lohari gate and Tari lassi wala,0,2025-08-18T21:16:39Z,True
@sandeepsrivastava8667,Lahore is most polluted city in the world,0,2025-08-18T02:08:26Z,True
@FaizanFaizi-p6l,Mehar bashir halwa puri,0,2025-08-05T23:40:51Z,True
@SHAH_G_GAMING75,I am from Lahore ❤,0,2025-08-01T13:04:32Z,True
@AnonymousUser-f1m,Best collaboration with mobin bro  happy to see historical places or Lahore love from india ❤,0,2025-06-10T19:02:23Z,True
@FarhanAsar,Salaam alaikum bhai I really appreciate your work pls kindly give me the number of Saqib Bhai bike driver cos he have information of Lahore pls,0,2025-01-20T16:39:12Z,True
@adnanqureshi1285,Koi Mujhe Bhi Lahore Ghuma Do Yr Delhi India 🇮🇳 Se,0,2024-12-25T14:41:37Z,True
@mechanicalexpert7715,Comment taste kaise pata chalega bhai 😂😂,0,2024-12-11T10:30:50Z,True
@ikcattleandgoatfarmslahore1218,Sparrow bites......tiny and Mini bites.....what are you doing Mustafa bhai......How can you check the real taste with these bites......?????You are not foodie and eatery habits are typically that of a Karachite !!!!!,0,2024-12-05T13:15:34Z,True
@ikcattleandgoatfarmslahore1218,"These small shops and stalls cater local residents of the vicinity.Very few of them are Talk of the Town....Hygiene and Cleanliness is ignored and neglected almost everywhere which is so unfortunate.
Milk used in Lassi is not  properly boiled and that is why this is not healthy at times as per standards....But from your point of view and Vlog .....Yahan sub acha hy.....You must highlight the shortcomings as well and this is how you educate people and It is a matter of realization....Good Luck.",0,2024-12-05T13:10:17Z,True
@Heaven-TV,One more video for historical houses of Lahore...plzz mustafa bhae.😊,0,2024-11-27T11:11:56Z,True
@sumairkhan2502,Lahore can't beat the taste of Karachi,1,2024-11-24T14:46:58Z,True
@saleemsayed1108,Full of Cloestrol..Lahore Hospital for heart ByPass R lined up for the turn.,1,2024-11-22T03:24:29Z,True
@aachaudry,welcome to lahore mustafa bro,0,2024-11-19T11:53:32Z,True
@whynotza1n,Kabhi lassi nahi pe isse bara burger koi nahi youtube par,0,2024-11-16T12:29:36Z,True
@ShoaibawanAwan-c8o,Bahi apko kx ne bola food vlogs bnane ka?? Jase CHOTI chriya kahti h😅,0,2024-11-14T15:15:28Z,True
@ChfaiqHaider,"i am from andron 
Lahore ❤",0,2024-11-12T20:03:37Z,True
@zubairkhan3844,"اسلام و علیکم 
Mustafa Bhai and Saqib Bhai Bhai ye to good ho gaya two legends in one frame 🙂👍👍👍 Lahore mein Faiz Bagh mein humari khala ka Ghar hai aur koi shak nahi Lahore mein khanay khabay zabardast koi shak nahi ❤❤❤",0,2024-11-10T10:50:03Z,True
@Seaizn,Lahore sy acha ha bai dubai jao wha mahol k sath sath mall b h bht,0,2024-11-07T14:47:56Z,True
@shiphakhan4096,Lahore ki ye jagah india ke old Delhi ke jaise hai.....wajeer khan masjid v Delhi ki jama masjid ke jaisi hai kuch kuch,0,2024-11-06T05:25:54Z,True
@abdul1840,"Dear Mustafa Hanif, 
You're disrespecting the food and insulting the food lovers by making tiny morsels. If you're on diet, please don't make Food Vlogs.",0,2024-11-06T00:53:30Z,True
@atyabshaikh4635,You are not eligible to do food vlogs,0,2024-11-03T22:01:10Z,True
@ABDULWAHAB-p2q,Meet with Hassan butt,0,2024-10-31T14:00:44Z,True
@shahanjaved6038,Lahore lahore aayy,1,2024-10-31T12:12:16Z,True
@sayyedarshad4590,India se hu per Lahore Pakistan meri jaan❤,0,2024-10-31T07:20:03Z,True
@Emam2812-y4m,Aik dam faarigh lassi hai sirf dahi mai cheeni daali Hoti hai.mai yaheen rehta hu,1,2024-10-31T06:56:01Z,True
@shaikhmuneeb9059,Bhai jaan Shukriya Lahore ghumane ka 🇮🇳🫶🏻❤️,0,2024-10-31T06:42:59Z,True
@JoniRaider,Mulna data shaib k mazar py b jao Jo main jaga hai Lahore me,0,2024-10-31T02:46:24Z,True
@zaidsaifee4085,Meet @yatridoctor he is a travel vloger he is in Lahore right now,1,2024-10-31T01:29:36Z,True
@khizarkhokhar2886,Lahore na hogya Sydney hogaya😂,0,2024-10-30T19:02:44Z,True
@FaizanAli-26688,mustafa bhi township main jayan please,0,2024-10-30T15:56:53Z,True
@muslimah9729,boht he maza aa gayaa pehly mujhy karachi any kaa shookk tha abhee lahore kaa bheee haaiii,5,2024-10-30T15:36:40Z,True
@Zarakkahnn,Mustafa bhai aik cheez jo kay must hai chacha Feekay ki peeray wali lassi.... Agar ho sake toh zaror try kare bohot unique hai.,0,2024-10-30T14:56:15Z,True
@syedm4u,dekha jis nay lahore nhi dekhya oo jmya nhi,0,2024-10-30T13:53:14Z,True
@shaikhfarhan7305,Mustafa bhai dr yatri se mile aap wo bhi lahore aay hue hai,1,2024-10-30T13:05:31Z,True
@fxsheikh8715,aoa ap hafiz chanay bong pay khey misri shah lahore,0,2024-10-30T12:15:41Z,True
@crazyplay417,I also hate Rajab family,0,2024-10-30T11:45:05Z,True
@fazeelfahad5392,Mustafa bhai maza agaya aj ke vlog mai wqi aisi feelings arhi thi ke mai khud lahore ghoom rha hn,0,2024-10-30T11:01:59Z,True
@qadrialtmash3389,Mustafa Bhai lahor me hoto data ganj bakhsh ki bargah me jaye plz,0,2024-10-30T08:37:08Z,True
@yuvrajsaraf9745,"Show history in a chronological order 
You only emphaize on islamic history 
History do not accompany any religion 
Say it as it was .
We all know who built Lahore.",0,2024-10-30T07:04:59Z,True
@asngaming8532,3:29 Juice bohat mazaydar hota hay us ka kiyou nahi piya,0,2024-10-30T06:51:15Z,True
@top_iii,"Jeny lahore wakha nhi o jamaya ni.
😄😄",0,2024-10-30T06:36:41Z,True
@athernaseem4091,Mustafa bhai aap khane peene ki videoz na banaya Karo kyn k aap foodie nahi ho,0,2024-10-30T05:47:31Z,True
@Zainnaveedczn,Are u in lahore mustafa?,0,2024-10-30T03:27:22Z,True
@sadafmohsin2529,Mustafa bhai ap lahore ki waris nihari zaroor try kejeaye ga best nihari near new  Anaarkali,0,2024-10-30T03:03:12Z,True
@It-is-my-work-portfolio,Assalam o Alikum ... Mustafa bhai  I am from lahore plzz visit  mansoorah lahore,0,2024-10-30T02:58:05Z,True
@anfalgodil8264,Bhai Lahore ka naam sun k osmunda se pehlae data shb yaad atae hae mustafa Bhai waha zarur Jana or mera Salam bi parish kerna thanks,0,2024-10-30T01:42:26Z,True
@umairbutt428,"""Jedda lassi...lagta hai mashoor hoga"" wah saying qayim ali shah k bete wahhhhhh yeh vlogger hai jisay jedda lassi ka hi nahi pata.",0,2024-10-30T00:10:35Z,True
@mohammadsumamaahmed1518,"Kia Mustafa bhai aise zbrdst khanae dikha ke maar hi doge 
Love from Hyderabad India",0,2024-10-29T23:14:34Z,True
@mastergaming8401,Show the modern side of Lahore too … lahore is wayy developed now ❤,0,2024-10-29T21:59:16Z,True
@mastergaming8401,Clean Green lahore … beautiful city,0,2024-10-29T21:56:45Z,True
@fardeensamoo8414,"Mustafa bhai AJ, se food vloger 🎉",0,2024-10-29T21:36:41Z,True
@KhanDada-j5c,Ye to kane pine ka vlog na bnai ap q k ap diet pe b or kane me chote chote nawale wallah maza ni ata ya food vloger ki tra kaya kro ya dieting kre ap,0,2024-10-29T21:32:53Z,True
@MominSheikh-nd1hz,Mustafa bhai ap food vlogger ban jao zyada hit ho jao gy,0,2024-10-29T21:23:44Z,True
@butfullstarz,"You are behaving like you came from America or some European country. Aur just was born last week.
Lassi kabi nhi pee?
Meethay Pura ka nhi pta ?
Jeeda lassi ka nhi pta ?
Dieting khrab ho jy ge?
Chanay aur halwa puri mix nhi khaya ?
Bhai to Rehri ko b cart Bolta ha 😂
Chalo at least you know huqqa.
So annoying the first time watching your video.",0,2024-10-29T20:56:28Z,True
@muneebmalik670,Masha Allah v.v.i.p setup nashta tha ❤❤❤,0,2024-10-29T20:40:17Z,True
@GhufarBaber-zw6xd,Androon se kalifa bakery ki badam katai b le kr janj thy,0,2024-10-29T20:12:05Z,True
@GhufarBaber-zw6xd,Main b lahore se hon,0,2024-10-29T20:04:31Z,True
@GhufarBaber-zw6xd,Ap ne pahly bataya he nahi ap lahore a rahy ho,0,2024-10-29T20:04:05Z,True
@AhsanAhmad-s3s,Bhai lahore aye howay ho bola he Lena Tha,0,2024-10-29T19:14:51Z,True
@humzaalli8638,bhai me rhyta he Lahore ho or mashallah ya Sab nashty ham roz karty Hy Allah pak apko hmesh Khush rakhy Ameen,0,2024-10-29T19:05:04Z,True
@meerolodhi6135,Jedhha lassi wale ki location Kya,0,2024-10-29T18:39:07Z,True
@SaleemAhmed-f4q,Mustafa bhai ap dubara Lahore adroon Dekho please,0,2024-10-29T18:38:39Z,True
@Islamicshorts-dm1yy,Mustafa bhai aap kitne din tak Lahore hain,0,2024-10-29T18:32:22Z,True
@Pardesimunda621,Lahore Lahore ay 😊😊❤❤❤❤,0,2024-10-29T18:32:05Z,True
@mahamudulhasan3697,"Mustafa bhai, the place is literally similar with Puran Dhaka, Bangladesh. Very much same to same.",0,2024-10-29T18:26:40Z,True
@gurpreetsinghgymlover7797,22 tci born ho gay ajj   lahore dekh lea,0,2024-10-29T18:22:03Z,True
@gurpreetsinghgymlover7797,Chrda panjab to Lahore hunda kash ❤❤,0,2024-10-29T18:09:31Z,True
@salmannazir6366,Mustafa Bhai ma Lahore sy hon ap muj sy rabta Karen me Ap ko pura Lahore gamao ga,0,2024-10-29T18:06:45Z,True
@AjjuBahi94-fb1lc,Mustafa bahi agar ap allama khadim hussain r.a k mizar py ni gy to lahore any ka koi faida ni please visit this place chowk yateem khana 😊❤,1,2024-10-29T17:44:13Z,True
@furqanrehmani7,Data darbar please,0,2024-10-29T17:33:57Z,True
@LateefKhan-c3m,Mustafa Bhai Ap Ishtema ka Leye Lahore agai ❤🎉,0,2024-10-29T17:27:19Z,True
@ZeenatEsmail,Where is Farhan brother I am sure he would have enjoyed all these food,0,2024-10-29T17:18:53Z,True
@MouhamadJasimvlogs9846,taste kaya pani pani ho gaya mooon,0,2024-10-29T17:17:43Z,True
@MuhammadFaisalchouhan622,Ab tak ka best vlog lahore mein bank ki training ke doraan lahore ko explore kia lahore lahore ey,1,2024-10-29T17:14:29Z,True
@mrsrashid5870,Ap ka Hotel kaha ha,0,2024-10-29T16:55:43Z,True
@mrsrashid5870,Mustafa  bhai mana ap se milna ha ma lahore  ma rahta ho mera naam loot ha ❤,0,2024-10-29T16:53:54Z,True
@abdulahadshyk0525,Mera bhi bhut dil krta hai k me Lahore k khany khao or nashty kro but life me nh aya Lahore kbhi bhi mera bhut dil hai or mene bhut name suny hain Lahore k khany k bare me k bhut bhut zabardast tasty hoty hain 😋😋😋😋😋😭,0,2024-10-29T16:51:05Z,True
@AyuanJaved,Butt siri pay lhoare Ram gali number 7,0,2024-10-29T16:48:18Z,True
@HamzaCommando5,VIP Video Androon Lahore,0,2024-10-29T16:46:18Z,True
@AshuThoughts3432,Zabrdst Lahore Maza agya video dehk kr👌 ❤ Lahore ki vibes hi alg hyn ❤❤,1,2024-10-29T16:42:26Z,True
@afzalmughal3567,G aya nu mustfa bhai ❤ welcome to Lahore ❤,0,2024-10-29T16:28:46Z,True
@hassanraouf3744,Mustafa bhai apki eye mai shyad koi infection start ho rha hy kindly chkup b karwa len .. lahore mai smog bht effect kary ge apki eye pe ..,0,2024-10-29T16:26:16Z,True
@Motor_vlogs_RC_Cars,"Can I meet you, my son is a big fan of yours",0,2024-10-29T16:22:12Z,True
@MohummadRehman-x5x,2 din or ghume ap Lahore ma maza aya is vedio ma boht,0,2024-10-29T16:20:18Z,True
@Makkijokhiolife853,Mustafa bhai bara ghost dekh kr khana samj gaye ho ge😂😂,0,2024-10-29T16:16:07Z,True
@mrpositive7937,Ya aap Al masud hote chane ke pass Sunday ko nashta karne Aaye,0,2024-10-29T15:55:45Z,True
@MuhammadShoaib-21,Next level vip setup vlog dishes are so delicious😋🤤👌🏻,1,2024-10-29T15:51:09Z,True
@mrpositive7937,Ma. be. Lahore ka ho,0,2024-10-29T15:50:23Z,True
@TalhaEdits2.0-s7i,Iqbal town bhi visit kren plz ❤,0,2024-10-29T15:50:06Z,True
@MuhammadShoaib-21,10:13 Mustafa Bhai Craving Hori Hai Bahut Vlog Se He Taste Karna Padra Hai😁😋,2,2024-10-29T15:47:36Z,True
@travelrecoil,No doubt Lahore ki khubsurti or iski vibes ki Kya baat hay yeh bhi hamara shahar hay bilkul different Maza hay but believe me jitna rush in tamam dukano pay nahi hay Mila k isay zayda rush ab yahan Karachi k restaurants may subha miljata hay bohat commercial hogya hay. Ab maray Bhai ispay jalay katay comments karaingay Mera maqsad Lahore or Karachi ka comparison Karna hay hi nahi yahan Lahore say kahin zayda issues hain ismay koi shak nahi but food ka koi comparison nahi hay ab puray pakistan may,0,2024-10-29T15:35:07Z,True
@Rajabbuttmarriage,thanks for visit lahore,0,2024-10-29T15:20:20Z,True
@amirinamerica1,"Next level breakfast ka scene that, super yummy ",16,2024-10-29T15:19:26Z,True
@aminagujjar7676,I big fan to Lahore,0,2024-10-29T15:13:45Z,True
@Kashifkhan-zh3ug,Mustafa bro apko farhan bhai ki ahhaa lagy gyi akeelay akeelay nashta phoor liya😂😅,0,2024-10-29T14:59:44Z,True
@TahirZebKhan,"Message to Mustafa Bhai

Assalamualaikum Mustafa Bhai,
This is Tahir Zeb from Lahore. I warmly welcome you to Lahore and would like to invite you for dinner. I also wish to show you my factory, where we are manufacturing next-level auto and home appliances parts with some innovative ideas. Please accept my invitation.

Looking forward to your response!",0,2024-10-29T14:56:49Z,True
@shaikhshadab5371,India se yatri doctor youtuber bhi aye hue h lahore un se bhi mil lo bhai,0,2024-10-29T14:54:44Z,True
@rehmanmadni1015,Itne din wait kya China ghoomne k liye or phir aj vlog lga to itna chota,0,2024-10-29T14:50:20Z,True
@fzn56-f9v,Family vlogs se hatt k kuch karey bhai try this new cities new food try karey,0,2024-10-29T14:41:05Z,True
@fzn56-f9v,Make more vlogs like this show the historical cities and their food,0,2024-10-29T14:40:19Z,True
@MyHome-m4,Mustafa bhai or chota niwala bane tah 😢😢😢,0,2024-10-29T14:29:49Z,True
@dr.safianiazi127,Maza agaya androon Lahore dekh kr Karachi se,0,2024-10-29T14:27:08Z,True
@mehranranavlogs,Mustafa bahi kise or ko chose karleaty ye Banda garoor  taqbur bohat karta ha or b to v loger thy Lahore main,0,2024-10-29T14:22:49Z,True
@RajaGamerz-d2j,androon lahore to a gaye hera mandi kab jai ge,0,2024-10-29T14:04:55Z,True
@anushamalik6360,Bay. Lahore ❤❤❤❤❤,0,2024-10-29T13:40:43Z,True
@muhammadsiddiq280,Hotel konsa ha ?,0,2024-10-29T13:40:34Z,True
@AsadKhan-y5g2f,AOA Zabardast Mustafa Bhai Abu Gee ki barkat sey  Real Lahore aap aur hum Sab ney enjoy kia,0,2024-10-29T13:25:45Z,True
@FakharAbbas-f7u,he is most famous lsssi wala in Lahore,0,2024-10-29T13:06:08Z,True
@shehzadsaeed768,Rajjab butt Family Our qaidi no 804 Spoter Like me ❤,0,2024-10-29T13:01:17Z,True
@azardarihussain610,Very good food Lahore,1,2024-10-29T12:55:33Z,True
@16ixisanavilkhan36,Bhaii India ke youtuber se mile jo lahore me hai abhi @yatridoctor Aur @navdeepsingh,0,2024-10-29T12:52:16Z,True
@jaffarx2,Lahore DEKH KR INDIA YAD ATA HAY HAR JAGA GANDAGI TUTI IMARTY,0,2024-10-29T12:51:07Z,True
@Naheed-o5n,lets vote for shalamar bagh,0,2024-10-29T12:46:57Z,True
@mohdsadaf31,"Assalamu alikim Mustafa bhai.....
I'm an proud indian muslim..... And always wanted to explore the culture and food of Pakistan..... And today when I saw Androon Lahore it reminded me of Old Dehli city.... It is exactly the same small shops and different nashata stalls and people are enjoying their breakfast on these streets..... This is purest form of the culture we both as the nation share....",21,2024-10-29T12:43:48Z,True
@Ajshorts041,Kisi Lahori Na Etna Chota Niwala Lety Dakh liya Tu Hassy Ga Ap Par 😂😂 Jessy ma Hans Raha hu😁😁,0,2024-10-29T12:35:51Z,True
@rajaumernawaz148,"LAHORE MYN 
Hazrat BIBI Pak Daman S.A 
Hazoor Data Ali Gunj Bakhsh R.A
Hazoor Allama Khadim Rizvi R.A or deegar Olliya Allah k mazarat pr b jaye ga ❤️🤲🏻",0,2024-10-29T12:24:26Z,True
@CrazyY886,Kha aap rahay ho taste mujhay AA Raha tha 😂,0,2024-10-29T12:16:06Z,True
@Manobutt804,Lahore metup 🎉🎉🎉 please 🥺,0,2024-10-29T12:10:58Z,True
@AbdulRahman-o5d9h,Mustafa bhae price bhi bataya karyn,1,2024-10-29T12:01:58Z,True
@asmamunir8785,"visit greater Iqbal Park, Badshahi mosque, Lahore fort, Mazar e Iqbal then enjoy food in food street with Badshahi mosque views",0,2024-10-29T11:54:43Z,True
@SabtainMalikbhawalpurpet,Mashallah nice vlog ❤❤❤ good khane Lahore,0,2024-10-29T11:54:40Z,True
@KhalidaBano-p3k,Mustafa bhai hamari resturant Hadiq foods par ana,0,2024-10-29T11:49:05Z,True
@MubashirHussain-w3d,Bhai hum rahta hi lahore ma han😂,1,2024-10-29T11:46:10Z,True
@SMALLDUCKY_BHAI,Ma bi lahore ma rahta hom,0,2024-10-29T11:42:18Z,True
@Zaidmemon-928,Mustafa bahi ap ka abu muja Sunday ko dekh hain masjid ma or apna Lahore ka hi vilog Dala hai ab bahi Karachi Mai hain,0,2024-10-29T11:37:28Z,True
@mohammedrezabadami8512,Why did u not go to junoon restaurant?,0,2024-10-29T11:21:20Z,True
@HassanBasharat313,Punjab ke District Jhelum Ma Rohtas Fort.Mangla Dam.Lamzi Visti Karye Hum Be Ap Se Mil La Phir...,0,2024-10-29T11:20:02Z,True
@alibaloch4658,Mustafa Bhai maza agaya AJ ka vlog dekh ka aisa lag raha tha ka main kud ghoom raha hoon sub se zaida mujhe lassi Wala setup baethreen Laga,0,2024-10-29T11:17:30Z,True
@thecreativeenzymes,Lahore kai loag khanay kai bohat shoukeen hain. Har ilakay main koe na koe mashoor khanay ka setup hai. Good Vlog.,13,2024-10-29T11:17:08Z,True
@sayyada0786,Pehli baar Lahore dekha acha lagg rha hai view😍😍❤️❤️,15,2024-10-29T11:15:19Z,True
@SyamZafer,Mustafa Bhai may ap ka boht bara fan ho from gulshan Ravi Lahore ❤❤❤,0,2024-10-29T11:13:58Z,True
@SyamZafer,Welcome to Lahore Mustafa Bhai ❤❤❤😊😊😊,0,2024-10-29T11:10:41Z,True
@davarahmed7290,"Bhai docor yatri se mil lijiye 
Wo india se pakistan gye hai
Wo Lahore me hai iss time pe",0,2024-10-29T11:06:48Z,True
@rahinasayyed4834,"Beautiful Lahore Beautiful Masjid ❤ 
Love from INDIA ❤❤❤",0,2024-10-29T11:05:21Z,True
@hafizumarteach943,Visit badshahi Masjid minare  Pakistan❤❤❤❤❤🎉,0,2024-10-29T10:53:20Z,True
@AtaButt-b5i,Aap lahore me ho 😮😮😮,0,2024-10-29T10:51:52Z,True
@Iqra-el7dn,Dunya ka ghatya tareen vloger 2 number trust chalany wala insan logo ki madad ke liye ni apny mafad ke liye trust khola hua in 2 nmbr logo ne or khas tor pe basit to sbse bada ghtya  2 face rakhny wala insan he bhot badi fan thi me ab bd dua deti ho in logo ko views ke chakky me bus chand peso ki madad krty ghtya log😡😡😡,0,2024-10-29T10:47:46Z,True
@ShayanButt-ic1gg,Bhai main Apke hotal ke pass hi rehta hu main apse milne zarur aao ga inshallah,0,2024-10-29T10:46:04Z,True
@adeelmushtaq2226,abhe bht kuch dehknay wala hey Karanchi walay bhai.Karachi food may best hey waisey,0,2024-10-29T10:40:17Z,True
@umarazhar5160,"Mustafa bhai i'm living in lohari gate lahore. you are Coming in my town i am so happy. I wacth your every single vlog.
I am welcomed you in my city. Plz af you are in lahore now plz meet me before going to karachi.❤",0,2024-10-29T10:38:56Z,True
@HamzaAsifKhano,Oy hoy kaash mujhy pehly pta hota ap a rhy ho khyr koi nhi karachi Sahi 😊,0,2024-10-29T10:34:43Z,True
@FaisalShaikh-n8k,Yar mustufa bhai ap ne phajjay kay paye nahi khaye ap kha kay to dekhen bht mazay kay hote hain,0,2024-10-29T10:33:14Z,True
@Abadilog,Assalam walekum Rajan family cover kam karo,0,2024-10-29T10:29:34Z,True
@sohailmalik1523,Bhot dil kra h ap k st hota mebi,0,2024-10-29T10:28:18Z,True
@umaidnaeem,Jab bhi koi dignitaries ya koi Badshah wazeer waghera India say (Dehli say) Lahore ki taraf atay thay to wo is gate say enter hoty thay that's why the name is Dehli gate safar zyada lamba hota tha to is waja say wo pehlay Shahi Hamam jaty thay wahan fresh hoty thay then agar namaz ka time hota tha to Masjid wazir khan ma namaz ada karty then phir isi say agay Shahi Qila ki taraf rawana hoty thay.,0,2024-10-29T10:18:38Z,True
@Trending-k4g,Can we meet in Gulshan park lahore,1,2024-10-29T10:09:30Z,True
@Hns-l5g,mustafa bhai harisa khane ajao ap ke hotel ke pas hai,0,2024-10-29T10:05:43Z,True
@Yasirkhan-1085,Mustafa Bhai lohore aagaye hen to KHALIFA ki Nankhatai zarur test Karen bohot testy he.,0,2024-10-29T10:04:33Z,True
@Trending-k4g,I live in Lahore Iqbal town,1,2024-10-29T10:00:39Z,True
@b.Vlogger-M,"A.o.A
Bhai I want to meet you please 🙏 please 🙏 in Lahore please 🙏",0,2024-10-29T09:59:52Z,True
@chashraf6478,Who hates Rajab's Family 👿💀💀💀💀,0,2024-10-29T09:57:29Z,True
@TahirKhan-go4lt,Lahore Lahore e 😊,0,2024-10-29T09:56:28Z,True
@tipsandtricks1075,"Mustafa  bhai  ap  ka  hotel  ka  name  kia  ha  ap  sy  milna  ha 
Big  fan",0,2024-10-29T09:50:16Z,True
@MATAMeHUSSAINI.,Hey brother please visit the badshahi Mosque,0,2024-10-29T09:47:13Z,True
@KaifAbbasi-i8w,bur chala gaya lahore😂😂😂😂,0,2024-10-29T09:46:15Z,True
@Sajal_care-bear.,I live in Lahore in sabzazar I am your big fan,0,2024-10-29T09:44:02Z,True
@alihayder3432,acha taste tha 🤣,0,2024-10-29T09:43:03Z,True
@awaisandayyan7803,Bhai Mai to Lahore rehta  حو,0,2024-10-29T09:42:08Z,True
@rookiestepz2692,Bhi aap kha agae lahore ap to kuch khaty hi nhi,0,2024-10-29T09:40:38Z,True
@30526,Lahore looks like Old Delhi.,1,2024-10-29T09:40:29Z,True
@mazharkhan-q6l,mustafa bai minar pakistan or badshahi masjid ka vlog bany,0,2024-10-29T09:38:15Z,True
@naeemmasood,mustufa hanif x saqib mobeen collaborate masallah foodies bang,0,2024-10-29T09:37:41Z,True
@RizwanSamoo-qq5el,mustafa bhai visi data darbar,0,2024-10-29T09:37:14Z,True
@AbdullahKing-s2h,Yr ham be lahore ma ha ap hamara pas ata yr full enjoy karwana thaaa ap ko❤❤,0,2024-10-29T09:32:40Z,True
@caraddict1400,"lahore valencia block p mein aik hotel hai udhar ki lasi pien
name yad nahi",0,2024-10-29T09:29:30Z,True
@IrtizaAli-k9w,I love mustufa family 0:22,0,2024-10-29T09:25:40Z,True
@YasirAftab-s9o,Zabardasti Old Lahore,0,2024-10-29T09:18:23Z,True
@zajvlog,Mashallah Lahore ghoom lia pura apki video mey maza ah gaya,18,2024-10-29T09:11:29Z,True
@HusnaZia-ny8kn,Bahi lahori zoo ke sayer karya❤,0,2024-10-29T09:10:50Z,True
@Hervloggingdiary,Welcome to Lahore Bhai❤,0,2024-10-29T09:08:31Z,True
@Naseer-ov6zd,Please met yatri docter he is in Lahore,0,2024-10-29T09:06:31Z,True
@AbdulRazzaq-u1r,Mustafa hanif bhai aap HN foods per jana,0,2024-10-29T09:03:19Z,True
@villageravikinaryfoodvlogg6833,"Tanveer hashmi ( kulcha seller ) Thora sa bhool gaye , das kulcha ram das ne banaya tha or ye 300 saal k qareeb purani dish ha , pehly lahore main koi 16 k qareeb log different  streets main das kulcha Bechtel thy , ab just un main se tanvir hashi aakhri reh gaye hain...",0,2024-10-29T09:02:44Z,True
@Huzaifa_Edit_Official5629,Oldest food street of Lahore VIP setup✨ Lahori nashtey ka heavy scene 😋 androon lahore,1,2024-10-29T08:56:12Z,True
@taufiqshaikh1662,Mustafa bhai yatri doctor se milo wo bhi Lahore mai hai Indian youtuber hai wo...,0,2024-10-29T08:54:18Z,True
@AhmadAbdullah-hn9qj,Yar ma bachpan SA Lahore ma Raha Raha hu 16 Saal SA . Par kabi android Ka chakra Nahi laga 😅😓,0,2024-10-29T08:51:20Z,True
@FaizanZahoor-s5y,Badami Bagh Mai hai,0,2024-10-29T08:48:54Z,True
@MUHAMMADALI3628,Taste bhout acha hai drinking rooafza😅😅😅,0,2024-10-29T08:47:46Z,True
@sarfaraz5327,bahot piyari galiya hain lahor ki❤😊,1,2024-10-29T08:47:29Z,True
@MuhammadAhmad42259,Welcome to my city Lahore Mustafa Bhai❤❤,0,2024-10-29T08:45:55Z,True
@ShaukiBhai,Mustafa Bhai agr AJ Lahore ma ha ap to please bataye meetup krna ha apsa,0,2024-10-29T08:43:38Z,True
@RiyazAfzal-m6c,Yr aap kider ho may aap ka bohot bara fan hu aap luhari ay laykin ham ko nahi bataya may lohari ka hu,0,2024-10-29T08:38:50Z,True
@MuhammadAhmedHamza-r3d,bhi lahore ma walton ma ao,0,2024-10-29T08:37:36Z,True
@ImanIzma-qq3gz,"Lahore the power after Lava
10:48",0,2024-10-29T08:33:26Z,True
@LICIOUS18373,RAJAB BUTT RESPECT ❤,1,2024-10-29T08:30:33Z,True
@MoizMughal-vt5kk,Mustafa bhai Lahore se ap ka bohat bara fan hu,0,2024-10-29T08:23:13Z,True
@seemaasif2567,Bohot shandar scenes thay.asal nashta to desi nashta hi hota hy.bread butter main woh maza lahan😊❤,0,2024-10-29T08:21:30Z,True
@CartoonShorts_43,Sir i am big fan man apky sary vlogs dekhta hu agar ap lahore ha tu kindly location bata de i wanat to meet you🥺,0,2024-10-29T08:16:53Z,True
@muzzammilabubakarqureshi1114,Lahore to Amritsar is about 50km  anyone across the border can share any videos about Amritsar food  does it identical or else ?,0,2024-10-29T08:14:06Z,True
@MisbahMudassirWorld,AP Kahan ruke hai Lahore me  mere Bhai ne AP se milna hai,1,2024-10-29T08:12:40Z,True
@syedabdulhadi216,Abdul Malik fareed bhi waha ki lassi piye hue hai,0,2024-10-29T08:09:41Z,True
@INOXENTBOY044,i am from lahore,0,2024-10-29T08:09:28Z,True
@fashiondreams123,app pura lahore ka tuver kare,0,2024-10-29T08:07:44Z,True
@Sunnyvlogging1,Mustafa bhai plzz sahiwal se b hote jana,0,2024-10-29T08:06:53Z,True
@SaurabhKumar-c6s6m,meet yatri doctor he is also is lahore,0,2024-10-29T08:05:25Z,True
@RaGa.Gaming.32,Mustafa bhai ap zoo jay lahore ky,0,2024-10-29T08:02:14Z,True
@Ibrahimsadiq-uu4ce,Mustafa bahi bilkol me 3 bar jeda lassi pine aya tha lakin lassi naseeb nahi hoy 😢😢😢,0,2024-10-29T07:57:28Z,True
@zainsagheer40098,Lahore Lahore hai ❤,1,2024-10-29T07:55:53Z,True
@humzakhalid8263,Chacha feeka ki lassi or pahje k pae b try kren ..,0,2024-10-29T07:54:13Z,True
@Rajabuttfamily,Mustafa bhai plz ap inko bolain apko usman ki bethak le k jayen andrun lahore u will definitely love that place log admire krty hain us jagah ko lekin hum lahori proud krty hain plz ap udr jayen,0,2024-10-29T07:52:43Z,True
@shahrozezaheer,What a bad time to visit Lahore... SMOG sy bura haal hua para hai.,0,2024-10-29T07:51:49Z,True
@_sheryy_,Farhan bhai or unke kharate🤣🤣🤣,0,2024-10-29T07:51:36Z,True
@daily_vocab-s1f,"Mustafa bhai, hm India wale jedda lassi ko jante hain😅... Aap pakistani ho kr nhi jante 😁",1,2024-10-29T07:51:12Z,True
@Gamingchannel-93,A jain ap ko Lahore ka nashta karwta ho,1,2024-10-29T07:47:36Z,True
@abdulahad1571,Lahore ki metro b try kare Mustafa bahi or double decker bus b zaror,0,2024-10-29T07:46:11Z,True
@umernoman9658,mustafa bhai go and meet up rajab butt lahore famous youtuber,0,2024-10-29T07:45:19Z,True
@toshifmirza6213,Assalamualaikum mutafa bhai ❤️ from india Collab with yatri dr if possible he is in lahore exploring pakistan,0,2024-10-29T07:44:42Z,True
@RAJABBUTT-c9y,Hello BHAI I'm big fan plz GUJRAT aani please 🥺 reply,0,2024-10-29T07:44:23Z,True
@imrankhanvlogs901,Mustafa bhai ap kabi morgha rawaplindi ma be hai ap ko nashta karway ap log,0,2024-10-29T07:42:35Z,True
@imranbaig7890,Karachi Naseeb biryani bhi hai hanif.....start mai multani murg chene k baad,0,2024-10-29T07:42:31Z,True
@usama46-v4f,rawalpindi   nashta    try,0,2024-10-29T07:42:12Z,True
@khurramjamil198,I am from Lahore and never been there,0,2024-10-29T07:36:37Z,True
@sidrabilal8290,Well come mustafa Bhai ap Lahor shai qila or badshai mosque b jaeyn.,0,2024-10-29T07:36:12Z,True
@Hammadjawaid3,Visit for small mosque shab Bhar masjid plz visit,0,2024-10-29T07:36:06Z,True
@rizwanabdaal26,vote for meet rajab family,0,2024-10-29T07:30:04Z,True
@BahadursherLodhi,Makhan wala nashta kre,0,2024-10-29T07:28:35Z,True
@MèhmetTïmur-007,"Lahore Lahore Hai.. 

Mustafa Bhai wel' come to Lahore ..",2,2024-10-29T07:28:06Z,True
@CricEditz_56yt,Who Hates Rajab Family 😡,424,2024-10-29T07:23:40Z,True
