﻿author,comment,likes,published_at,is_relevant
@muhammadanjum3177,Gupta  Wel come in Lahore,1,2025-12-04T18:28:07Z,True
@arslangujjar3193,Lahore has shown great hospitality... Weldone... Vikrant & Nikhil paa ji come again plz abii bhhhtttt log rehty ap sy milny k lye..,0,2025-03-26T15:46:58Z,True
@user-wz2gr4xh9w,"Pakistan m hinduon k sath bht discrimination hota hai,ye toh dikhawa hai",0,2025-03-17T15:17:31Z,True
@PDC_Sports,"Bechara Mehmaan Faqeer Mezbaano Ke Haathon Zaleel Ho Raha Hai Woh Bhi Anarkali Mein. 
Ghussa Aa Raha Hai En Mezbaano Pe.",0,2025-03-15T16:04:33Z,True
@SatnamSingh-pn7ob,"Punjab must reunite and Lahore and Amritsar must thrive again as twin cities. We are one race, religion who cares",0,2025-03-12T22:50:45Z,True
@appila2283,"Pakisatn is too expensive,cream roll 50 ka 🥴🥴",0,2025-03-10T17:26:13Z,True
@satishjeaf,Cream roll hmare 20 rupees me aa jata hai 😅,0,2025-03-09T04:58:12Z,True
@Nature_is_beutiful,0:15 india me creamrole nahi milteapne yahan to khub milte hain,0,2025-03-08T19:17:20Z,True
@SiddharthKumar-f8q4q,Vikrant Ali khan from Lahore 😅,0,2025-03-08T14:32:19Z,True
@neerajsingh3451,Creamroll in India 20Rs,0,2025-03-06T02:39:50Z,True
@rajendrajoshi1003,Liver ka dhayan rakhna 😂,0,2025-03-05T18:43:12Z,True
@shivanimaurya561,50 ka cream roll 😂😂😂,0,2025-03-05T11:02:56Z,True
@3SWAHAJ,kash india - pak ke relation accha hogatey tu  Aamm Adami to bohet faida hota. aur business be accha chalta,0,2025-03-05T10:38:58Z,True
@glimpseoftheday,Shoping krni ti tu liberty lhr visit karatay,1,2025-03-04T17:08:17Z,True
@AnkitSingh-ib6jm,Abe aise to normal shahar hote hain India me... ye hai lahaur 😂,0,2025-03-03T16:55:45Z,True
@balochi.zaalbol,Listen every out sider pakistan me kuch b khana ho sath me koi motion stop k medicine rakhna zaroor,0,2025-03-03T15:05:17Z,True
@ManojChahalRecipes,sir india me cream roll bahut milte hai.. bache khub khate hai..,0,2025-03-03T13:35:12Z,True
@ArifTaj-o3d,Well com to Lahore ❤,1,2025-03-03T12:31:19Z,True
@PritamKumar-or6ju,A futfat rady me bill fard raha hai,0,2025-03-03T11:21:18Z,True
@asifahammed6637,"We have unfortuantely missed out the oppertunity to explore each others country , beauty, culture , food, dresses ans fruendly relations due to the heinous politics by the heads of two countries together we could do so many great things and the fruendship we see in this video is all we have missed and it hurts.",0,2025-03-03T09:38:18Z,True
@hawkthegamer8714,Isi liye to indian team  ko pakistan nahi bheji kay itna pyar milega wahan per to public  ki ankhon ki patti na khool jae aur polition ki dukan na bandh ho jae😂,0,2025-03-03T03:49:06Z,True
@Thelionkingdom12,"Fittay munh anchor tera v.
Big love Viktant ji ❤",0,2025-03-02T18:22:13Z,True
@mohammedmubinmubin5620,"bhi hamare vikrant sir ku beaf biryani bi khalake bhejna😂😂,",0,2025-03-02T08:28:03Z,True
@amitdangwal3041,"Gaye Anarkali Market, Mil gaya Anardana 😅😂❤",0,2025-03-02T05:32:19Z,True
@Baljitsapra123,Ehde kpde v change krado jidn da aya ehi paye,0,2025-03-02T05:23:42Z,True
@alternateTimeline9,Oh pai inko lahore knaunthentic food b khilao,0,2025-03-02T04:09:13Z,True
@Biographia15,Happy to see them in Anarkali,0,2025-03-01T17:45:13Z,True
@mohammedashfaq3734,This hospitality by the Pakistanis will never be accorded to the citizens of other countries and it's the same in India. United by hearts but divided by borders.,0,2025-03-01T16:51:15Z,True
@Papa12976,"Vikrant bhai ko township header road ustad Gulla Pehalwan ke  khoye wale channe khilao bhai, kamal channe hain unke or unke bong paye bhi kamal hote hain",0,2025-03-01T16:37:05Z,True
@aanya-aarav1796,"I really wish that once in my lifetime, i would get an opportunity to visit Lahore.. Jin lahore nai dekhya..😢",0,2025-03-01T16:32:29Z,True
@aanya-aarav1796,Inko galiyon me street food khate dekh kar and shopping ke liye bargaining karte dekhkar lagta hai ki kitne down to earth hain.. I am not joking. I really felt sana bhai and others are really nice guys..❤ Not doing any showbazi..,0,2025-03-01T16:31:35Z,True
@dhirentripathi4394,Cream roll India mein Bakery pe melta  hein road pe nahi,0,2025-03-01T13:37:07Z,True
@IrfanKhan-b6h,Vikrant bhai love you ❤❤ mn Pakistan hota to zaror milta ap se,0,2025-03-01T12:13:16Z,True
@NaveenSah-p9t,Bharat mata ki jai hindustan jindabad ess sa bolo aa aab laut chalen pak ma bomb dhamaka hona laga hai,0,2025-03-01T11:30:40Z,True
@NaveenSah-p9t,Aadha mulk jin k haath ma kuch nahi enka compliment nhi chahiye,0,2025-03-01T11:28:49Z,True
@ZiaudDin-zi6qj,Yar nakhil ko to kuch khilaya hota,0,2025-03-01T11:09:54Z,True
@mashhoodalikhan4387,loved the way vikrant bhai has responded every passing fan for a selfie... loved his gesture and Cream Roll India m b milte h ...😀😀 thnks for posting this video,1,2025-03-01T10:31:00Z,True
@khalidrind4037,Vikrant sir abi tak ap lahore ma ho karachi ma es se b ziada Indian dishes milangy maza na aay pher bolna,0,2025-03-01T08:38:17Z,True
@4WheelsExpert,Bhai kuch khial karo ap kisi achie shops pey ley jaoo sedha landay pey ley gey hou🙄,0,2025-03-01T08:37:44Z,True
@Freeky27,Over priced .. Everything,0,2025-03-01T04:07:51Z,True
@Pritesh1947,Nikhil Naaz bhai ko India me chai tapri pe ghumna chahiye particularly Kolkata me. Har chai ke tapri pe cream roll pakka milega 😂,0,2025-02-28T22:05:03Z,True
@AbdulHaseeb-b4t3z,vikrant gupta sir plz karachi visit kro ap hamare guest ban k aow hamain b zra mehman nawazi ka moqa do plz🙏 big fan sir😍,0,2025-02-28T18:11:51Z,True
@azharmomin7166,Humara dil karta hy hum bhi lahore ghome 😢,0,2025-02-28T18:04:28Z,True
@kashmirtheheaven8360,Ye Pakistan ki galiyon me ghoom raha hai Bina security k aur team k liye ground b safe nahi afsoos inki politics pe,0,2025-02-28T16:56:09Z,True
@mahendrasinhchauhan3951,In India you will find cream roll in every backery.,0,2025-02-28T16:16:59Z,True
@r.kkumarkumarrajan7366,Street food aapke yaha bshut mganha hai ji,0,2025-02-28T15:41:40Z,True
@kishannigam5493,Pak wale aap bahot ache ho... ❤ from Indian,0,2025-02-28T15:11:38Z,True
@RajKumar-ht1bj,Ye Jo chuttiya bol Raha hai India mai cream roll nahi milta a Jana punjab 24 hours fresh roll milega tere ko kada karke 😂,0,2025-02-28T14:40:05Z,True
@rahulshakya7771,0:33 Anarkali k andar 😅,0,2025-02-28T14:39:58Z,True
@therealharshtiwari6505,Kash dono mulk sath hote ❤❤❤ 6:26,0,2025-02-28T14:21:11Z,True
@RaviLakshkar-c6e,Pakistani sirf sirf kamine hote h....,0,2025-02-28T13:41:06Z,True
@RaviLakshkar-c6e,Pakistani sirf sirf kamine hote h....,0,2025-02-28T13:40:52Z,True
@RaviLakshkar-c6e,Pakistani sirf dikhawa karte h like pane ko....warna hindustanio se nafarat hi karte h......bade harmi ....bade kamine hote h,0,2025-02-28T13:39:40Z,True
@mohammadfaisal7143,Nikhil k saath bhi khichwalo koi photo,1,2025-02-28T13:02:28Z,True
@ArslanNizami-dp5ew,"Sir in ko Lahore k kisi achy area me shopping k liye lay kr jay,yaha Kia milna",1,2025-02-28T11:48:39Z,True
@punjabiinjapan4890,Big respect to the cream roll man well done,0,2025-02-28T11:48:23Z,True
@kmm4824,Bhai Pakistan ka market stall india jaisa hi same hai😊😊,0,2025-02-28T11:30:55Z,True
@waqarashraf1569,Pura Lahore  ghoom ker jaye gaye lagta😂😂😂😂😂,0,2025-02-28T10:26:46Z,True
@mkkvkk4377,5:27 Le v Ban Gya VIKRANT Se VIKRANT BUTT ALI HAMZAA 😂🤣,0,2025-02-28T09:56:32Z,True
@surajjha7916,"Achi video bnayi aapne.Isse pata chalta h ki pak ki awam k dilon mein kitna pyaar h Indian team k liye, Indian cricketers k liye.Lekin kuch log h dono taraf jo kabhi nahi chahte ki dono mulko mein mohabbat faile warna unki dukaano par taala lag jayega.Lekin awam k dilon k pyar ko ye log kabhi khatm nahi kar payenge, negative log.",0,2025-02-28T07:42:54Z,True
@AjayYadav-ey9fy,Vikrant bahut besarm aadmi hai kuch din pehle kya bol raha tha pakistan ke bare me Sanaullah kha ki achai hai jo sab kuch bhul ke mehmannawaji kar raha hai mai hota to isko juta marta,0,2025-02-28T07:25:22Z,True
@rahulmangla992,Cream roll ni milte india me?? Kya baat kar di sir ji.. har kone me milta hai cream roll.. ab aap pata ni kaunse kone me rehte ho,0,2025-02-28T07:25:08Z,True
@amitchoudhary5417,India mai Cream roll nahi milta is kehte hai saste nase Bhai gadhe ki lind sungh k aaya hai ..India mai sab milta hai or Lahore se 100 times better,0,2025-02-28T06:16:02Z,True
@Factengine127,Why gupta is not covering ct on the other hand this guy Sanaullah is gaining views,0,2025-02-28T06:05:54Z,True
@VijayRaj-gi4vb,Mere chashma ne Delhi mein so rupaye milta Hai VIP 200 tak 2800 tak hota Hai,0,2025-02-28T05:49:23Z,True
@GAURAVKUMAR-nr3oi,Aabb team india me selection hoga 😂😂😂,0,2025-02-28T05:43:48Z,True
@chinmayyyyy,Visiting Lahore will be fun,0,2025-02-28T05:27:32Z,True
@aryansingh7188,Sanaullah vikrant ka naam pa khub view le raha h 😂😂😂😂😂😂😂😂😂😂,0,2025-02-28T05:21:52Z,True
@bhavimastana8445,10 rupees ka cream roll in India,0,2025-02-28T05:11:19Z,True
@AnshulTomar-x6h,"Sana bhai ka pahle bhi kaafi interview dekha hai mene......Ye kaafi achhi baatein krte hai or lehja bhi achha lagta hai jb ye bolte hai.
He is great guy❤",18,2025-02-28T05:07:30Z,True
@Sportnews-velog,"Sanaullah bhot kanjosi dhkai  apny
Enjoy oqat s zaida shopping krwTy enki bolti bnd hoti",0,2025-02-28T04:58:17Z,True
@HaiderArham-pc5vs,Mehman ko ACHA Khana khelao,0,2025-02-28T04:55:13Z,True
@shauryasingh1176,"80s , 90s mei bharat ke cities aise hote the. Ab vikrant aapke munh par to nahi kahega.",0,2025-02-28T04:27:34Z,True
@mrjj1173,"I can only say, same food same people, now different country due to politicians",0,2025-02-28T04:21:56Z,True
@ashissharma2266,MURKH VIKRANT PAKISTANIYON K JAAL MAIN FANS GAYA WO ISKI KHATIRDARI JAN KAR RAHE HAI JISSE INDIA K LOGO KO LAGE KI YE PAKISTANI BAHUT ACHHE HOTE HAI OR JAB YE VIKRANT AA SAKTA HAI OR RESPECT MIL SAKTI HAI TO AAP INDIA' KI TEAM KO Q NAHI BHEJ SAKTE HAI WO IS VIKARANT KO DIKHA KAR DUNIYA OR BHARAT KI NAJAR MAIN ACHHA BANNA CHAHTE H JISSE USE INDIA SE FAYDA HO OR FIR PAKISTAN APNA CHHURA GHONPNE WALA KAAM SIDE SE KARTA REHGA LEKIN YE SECULAR HINDU KABHI NAHI SUDHRENGE,0,2025-02-28T04:11:52Z,True
@ShanAlu-df7tl,Sari n ko sab radio se khilao ge ja Kisi five star hotel se bhi khana khila do,0,2025-02-28T04:11:23Z,True
@Sandeep2304Sharma,Shame on you shan. Aap vikrant gupta ko itna dikha rhe h jo pak ki itni bejjati karta h. Sirf aap apne views k liye desh se gaddari kr rhe h,0,2025-02-28T03:30:13Z,True
@farhadqureshi101,Pakistan ka khana kha kha kar pet nikal aaya vikrant sir ka control sir😂,0,2025-02-28T02:53:27Z,True
@vikashthakur3481,Is nikhil bc ko india mai cream roll ni bolte..waaah bc kuch bhi,0,2025-02-28T02:51:10Z,True
@axesingh5484,Sanaullah is wasting his time and effort for this guy.,0,2025-02-28T02:31:27Z,True
@JhanakThakur-i8g,Hamare yaha cream roll 5 rupya me mil jata hai yar 😂😂 love you india,0,2025-02-28T02:28:16Z,True
@JhanakThakur-i8g,Hamare yaha cream roll 5 rupya me mil jata hai yar 😂😂 love you india,0,2025-02-28T02:28:01Z,True
@NaseebrajputMall,Bhawan kar India Pakistan ka b ase  payer ho,0,2025-02-28T02:09:52Z,True
@krithikveer3355,"Really feeling super happy for the hospitality shown by Pakistani people … Indian team should’ve travelled over there .. I wish and hope Indian team travels soon …

Vikrant saab, Please show the same level of hospitality when our Pakistani journalists visits India",36,2025-02-28T01:33:45Z,True
@imranakram1718,Sana bhai lahore ki is buri jaga nai mili thi mehmano ko gumany ky liy..koi khyal karo sara lahore itna beautiful hy aur aap in ko ly ker anarkali ghum rahy ho,0,2025-02-28T00:32:02Z,True
@rvlifestyle9999,Oh yar glasses jeans etc.. bahi ko dynee thyy na why asking money bahi ko Karachi Lanna tha I am sure no one charge any single penny for anything food street mall or any where he is our guest our brother,0,2025-02-27T21:51:08Z,True
@UmairJan-i2v,Go to big mall bro,0,2025-02-27T21:46:50Z,True
@bhopabharwad8218,"Bc bekar log he saste news anchor ko b celeb bnadete hr 
Bhot piche he pakistan 
Paki. Govt nai sudhri or indian army pe atck krati gai to ye 50 sal piche ho jayenge 
Jay ho modi ji ❤",0,2025-02-27T21:08:51Z,True
@Anirban-n7q,Cream roll nahi milte kya aao kavi kolkata mai chutiya sala,0,2025-02-27T21:03:54Z,True
@RajaAsif-y1y,Team ni aye ya kiou a gya isy ni security issues gathiya soch k log,1,2025-02-27T20:39:59Z,True
@aliiqbal6310,vikrant has been treated like a celebrity :P . . Indian players would have been treated with a lot of love and respect. Pakistan is safe and this shows that average pakistani wants to see quality cricket.,0,2025-02-27T20:01:33Z,True
@muhammadaijazulhaq35,Bare bare kanjoos dekhe but ya sana to shaikh hi lag Ra ha . Is ki har video ma paise ki bat Hoti ha.,1,2025-02-27T19:55:07Z,True
@danishm.3417,"07:38:  ""Ap team lay kay nahin ay?""       Abay kon si team?    Kia Babar, Rizwan, Shaheen ki team is qabil hay, kay IND ki U-19 ko bhi tough time day sakay?   Pehlay Babar say Club cricket main bhi kuch centuries kerwa lay, aur Shaheen say 150 kph, phir dekhain gay.",1,2025-02-27T19:51:32Z,True
@siddharthtated,"Jhaaat barabar tumhara anarkali bazar , india ki joooti barabar hai … aise kapde , hamare yaha koi nahi pehenta …",1,2025-02-27T19:44:31Z,True
@PreetiKewat-b8i,Hamare yha india me cream roll 10 r ka acha wala varna 5 r me bhi mil jata hai 😅,2,2025-02-27T19:38:45Z,True
@divyanshurai5824,"850pkr= 265 inr i
Itni sasti sahi hai 
Yaha to loose fit mein 600INR se shuru hoti hai",1,2025-02-27T19:34:00Z,True
@wajihafarhan232,sir karachi main bhi hai food street🎉🎉🎉🎉,0,2025-02-27T19:31:30Z,True
@officerscabin8754,India me cream roll nhi milte 😂..pagal ho gya kya vikrant,0,2025-02-27T19:28:53Z,True
@danishm.3417,"ANARKALI  AUR  PAK  TEA  HOUSE  UJER  GAY:               Is tajir aur tehzeeb-dushman sarkar nay her mumkin koshish ki hay, kay Adb-o-saqafet ka qala-qama ker dia jay, isi liay door-daraz kay paharon-bayabanon say tehzeeb say ari log la-la kay LHR kay dil main basa rahi hay, jaisay khud say nafret ho.        
            Yea Anarkali Adeebon-Shayron ka markez tha, jo Anarkali kay pehlu main waqea Pak Tea House main adbi mehfilain sajatay thay, jin kay qissay hem aj bhi perhtay hain, laikin ab wahan in siasi sukan-daron kay pahari yaron ki smuggl* kay kapron ki dukanain hon gi.",1,2025-02-27T19:25:24Z,True
@alitalkssports1615,"Bara e kou kanjoos banda hai ye jo  
Sath paksistani hai vibrant bhai k mein hota to paiso ki koi bhi baat e 
Nahi karta",0,2025-02-27T19:16:01Z,True
@yuvrajpurabiya2223,Nikhil Doordarshan wahiyat Tha vaha jaakey oodhar ka hogaya 🤨🤨🤨,0,2025-02-27T19:13:43Z,True
@prodevesh718,India main cream roll nahi milte 😂😂😂😂😂 abe kya bol rahe ho 😂😂😂,0,2025-02-27T19:06:35Z,True
@danishm.3417,"ANARKALI  KO  SAF  KON  KARAY  GA?                   Is jali hukoomet ko aj tek yea taufeeq nahin huwi, kay Anarkali Bazar jaisay aihem tareen saqafeti markez, jis kay pehloo main Punjab University Old Campus aur King Edward Medical College, aur is ki aik gali main Oriental College jaisay tareekhi taleemi idaray hain, ko na-jaez tijawizat aur mashkook afrad kay thailon say khali ker sakay.    
        In logon ko ser pay latekti bijli ki tarain bhi kabhi nazr nahin ain, jin kay neechay say guzartay dil haul khata hay?      Yea haweneq sara din kertay kia hain, kay yea chotay-chotay kam bhi in say nahin hotay, yan yea mentally retarded log hain?",1,2025-02-27T19:04:40Z,True
@yugalkishor9697,"Sana -""Team to bahar ho gayi ab vikrant milk hoon""",0,2025-02-27T19:03:52Z,True
@moosasheikh6023,"Mind mat krna agay kay lye naseehat smjh laina SANAH BHAI kbhi bhe rate ask nae krtay mehmaan kay samnay naa hee pochtay kay aap ye khao gey aik aik sey,bss laikay daitay kisi b haal mai,dil gurda bilkul nae apka Sorry naa hee tor tareeka",0,2025-02-27T19:03:52Z,True
@mohammedzafar9234,Bahut achche insan Hain Pakistan me sab bure insan nahi hote,11,2025-02-27T18:59:14Z,True
@MsRobin11111,Bikrn don't come India where is ur security India team n people need security haha.....u need view fuck off,0,2025-02-27T18:54:05Z,True
@hamzakhandiaries,9.20 pe mujhe laga mujhse poch raha he hamza tumhe khana he kuch,1,2025-02-27T18:53:21Z,True
@danishm.3417,"ANARKALI  KI  TABAHI:                           Anarkali Bazar to Lahore ka bhi dil tha, yahan ki romanwi fizaon, khusoosan sardyon ki say-pehron aur shamon kay qissay to baray-baray adeebon nay bayan kiay hain, ab yea Sarhed aur Afg kay ganwar pahari log yahan kia ker rahay hain?       Is mulk main hukoomet nam ki koi cheeze hay bhi, kay aisi wahyat saqafeti yalghar honay di ja rahi hay?       
          Is looli-langri hukoomet nay in pahari logon ko yea dukanain khareednay hi kaisay din?    Kia aisay jarehana saqafeti hamlay bardasht kiay ja sektay hain?       In mashkook logon say poocha, kay in kay pas yea mehngi dukanain khareednay ka pesa kahan say aya, yani money trail?       
       Yea sab jurm ka pesa hay, maslan manshyat, aslaha, Afg Transit Trade, car-chori, aghwa-baray-tawan,... aur yahan mazeed jaraym ki nash-o-numa karay ga.     
Yani, LHR is fallen!",1,2025-02-27T18:52:50Z,True
@SantoshSingh-yc8nx,Itni izzat to inhe yeha kbhi nhi mil payegi sach me jitni pakistan m mil gyi. Mera aj dimag aur khayal dono change hua ye dekh ke,79,2025-02-27T18:49:27Z,True
@dhillonsydney3644,Vikrant ko lahore se independent  election  ladwao jitne iske fan hai mujhe lagta hai ye jeet jayega seat😊,10,2025-02-27T18:41:54Z,True
@CnzfnnDharf,Vakai Pakistani log Dil ke bade acche hote Hain,53,2025-02-27T18:38:14Z,True
@swadishtunofficial5843,india ke cream roll nahi milte😂😂😂😂😂 yeh log pehle india hi nahi ghuma hai😂,0,2025-02-27T18:34:36Z,True
@aky12yfgfdgkjgj,Tharki Halvai EP1 Makhan Hot Hindi Web Series,1,2025-02-27T18:30:01Z,True
@PritamKumar-mx8vr,Udhar BBN WALE FRASTRED HO RAHA HAI......😂😂😂😂😂,0,2025-02-27T18:29:35Z,True
@ZainabgulabZainabgulabdeen,Yar Banda pahle toh bta Dete ha ki humne Anarkali b Jana ha 😢,0,2025-02-27T18:28:20Z,True
@danishm.3417,"Lahore to Punjab ka dil hay, is main adhi dukanain Afg 'bhayon' ki kaisay ben gain?     In siasi panah-guzeen kay pas itna pesa kahan say aya?      Kia is tareekhi aur khoobsooret shehar ko Kabul yan Peshawar banana hay, aur Anarkali jaisay tareekhi bazar ko Peshawar ka Qissa-Khwani Bazar?          Yea kaisi wehshyana saqafeti yalghar hay?",3,2025-02-27T18:24:00Z,True
@kishorson3553,sir i am from hindustan odisha bhubaneswor  🇮🇳🫡 fir v wakeiyi ap ki bat Aur meheman nawaji ko salam Yarrrrrr 🫡 Ek bat Ham logo ka Andar Soch sab ek hi Agar Aj India aur Pakistan milke Akhand Bharat hota to kitna khush hote ham 💚,0,2025-02-27T18:19:18Z,True
@sidhikal8510,Nikhil ji Pakistan ka khana khane se pehle pulwama attack Shahid javanon ko thoda yad kar lijiye 😭😭,0,2025-02-27T18:17:51Z,True
@prrrr.....s,INDIA SE BAHOT SARA PYAR AAPKO,15,2025-02-27T18:15:44Z,True
@kingsstudio2721,sana bhai lahore m bohat famouse khany peny ki jagah hy our purani woh bhi inti mehngi nhi ap ko lahore kay  bandy ko sath rakhna chahey tha jo ap ko mazeed achi jagah per le jata jaha lahiore kay siri pay our murgh chany our bohat desi khany mil jaty,0,2025-02-27T18:13:09Z,True
@mukeshpannu2033,Yah anarkali kanha s laya gupta meenabazar s😂😂😂,1,2025-02-27T18:10:30Z,True
@acommonmantalk9663,Vikrant sb real foodie… Mr.Sanaullah didn’t take the risk to eat from a roadside food stall 😂,13,2025-02-27T18:05:33Z,True
@AzharAli-kx5yw,"Kaash,hamari establishment aur india ki politics baaz aa jaye to AJ hum border k aar par aa ja sakty,",1,2025-02-27T17:57:00Z,True
@sandhugo,Jinney Lahore nahi vekhya jammya nahi . Ajj vekh leya !! ❤,71,2025-02-27T17:55:06Z,True
@FahimAhmad-h8t,Lahore chai bohat mazadar hote hai,0,2025-02-27T17:54:09Z,True
@btxgamerlive,Sanaullah bahi kuch dila do yrr itni khunjushi b achi ni ha 😅 kya cream roll khila rahe ho,0,2025-02-27T17:52:33Z,True
@talhashabbier4369,Hba Services(YouTubers) Peche khada tha Kisi ne note kiya,0,2025-02-27T17:50:28Z,True
@dhananjaygaur7120,India mein cream roll nhi milte Hain what a joke 😂😂😂😊,0,2025-02-27T17:49:29Z,True
@mamoonsohail7301,Gupta Saab Lahore  main kafi haran are insecure  nazer a rahy hain,0,2025-02-27T17:47:31Z,True
@prateekm2k,Sana I started watching ur videos to get stadium updates. And now it's become part of my daily routine to see ur video.. there is an innate kindness in you which draws the viewers to you 😊,34,2025-02-27T17:42:10Z,True
@deepaksingh9885,Kha le ja rha hn ye sasta dhud rha hn koi nhi pesa aata 200 ru kg,0,2025-02-27T17:41:53Z,True
@Mapies,Basically bhai bohot ache h yaar,0,2025-02-27T17:41:03Z,True
@vandinisalons550,"Vikrant beta tu aur Nikhil India aa to sahi dono ...Allah malik hai tumhara 😡 akshardham , pathankot, Kasaab aur mee india ke fauji tum dono ka wait kar re 👍",0,2025-02-27T17:36:11Z,True
@ajeetbhardwaj7314,Sana bhai bhot pure hearted person ho app love from India ❤,7,2025-02-27T17:32:37Z,True
@BabluKumar-jq7yb,Ye vikrant gupta kya ghatiya inshan h jo bolraha h India  m cream roll nahi milta  hamre bodhgaya gaya me aja Ration  ke dukan pe bhi mil jati h third class banda h vikrant gupta,0,2025-02-27T17:26:01Z,True
@raahehidayat4004,"Toba hy sana bhai ap apko to 4 kareem roll mhngy lag rhy hen apny na khud khaya na dost ko khilaya or na cameraman ko, dost or cameraman to apke pochny se phly hi na kr dety hen bichary...😂😂😂",0,2025-02-27T17:22:56Z,True
@rahulverma5397,"Sana bhai aapka Dil bhot bada h, wakai me 😊🙏",5,2025-02-27T17:21:57Z,True
@HumnityFirst,Jisko yha kuttaa ni puchta udhar pak me pujja ja rha h 😂,1,2025-02-27T17:18:03Z,True
@Roblozx131,Yar sana bhai price kiyo pochte ho,0,2025-02-27T17:15:45Z,True
@muhammadwajid7626,Ana Jana krdo bs bht time hogya khtm krdo ub nafrate or Mar jaege to afsos hi rhe jaega k jaha see pyr milna ta waha tk jaa hi na sake Allah tala India pak ki dosti krwa dy sab k ana Jana ho jae bss,0,2025-02-27T17:11:53Z,True
@vishnushukla2890,Ajj samgh aaya pakisatani dil ke bahut acche hote h ye dono desh ke miedia hum bhaiyo dur kar diya h,56,2025-02-27T17:10:40Z,True
@vv9730,8:00  SAARE CHAATNA HAI ESKE CREAM ROLL....,0,2025-02-27T17:02:48Z,True
@VVanshVlogz,India ma Cream roll her jaga milte hai jooth ki b hadh hoti hai sala issa kr raha jaise USA se aya ho,0,2025-02-27T17:01:29Z,True
@tanveershehzad8025,Vikrant sir aye hum Pakistani isy se Khush hain kaash Bharti team bhi aati...tu Maza hi alag hona thaa.,1,2025-02-27T17:00:02Z,True
@Gouti-h9o,Meri gaon ki yaad aa gyi bilkul gaon hai Lahore,1,2025-02-27T16:59:44Z,True
@vv9730,1:10 SWADISHT MITHAIYAN CHATWANA ENKO....,1,2025-02-27T16:55:18Z,True
@Lastinthelegion,punjabi mien cream roll ko kugu kehte hain.. 🤣,0,2025-02-27T16:52:11Z,True
@vrindian7140,Sanaullah Khan why Bakri Bakra is only trying to create drama by playing controversial statement against Indian journalists. Explain to your viewers please?,0,2025-02-27T16:50:58Z,True
@MohammadFarrukh-vt9gb,O brother jis trha ki cheez Dekh rha hai Pakistan ki insults krwa rhy ho Kuch Tu shram kro aik Pakistan team ne insults krwa ABI cheez Tu koi Achi lay Kr do Q Pakistan ki insults krwa rhy ho aik bar me cheez khtam ho jay ge,0,2025-02-27T16:46:24Z,True
@tellagakardabarka4058,Kya vikrant ko zahilo ne kalma padha diya😂,0,2025-02-27T16:44:30Z,True
@AkkaJanu-iy9mf,Abe pak tum Logon to gadha ko bhi ghoda bana de te hai😂,1,2025-02-27T16:39:56Z,True
@akashchouhan8074,Udhar bbn wale ki pahti padi hai,0,2025-02-27T16:36:02Z,True
@Jeetofficial2023,Sayad inke ghar me bhi koi sena ka jawan hota to nahi jata,0,2025-02-27T16:35:41Z,True
@sunny07550,Kash india pakistan ek hi hota kitana achha lagata hai sath mw ghumane firane me ❤❤,0,2025-02-27T16:34:22Z,True
@Viteshvlogs,Ye log kya Bol rhe hai cream roll india me nhi milta 😂😂😂,0,2025-02-27T16:32:01Z,True
@rkg801,Cream roll bc ₹50 😂😂😂😂😂,0,2025-02-27T16:30:59Z,True
@jabrafan4321,Bakri in next vlog apk visa champion trophy k liye dia gya tha na ki cream roll khane k liye..😂😂,0,2025-02-27T16:30:07Z,True
@IrfanAli-kx3ly,"Saim, fhakhr, Babar, shan masood, Salman, Haris, jahandad, muqeem, afridi, aqib, abrar, x naseem, Wasim, Arafat, nafay, gaad team'",2,2025-02-27T16:24:43Z,True
@RafayHassanHassan-y7t,Sikandar teaser 2 aa gya hy please support krein,0,2025-02-27T16:20:42Z,True
@Umarnazir45,Qasafi 🏟️ stadium Lahore visit  Vikram Gupta,0,2025-02-27T16:20:21Z,True
@priyabratasahoo5343,Maaze yeh kar rhe hai aur udhar mirchi bbn ko lag rahi hai 🤣,0,2025-02-27T16:12:22Z,True
@ajinkyamhaishale1386,Hi sir vikrant I am Indian don’t go stret food plz don’t  go down plz purposefully they are doing this,0,2025-02-27T16:11:11Z,True
@khushbusuthar6421,Me aapko bhot dekta tha vikrant bhai lekin aap saplusi karte ho koi bhi pusta he pakistani kaise he bolo aatakwadi he sale indiyan àrmi ke dusman hamara susman thu he teri jindgipar sutiye,0,2025-02-27T16:10:23Z,True
@FlowerHouse156,bhai jan ye humarey  vip guests haen inn ko vip hotels per hi treat daen. kuch achi memories la kar jaeny.,0,2025-02-27T16:09:57Z,True
@Universe.adventure-q8i,...Cross border Terrorism... bandh hona chahiye...,0,2025-02-27T16:09:47Z,True
@soumengorai8346,We ❤Paki from India 😊 😊😊😊😊❤ from Kolkata give us visa to visit Lahore one people 😢2 sided,1,2025-02-27T16:09:39Z,True
@thebeast6508,Sanaullah big respect to you brother ❤️🇮🇳,14,2025-02-27T16:08:35Z,True
@anilsaini5151,Sarojni market me ana isse bi kafi sasta hai india me,0,2025-02-27T16:08:24Z,True
@subhashdhapte1327,Must be delicious 😋 😋😋,1,2025-02-27T16:07:23Z,True
@anujsharmaHR,Crimroll 5 wala 50 ka😂,0,2025-02-27T16:06:06Z,True
@ashmitwriter8835,Kitni ajeeb baat hai...baharat ke log Bharat ko badnaam krne m lage hai...kash ye vikrant ek baar india border par jaye ..je sayad kabhi aghle janam m v pak jane ki na sochta...i feel bad for Indian army...💔,0,2025-02-27T16:05:33Z,True
@Ram-RS1986,Big fan VikNik from Nepal ❤,0,2025-02-27T16:04:23Z,True
@trustme99,"Delhi me yh gogals sb 100 se shuru hote,
Delhi me cream roll 10 rupe ka milta h aaj bhi, pata nh vikrant bhai q kh rhy ab nh milta",0,2025-02-27T15:59:36Z,True
@ShahzadMahmood-c9w,Bahi aap KO guest bi note kr rhy ha Dil bra rakhoo q Hrr cheaz Ka rate or khany Ka poch rhy ho bohat boora lag RHA a,0,2025-02-27T15:59:09Z,True
@ShahzadMahmood-c9w,O bahi jab guest sath ho too hrr cheaz Ka rate ni pochty bohat boora laag RHA a video Dekh kr,1,2025-02-27T15:57:26Z,True
@JitendrasinghShaktawat-w2w,Thank bhai apne jo hamare desh ke liye pyar dikhaya uske liye aap bhi hamare desh padharna ham bhi aapka ase hi sawagat karege,0,2025-02-27T15:55:58Z,True
@trustme99,"Vikrant bhai sasti shoping humare delhi sadar bazar me hoti h, asia ka sabse sata market h delhi ko badnam na kro hmra india me pakistan se sasta h",1,2025-02-27T15:55:56Z,True
@Villagecratorzone,I am from Pakistan i am big fan of indian team ♥️🇮🇳,1,2025-02-27T15:55:23Z,True
@mahfujurrahman8057,The People to people connection of Pakistan has always been amazing. Unfortunately politics and politicians fail to understand this and create issues or at best can't remain diplomatic. Media of both countries play huge part in maintaining a hatred enmity alive.,0,2025-02-27T15:55:03Z,True
@sumitnade5600,Trolling apni jgh h par dekh kar acha lga 👏,0,2025-02-27T15:51:52Z,True
@SA34Z,Anarkali bazar main anarkali mil gyi😂,0,2025-02-27T15:49:38Z,True
@noufalhallian4982,"Iss Sanaullah ny Journalism ko mazaakh bnaia hoa ha, Bc team last number ai ha ossko cover nahi kr raha, team aek match nahi jeeti, ye begherat apny mazy kr raha ha, shame on him",0,2025-02-27T15:49:27Z,True
@Abidwrites999,sana bhai yar inko new lahore dikhaty yaar ye kahan old side pe le ay😢,1,2025-02-27T15:48:19Z,True
@Yagyavalk,Pakistan ka real ambassador ne photo khicha hai 5:24,0,2025-02-27T15:48:10Z,True
@Sidpatil06,Sana bhai Bhakri is scolding you for why you are giving so hospitality and importance to Gupta.,2,2025-02-27T15:48:09Z,True
@MotoG24-t3r,"Milde bhaji india ch cream roll,beshumar jine marji lao",0,2025-02-27T15:46:40Z,True
@Sadafvirk,Sanaullah bhai ksi kam k restaurant pr inko khilao kuch ....kya sasti sasti khorak inko khila rhy ho kahin vikrant bhai bemar he na ho jain,0,2025-02-27T15:45:11Z,True
@packgobyashish87,Bakri dog bark kar reha Ohnu hospital leke jao ya 400cr wale hotel,0,2025-02-27T15:44:06Z,True
@Ashish_The_Wanderer,"Great journalist of Pakistan 👏👏
Apne desh ki famous places aur foods ko explore kraana achhi baat hai, isse tourism badhega aur economy ko faayda hoga",1,2025-02-27T15:43:44Z,True
@Sports.frenzy11,"Yar bohot pyare log ho aap, kuch nafrati kidey hote hai dono taraf, but majority are the good people.
The reason is we are alike, share so many things, have so much in common, these pakistanis love cricket perhaps more than we Indians and it is just so good to see- the way they admire and respect their roots, and it is shown in their hospitality ❤❤❤
Hugs, Love and respect from India 🇮🇳 god bless you all.",0,2025-02-27T15:43:35Z,True
@92_yuvrajpandey49,aise rakhe hue cream roll kabhi na khau mai,0,2025-02-27T15:43:03Z,True
@Pooja__kohlii,Nikil ko dar h streat food se 😂,0,2025-02-27T15:42:53Z,True
@RameshKumar-ng3nf,DESHDROHI 😡SHAMELESS - VIKRANT UL HAQ and NIKHIL KHAN 😡. STUPID People like you sprinked SALT on the wounds of victims of 26/11 mumbai attack and Pulwama attacks 😡,0,2025-02-27T15:42:52Z,True
@jamshaidmalik463,Mujhe lag rha is video mein kahi HBA services waly bhai hafiz basit ali b nazar ay hain,0,2025-02-27T15:41:43Z,True
@Prashant-lq8wm,5:14 Sanaa bhai aapne to guptaji ko ANARKALI se bhi milwa diya,9,2025-02-27T15:41:09Z,True
@deep82307,Nik bhai tussi kis india me rehto ho bhai.....humare idhar cream roll bohot popular hai....Assam aa jana,0,2025-02-27T15:40:47Z,True
@ksportshd1,Anarkali likho title Mai apsy mistake ho gai hai,0,2025-02-27T15:40:07Z,True
@MAHAVEERSHARMA-i1m,India m rate 40 h eh pant ka,0,2025-02-27T15:37:45Z,True
@fmrathore9281,Anarkali Not Anarkalo ...,0,2025-02-27T15:37:00Z,True
@YTyaar-w4d,Sana Bhai You Have Deserve &Earn Big Respect Throw These Past three days during with vikrant &Nikhil,22,2025-02-27T15:36:53Z,True
@TRYAKSHAAY.123RJ,Bhai Vikrant sirf Dil rkh ne k liye shoping kar raha hai baki isko kapde or khana psnd nahi aara hai 😂😂😂😂😂,1,2025-02-27T15:36:40Z,True
@MercanticJourney,Sana has been a very good host to both of them. Good on Sana and his team.,1,2025-02-27T15:35:48Z,True
@deep82307,Bohot pyaar mila vik n nik bhai....specilly vikrant bhai....❤ from india,3,2025-02-27T15:35:19Z,True
@Sports.frenzy11,"These 2 days completely changed my views about common Pakistanis!
They are so sweet ❤❤❤
Their love and respect towards Indian journalists is overwhelming ❤️❤️❤️
Wish to see you all happy and acheiving great things, love from India 🇮🇳🇮🇳",8,2025-02-27T15:34:02Z,True
@baapg13,kya sana bhai cream roll kaun khilata hai yar  😂😂😂😂😂😂😂😂,0,2025-02-27T15:33:55Z,True
@asadshah7889,Please bhai inko new lahore bhe visit krwaen ta k in ko dono tarah k lahore ka idea hojaey,0,2025-02-27T15:32:25Z,True
@manavsharma9224,Nikhil n vikrant come to jammu of India n have creamroll,0,2025-02-27T15:32:22Z,True
@muhammadusman5556,Vikrant Gupta edhar aa k humari tareef udhar jaa k zehar ugly ga Pakistan k khilaf 😂😂,0,2025-02-27T15:32:03Z,True
@layaqatch829,Anarkali k andar anarkala mil gaya hai haha 😂😅😂 nyc thumbnail,0,2025-02-27T15:31:07Z,True
@isajjanar8,Ohhhh sasta youTube ers with indian but Pakistan lover,0,2025-02-27T15:31:03Z,True
@vicelord1thh,Ye idhar anarkali me hain or udhar bbn anarkali ro rahi hai😂😂😂😂😂,0,2025-02-27T15:30:54Z,True
@shivampatel256,Sport cover karne gaya Pakistan fan following bhadhane gaya hai,0,2025-02-27T15:27:36Z,True
@AmarjitSingh-rt2cz,Idhar vikrant mirchi laga raha udhar irfan pathan ne fir dance 🩰🩰 kar dia pakistani chikhe mar rahe hai 😊😊,0,2025-02-27T15:27:36Z,True
@cattimayussworld4999,Thankgod indian team nhi gayi pakistani police security nhi de pati,0,2025-02-27T15:25:28Z,True
@SarfarazAhmad-qv5ys,India mein 5 aur 10 ka Milta Hai cream roll,0,2025-02-27T15:25:27Z,True
@souravmahato6740,Ye kya hua ? Footpath me khana. 😂,0,2025-02-27T15:25:20Z,True
@bajrangiyadav7937,Views aaa rha hai sana bhai..500 pakistan rupees me😂😂😂😂 fayda udalo Vikrant Gupta ka big views 😂😂😂😂,0,2025-02-27T15:24:46Z,True
@dr.tassawer-e-meran6296,We welcome Indians . We respect. We don't troll ❤,0,2025-02-27T15:23:01Z,True
@Anurag-rx4vt,"Cricket Journalist❌
Food Vlogging☑
Tbh when i watch this kind of hospitality from Pakistan, I realise how media and political leaders from both side always  lied to public.",7,2025-02-27T15:21:11Z,True
@maina77-m8g,Vikram Gupta ko khana Pina theek se hi laega❤❤❤❤,1,2025-02-27T15:18:58Z,True
@epicplayz9694,Vikrant Gupta ko pakistani bhaiyo itni ijjat mat do usko hajam nhi hoti 😂😂😂 ..,1,2025-02-27T15:17:49Z,True
@RO_JB_SKY,"Vikrant Gupta CT coverage be like 
Eating Food & Going for Shopping ✅
Going to Gaddafi Stadium for AFG vs ENG ❎",0,2025-02-27T15:16:36Z,True
