﻿author,comment,likes,published_at,is_relevant
@asmapasha1935,"Zaka ne jita kyun ki ussnay harr task poori imandari se poora kiya. Turkan ne coffee auto may piya, aur T-shirt bhi small size liya",0,2025-11-20T13:46:44Z,True
@fizzakhanfizzakhan717,"Zakka abi kazandı Türkan bacım sen kahve aldın ve yolda içten sonrası biryani de yemedin bence 😂😂 
Hahaha hfccvhjyytd Zakka abi sende tişört abisine ver sana😅😅
Allah muhabbetinizi dayım kalsın böyle hep gülersiniz ameen 😊❤",0,2025-11-17T05:08:11Z,True
@AbdulSattar-l7k4t,Turkan won but zaka Bhai sath ziyati hai bcz turkan api nay coffee rasty mein pee or zaka Bhai NY oder beth kr or traffic be thi😢😅😅,1,2025-11-13T17:40:17Z,True
@rshurbals9682,"Zaka na aqal nhi use ke, tea disposable cup ma la k gari ma baith jata JB thundi ho jati to aik Baar e charaa jata",0,2025-11-13T04:22:15Z,True
@rshurbals9682,"Turkyan na coffee to p nhi, jis tara zaka na tea pee the",0,2025-11-13T04:17:46Z,True
@GamerChad18,Very refreshing ❤May God bless you both ❤,0,2025-11-13T03:59:59Z,True
@alihashmi4366,Isn’t it amazing seeing your city and even the society you used to live in someone else’s video when you’re away from home. Yes !!! I am from lahore but now in saudi arabia and yes my home is still in wapda town and Emporium Mall i used to visit for shopping and the college i studied in was in barkat market so everyday barkat market’s biryani. Your video just made me miss all of that but thanks for showing it.,0,2025-11-12T19:22:44Z,True
@NoorNoor-dl2mh,"MashaAllah Allahumma Barak Allyum Both 
You both make my face smile 😊",0,2025-11-12T18:29:10Z,True
@justkhanusa,"Technically Zaqa won,because he went to different restaurants to have TEA,and turkan made short cut straight went to the Mall and have some coffee wich she didn't..",1,2025-11-12T15:52:35Z,True
@HafizEhsan-tb2vy,Coffee beth kar pena tha ye decided thaaa so ye cheating ha,1,2025-11-12T11:44:36Z,True
@Afaatg,"Not justice turkan nay coffee nhi pe😊ptan nhi kiyn she behave a little bit over and zaka is too calm,or aik or baat ching chi and riskaw driver fast drive krtay hain in poor way un ko khnay ki zrourat  nhi.Be safe❤",1,2025-11-12T10:27:12Z,True
@salehaamin8929,You both have panelties to do wrong stuff like you(Turkan) left the biryani and brother  zaqa wait for his friend,0,2025-11-12T07:39:40Z,True
@SimranKhan-w6x3x,Apne coffee gadi me chalte hue piya esliye zaka bhaijan jite hai unhone sare kam complete kiye hai proper tarike se🎉❤,1,2025-11-12T07:03:06Z,True
@MudasirAhmad-i2r,Turkan is winner 🏆 honestly I like you 💕 very very very much Dear Turkan Mrs Waqar from Lahore ❤,1,2025-11-12T05:27:33Z,True
@learningwithemo9406,"Beautiful couple MashaAllah ❤❤
Turkan won😅😅, but she was supposed to have coffee after the biryani. She didn’t drink it there; instead, she went to the mall, bought it from Mall, and had it there. I feel there’s a little bit of unfairness in that, but overall, the girl won — and our brother lost.
Innocent Zaka Bhai lost challenge because of friend interrupt🥺❤",1,2025-11-12T03:55:06Z,True
@muhammadkamranmirza5247,Aslam O Aalikom.  Good to see you in Lahore.  Have a great time in lahore,1,2025-11-12T03:53:37Z,True
@abdulnadeem739,"As per my opinion Mr. Zaka has won the challenge because he fulfilled all requirements, while Turkan had coffee on the go and lied on phone call by saying that she was still waiting for Zaka in the mall. Mr. Zaka has been tricked by Turkan. However, this challenge was very much entertaining and I got a chance to watch local areas of your city.",1,2025-11-12T03:52:23Z,True
@ghulamrabbani6262,ZAKA NY CHAI BE SUKON SY PEE OR TURKAN NY COFFE LEE OR RIKSHA ME BETHI OR AGAR WO BUNDA NA MILTA TO ZAKA PEHLY POHNCHTA .TURKAN NY BE SAHI CHALINGE KIA DUNO BARABAR,1,2025-11-12T03:07:57Z,True
@thelmapeter806,"Turkan you did'nt finish your biryani, where-else Zaka finished his biryan, then he went for tea and had tea, so I think Zaka won the challenge.",2,2025-11-12T01:21:34Z,True
@FunFactsaroundtheglobe-zc5nu,Turkan ne coffee k time cheating ki lekin zaka played fair..,1,2025-11-11T20:15:22Z,True
@KiranKina-f3h,Turkan ny coffee k time cheating ki,1,2025-11-11T20:03:57Z,True
@adnannazir2172,"Well natural.
Naseeb Biryani is good but If you want true Biryani just visit Karachi Baithak in Lahore. Location is DHA Phase 1 Block H Lahore.  Must try.
Stay blessed always",1,2025-11-11T18:56:29Z,True
@syedabdullahsyedabdullah1995,zaka bhai Jeet gye hen q k apny coffee tasty MN pee h,2,2025-11-11T16:03:33Z,True
@biabia4307,ap dono hi jeet gay ho. because turkyan ne coffee take away ki and zaka ne tea waha beth k khatam ki pori..,0,2025-11-11T15:39:42Z,True
@BilluBuddy32,Turkan api ny coffee rasty m pee jb k zaka bhai usi jaga beith k pee k phir uthy,21,2025-11-11T13:27:32Z,True
@WaqasWaseem635,Ap dono getaa ha ap ka payer getta ha,0,2025-11-11T13:02:04Z,True
@imanfatima6405,U should have used imdrive instead of local riksaw,2,2025-11-11T12:48:41Z,True
@MaimunaAdnan,"Mind freshning🎉
Turkan won the game
Zaka's Manners won the hearts to wait for someone irrespective of game result...",32,2025-11-11T12:42:07Z,True
