﻿author,comment,likes,published_at,is_relevant
@shabirgamerpro2.075,I am not gonna eat that mairabad have more cleaner food,0,2025-12-06T11:13:31Z,True
@MonuKumar-uu1fz,Porkistan has  good street food,0,2025-11-05T20:01:22Z,True
@AbilSajid-k8u,"Mujhee pakistan se yeh ummid nahin thi. Pakistan,bangladesh aur india ye teeno desh mein se pakistan ke street food sabse hygenic hoti hain.Then bangladesh. Worst is india😂😂 Ye ummid nahi thi pakistanio tumse,😂 from bangladesh.",0,2025-11-02T19:42:35Z,True
@MinhajrealBeauty,Must review Nehar kinary Nalli biryani,0,2025-10-19T13:09:11Z,True
@octosquid48,The food looks good but those dishes really say otherwise,0,2025-09-30T20:31:32Z,True
@StreetFoodExplorerVideos,Looks delicious ❤,1,2025-09-11T11:01:07Z,True
@AnimeAMV-i2f,Is saleem surname is Butt 😅,0,2025-09-03T17:31:06Z,True
@Arda_Viraf,They have taken great Persian food and turned them into shyte.,0,2025-08-30T22:14:54Z,True
@NonaAluvM,Use sound Delhi to lahore by ManinderXX Dhillon,0,2025-08-29T02:57:53Z,True
@sumanchemjong1150,Indian food 🤢🤢🤢🤮🤮🤮,0,2025-08-25T10:13:54Z,True
@ZararSheikh-vo8bx,Bhaee kuch toh hygiene ka khyal karlo,0,2025-07-09T07:36:07Z,True
@newday2447,They spill more food than they serve,0,2025-07-07T05:19:27Z,True
@Bathcity675,Tastes wonderful but its their miserable faces that are a indication of its not entertaining to do it for survival,0,2025-07-05T08:44:56Z,True
@livelife1221,Itna unhygienic hai ulti ho jayegi tabhi foreigners itna troll karte hai indian street food,0,2025-06-14T14:56:54Z,True
@KridayMishra-h6q,Saleem butt 💀?? Is the mutton made of  his butt?,1,2025-05-25T05:38:53Z,True
@jahangirakbar4524,I feel really Bad for Indins 😂😂😂 becharay Comment section main apni Maa ki Ankh hota dekh kr comment rhe hen 😂😂,3,2025-05-24T09:13:32Z,True
@roshansaini5655,Now i understands  why  pak have highest diabetic  patients  in world   bro stop  eating non veg with to much oil and spices and dont care soon india beat pakistan  becoz indian also start  esting to much  street food with thousands  of litre cheess butter  speices etc due to our street food vloogger to much promted cancer food,0,2025-05-23T05:06:29Z,True
@raw_gamers-tr,I love street made food..,0,2025-05-21T16:31:04Z,True
@AjayThakur-xu2en,Pork are very tasty,4,2025-05-21T12:11:56Z,True
@neeta-134nh,Pakistan diwali kesi gyi apki hume toh bohot maza aya😂😂,1,2025-05-15T04:52:04Z,True
@MallinathKumbhar-x1x,Food Vlogger ❌ Story Writer ☑️,0,2025-05-04T11:08:05Z,True
@Lastinthelegion,overrated chhola farosh with rude ego wo bhi sarkari jga pe najaiz betha hua hai,1,2025-04-15T22:06:48Z,True
@psingh7360,pork bhuy acha hota inka,3,2025-04-12T13:16:46Z,True
