﻿author,comment,likes,published_at,is_relevant
@muhammadhannan6258,"Please mazeed malumati video bnaiye is qiley pr, latest views k sath please please please",0,2025-09-21T05:19:37Z,True
@WaqarHasan-rc9rt,Bohat khoobsurat sheher aur video aur masjid aur qila aur mahel aur nazaara aur batiyaan aur paintings aur fresco art!,0,2025-09-17T14:32:11Z,True
@WaqarHasan-rc9rt,So beautyfull city and video and mosque and fort and mahel and view and lights and paintings and fresco art!,0,2025-09-17T14:29:41Z,True
@faarisakhi1321,"What a voice your blessed with I am so glad I came across your video while I was researching shahi qila on here I have seen few videos but did not satisfy me. My search ended after I've seen your video I have no words to explain how I felt watching this video while listening your mesmerising voice. The poetry, your voice absolutely beautiful ❤ Allah Apko khushi de ameen🤲",0,2025-08-03T21:53:14Z,True
@nadrakamardin6257,"Itna khobsoorat Qila or baqi manazar kabi kisi nai aisay  nahi dekhaye , eak hi frame mai yun laga Mughalo ke daur mai aa gaye, har taraf dor paar wohi nazara bohat khob ,  or aap ka batana bi bohat Alla Thank u, ab to Pakistan ana paray  ga",0,2025-03-27T16:50:12Z,True
@Meripriyakahaniyan,"Kabhi ye sthan Bharat ke kahlate they,aaj pakistan ke kahlaate hai.kash partion nahi hota to ye sab aaj Bharat ka bhag hota.",0,2025-03-05T18:49:57Z,True
@Mqthirtyeight,"Shahi khila lahore 
09/02/2025 sunday 
INDIA HYDERABAD DECCAN",0,2025-02-09T08:22:42Z,True
@andydaliwal3058,It is true that you can see lot of glass work at amber(amer) fort however amer fort is much smaller in scale compared to this place.,0,2025-01-31T04:23:07Z,True
@ArshadHafeez-l6e,Wonderful commentary and photography.,0,2025-01-14T15:19:44Z,True
@ayeshazafar-ir9dx,KASH tb me hotiiiiiii,0,2024-12-27T15:44:14Z,True
@garishwaadwekar5402,"If you see Agra Red fort, and i was watching Lahore fort lot of similarities, Diwan - e aam and Khas buildings are identical, also there a place in Agra fort, Roshan - aara i could see one similar building in this fort also.. Wonderful.",0,2024-12-12T12:33:59Z,True
@manimirza4522,"Teri Yaad Se Hai Wabasta Aj B Yeh Sheer Log Jis Ko Lahore Khte Hain
Kiya Zamana Hoga Jab Humre Mughal Badshah Yahan Chehal Phehal Karte Honge 
Proud to be Musliman Mughal Chugtai ❤",1,2024-11-02T15:16:01Z,True
@AmjadKhan-gh7vt,Sir plz  v log badshahi masjid p bna dy plzz,0,2024-10-10T16:16:30Z,True
@abdulmaaliksargodhanaj,Qilay me mandir hay par koi masjid nahi hay baray afsos ki bat hay,0,2024-10-03T08:36:13Z,True
@RaheelaKhan2,"Last week Lahore mai inhi rasto par chal ker dekha. As a Photographer, lekin bohat kuch dekh kar bhi abhi tashnigi reh gai hai. Jo eshq hoa hai wo y video dekh ker belagam horaha hai.",0,2024-09-30T19:45:01Z,True
@heerajatt6495,Sir g Akbar ne chitoor rajistan ka qila b dynamite se fateh kia tha dewar ki bunyad khod kr dynamite se dewar tori thi ye bat confirmed he k mughal barood use kartay thay Babar ne hi ustad bharti kia tha Peshawar se guzartay howe,0,2024-09-04T21:20:20Z,True
@Usamamirza0077,That's true ..the one who didn't see Lahore not yet Born.. amazing city ❤❤❤❤❤❤❤,0,2024-09-03T15:18:53Z,True
@surindergill746,"very nice view to see Badshahi masjid, Samadhi of Mhj. Ranjit Singh ji, Gurudwara of Guru Arjan Dev ji and then Minar i Pakistan in one snap. Wah, actually history of Lahore from Mughals to today is covered in one photo. Thanks. I went to Lahore 4 times from USA to walk in its streets. But they charge too high from foreigners. My friend paid PRS 20/ but I had to pay Rs.200 to get in fort.",0,2024-08-30T21:00:43Z,True
@Nlgadhavi-nw8lu,TUMNE SHAHI QILA SE JYADA KHUD KO DIKHAYA 👉 PHIR BORE HO K VDO AADHA HI DEKHA 😂😂😂😂😂😂🤣🤣🤣🤣🤣🤣🤣,0,2024-08-13T17:37:35Z,True
@amitkumarsahay9288,Lahore me bahut julm huye hai  islam k karan sikho  ko berahmi se katal kiya gaya  hindu mandiro ko todkar  maszid bana   puri itihas  dharm badal diya gaya . Hinduo ka historical religion place tha,0,2024-07-03T13:27:50Z,True
@صائم-س7ن,Lahore is face of love....jo itafk krtye han hazri lgyain,0,2024-06-22T01:51:28Z,True
@CutePokapipi,"Zeeshan Sir your guide is absolutely accurate about gunpowder. The ancient Chinese had invented fireworks and all gunpowder was derived from fireworks, since Babur was half Turk from Timur and half Mongol from Genghis (changaiz khan) he surely must have used gunpowder since they were geographically closer to the Chinese.",0,2024-05-06T15:35:02Z,True
@EngineerSpeaks2.O,"AOA, Great work, hats off to u. Camera speed must be slow while showing beautiful art work done on walls and roofs and let viewers enjoy it.",0,2024-04-18T08:07:14Z,True
@MuhammadAsif-up9cc,"salam. sir mera asif he. karachi me rehta ho. Electrical engineer ho. lahore se rooh ka rishta he, shayad Allah ne meri mitti lahore se chuni the. basically panjabi (cheema jutt) ho. lahore sattle honay ki buhat koshish ki per lahore ne accept ni kia. poray world me lahore city mery lia dream ciyt he. apka program dekha aur ab alfaaz nhi hen. Allah apko is ki jaza de. buhat dafa khud socha k ap ki taha ki documentry banao. par halat ne moqa ni dia.  apne jo bhi documentry banai he lahore ki wo aik se barh kr aik he. Itni depth me amazing.",0,2024-04-10T15:34:43Z,True
@ihtashamulhaq1713,"Behtreen vlog aj tak bri videos or vlogs daky haen pr ap kamal ho sir or wo videos ke bich poetry wah❤❤❤❤❤❤❤❤❤❤❤❤❤
Fantastic",0,2024-04-02T10:06:51Z,True
@mubeenmubeen2854,"During Zia's dictatorship,  I and many People's Party workers were kept in for monts Shahi Qila's torture cells where they were physically and mentally tortured  brutally and some of them died or  got mentally crazy and physically handicapped including my younger brother Agha Muhammad Naveed.  So one day you should mention this part of history. I have written my autobiography in which this hell like events have been penned down.  There was a saying Qila tay Bunday kha janta aaiay.  Qila eats men.",0,2024-03-29T09:13:15Z,True
@riazali10,Sir Lahore main samnabad k pas shapar stop par maqbra zebunisah hay please osy cover Karen or oski history btain thanks 😊,0,2024-03-25T15:45:19Z,True
@Gulzlife,Apki awaz mosiki j c lgti hai bs sunty jao . Itny khobsurat alfaz k seedha dil mai otrthy hain,0,2024-03-23T19:30:11Z,True
@muhammadmehrankhan,"Correction: The fresco work inside sheesh Mahal with woman’s figures were painted during Sikh rule, when Ranjit Singh occupied Lahore Fort not during Mughal Time.
All other pictures with human faces were painted during Sikh Rule.",0,2024-03-19T12:31:21Z,True
@kapiljoshi3986,Luv ka mandir nahi dikhya apne bhai jinke name pe lahore pada yahn ka naam hmm apka agenda success nahi hoga usse,0,2024-03-11T17:20:18Z,True
@kapiljoshi3986,Baal wale bhai ek sach to boldete kam se kam hindu devi devtaon ki chitra Rajput banvate thay aap sirf jooth paros rahe ho kuvh logom juth ki jindgi juthi khusi mein rehne ke liye chiye hoti,0,2024-03-11T17:17:18Z,True
@timesnavin,"Your videos serve as a time capsule, and your oratory skills transport us back in time as you guide us through these beautiful and spectacular old buildings. I have visited numerous historic forts and palaces in India and find the same ambiance and architecture in the structures you showcase in your videos, though each possesses its own unique charm. I am wondering if you can visit India to cover our heritage sites in your distinctive style. What you are doing is beyond words—a service to our history, our generation, and your nation. Deep  respect for you and your work.",0,2024-03-11T00:04:22Z,True
@smrlifestyle,Qala Kiya hota hai bhaeee qila word hai,0,2024-03-04T01:10:25Z,True
@cartoonclub2406,Apki Addting Bhot kamal ke hoti h❤,0,2024-02-25T18:43:16Z,True
@wishavtalwar1517,Sikh Hindu. Punjabi. Build this. In that time.  Because. The most population.  Of  rich.  Hindus. Sikh.     All. Punjab. Money. Use. In this,0,2024-02-23T19:05:29Z,True
@actinium007,Agra fort has similar features. Your voice renders a different view that makes this presentation very endearing.  Perhaps cast your views on Mohenjodaro and Harrappa. The greatness and heart of civilization that just left no vestige of its disappearance yet had the elegance of structural life.,0,2024-02-12T09:42:57Z,True
@thenoshartstudio1238,In Shahi Fort the ‘Nau Lakha’ pavilion got its name from the amount 9 Lakh which was spent to built it. Its roof curved as the roof of the huts in Bengal,0,2024-02-09T11:59:43Z,True
@Fareed63,"Kisi na bataya k kabhe kabhe ya ROz raat ko 2 bajay k baad Qila jag jata hy aur . Awazyn aate hyn Jahan Panah muaf kar dyn, aur cheekhnay chillany ki awazyn...",0,2024-02-07T11:03:04Z,True
@raniali8455,Mejiogi zaroor  shahi Qila  Lahore me  kia hia,0,2024-01-23T15:50:19Z,True
@AyeshaKhan-uk5si,I am from Hyderabad . beautiful urdu poetry.with beautiful voice...and beautiful vedeo 🎉🎉🎉🎉🎉,11,2024-01-21T07:47:00Z,True
@pankajmalhotra7508,Anil Malhotra Delhi se ❤,0,2024-01-11T12:37:56Z,True
@gurvindersinghbawasran3336,"Waheguru ji Allah mehar kare pakistan Lahore dekhan jarur auna hai,,,,menu ehna cheeja nal bahut piyar muhabbat hai ❤️🙏🇮🇳",0,2024-01-06T18:55:45Z,True
@vikasbaghel4895,Why national government of Pakistan is not repairing to Lahore Qula that is very important page of Mughal Empire......and upcoming generation would also be curious to see the proper building of the quila and know the history of sub-continent & it's richest Empires.,0,2024-01-01T10:42:17Z,True
@FurqaanQ,Yar mic le lo plz chalo sasta he le loo loo to sahe,0,2023-12-24T23:58:11Z,True
@mohammadahmadnaz9232,Shame on this Government for not maintaining this Masterpiece Fort/Monument. From The UK.,0,2023-12-19T23:36:49Z,True
@hamnah.a,lahore  ka ilawa bhi jagaen explore bhi kiya karen plz,0,2023-12-16T14:17:45Z,True
@Kasimonly,Love lahore ❤,0,2023-12-16T13:16:56Z,True
@aalesyed,I have lived in Lahore for past 45 years but have only been to Lahore Fort once in my life. I'm planning to go again. inshaAllah,0,2023-12-12T17:35:19Z,True
@positivethinker9840,"Its great to see that amazing renovation work is happening, I visited the fort a year ago, and some areas were very badly maintained, now I am happy that the same buildings are being renovated. We also need to highlight that where our public needs to be educated to not write on the walls and ruin drawings, the Sikhs also played a huge part in destroying Mughal architecture, most Mughal tombs were looted under Ranjit Singh and the material taken to the golden temple, also the British did nothing to renovate these building, all the good work is happening in todays Pakistan, and especially the Walled City needs to be helped and appreciated.",0,2023-12-11T18:17:56Z,True
@ranaarajput8650,"Yar bhai, background music to koi acha ho ... traditional ho, cultural ho, historical bhi ho but Kano ko pain na dai. Thora taste better karain pls.",0,2023-12-11T07:14:49Z,True
@naveedhassan924,I noticed that you only reply to indian viewers.....,2,2023-12-09T10:28:46Z,True
@AzamSheikh,"Brother Ball Wala, you are like a professor of the architectural history of Lahore. Watching your videos is better than reading tens of books on this topic.
Thank you brother.",1,2023-12-05T20:30:06Z,True
@adnangul1202,Salute 🙏 to Lahore Walled City Authority for renovation of Lahore. We Peshawaris are unfortunate that there is no such authority in Peshawar.,7,2023-12-05T08:16:28Z,True
@DrRabiaMBBSFunctionalMedicine,How come mughals has that much knowledge of architect & its use to make life more lavish & comfortable - even engineers of this era- dont have this much knowledge- forget abt its implementation,0,2023-12-01T18:40:08Z,True
@DrRabiaMBBSFunctionalMedicine,I have pictures here of myself in front of that jali area with fnf...Has seen this wall as well..but all dusty..Floor of this area in front of sheesh mahal has sang e badal...& Another more sang which keeps floor & water- warm & cold accordingly as per season❤,0,2023-12-01T18:28:49Z,True
@Mir2591,"You said Yadgar Pakistan, please correct,  it is Minar -i - Pakistan.",0,2023-11-30T06:07:07Z,True
@deepjeetpati,Humne aagra quila dekha tha bahut khwaish hoti hai kaash india pakistan divide na hote toh hamara desh kitna bada hota aur hum v Lahore fort jakar dekh sakte hote.. waqt kitna berahem hai Bhai Bhai me ladai kar k mulq hee alag hogaye😢,0,2023-11-29T12:15:52Z,True
@shivarajdugaonkar513,"If Mughals are built this fort then tell me why they are not built such fort i in their own land.this is totally false story.
King Shahaja are not built Tajmahal.
Tajmahal is tejomahal of rajputt king
 Mansingh which occupied by king Sahajha and turn into Taj Mahal and history written by historian is totally wrong.
You find real history of Mughals of  Shah Mahal.
Beacuse Mughals doesn't have experience this type of making fort.
You are not seens such architecture in Mughalstan.
Tell me one fort in their own land.",0,2023-11-29T01:18:36Z,True
@rishabhgupta5334,Lahore fort is a Hindu fort which is now converted n demolished by the illiterate people of pak ... we can see several sculptures of Hindu God n Sikh gurus... Islamophobia 💔 Lahore fort = Luv fort > Shree Ram son 👑🕉️,0,2023-11-28T05:42:44Z,True
@javaidnazir3720,Good 👍 visit Lahore fort,0,2023-11-27T20:28:24Z,True
@FAROOKKIDWAI,"Zeeshan I am not very happy with you, you are not telling the truth, the truth is you are the biggest icon of Lahore, and then the sites you talk about! Wish you best there is for you, please coordinate with private groups to raise an organization to uplift the heritage sites , the tourist revenue will pay your investors back. Just offer your investors a good rate of return as well as a share in the proceeds or profit. There are hardly any safe investments in Pakistan  with safe and honest principals,  your fans will like your business proposal all over where Pakistanis and Indians live.  You have enough skills in social media marketing, just have the best brains make your business plan",0,2023-11-27T19:59:51Z,True
@ahalyabs,Lahore fort is big and beautiful. Very clean too.,5,2023-11-27T07:26:28Z,True
@qaisersaeed1393,"Waw, Expedition lahore😢😂❤ .. boht khubb . . . Kamal hi kamal 😅😂❤😂❤😂❤😂❤😂❤😂",0,2023-11-26T18:33:54Z,True
@sabahrasheed4685,"Gun powder was there in Mughal times....he said right in the video that Babur was the first to use gun powder in india. China was the first to kno about gun powder and from them central Asian came to know about gun powder .

I am from India and really liked ur videos...your voice ,video background.
Congratulations to your whole team .",0,2023-11-26T15:34:41Z,True
@mushtaqahmed7587,Wah g wah..I hv seen before but the commentary and poetry has made it alive. My feelings r as I am living with mughals.Thanks a lot 4 such a great visit.,0,2023-11-24T23:06:06Z,True
@ahalyabs,"I am from Mysore Karnataka. We have an old commercial part of the city. It is very much like old Lahore. A mix of  Hindus and Muslims. Narrow streets. 
One thing I miss in your videos. Dogs and cows. They are everywhere in India. India is full of life. Not just men.",1,2023-11-21T04:50:28Z,True
@mahadevmaha5621,"Oooo God at the end with poetry part u have made alive those moments, time &
Personal exchange of those who lived in these monuments!!!! 🙂Love frm India.... 💖",2,2023-11-20T10:52:58Z,True
@ashwantbikramshah9755,"You got to love Urdu to love yor your videos, yes you do have English subtitles, but then either you can  listen to your beautiful Urdu poetry or read English subtitles..Yes subtitles does help to love your videos..",1,2023-11-18T09:07:56Z,True
@FutureBalochistan,What sets this video apart is its ability to evoke a sense of awe and reverence for the historical legacy encapsulated within Lahore Fort. You have not only showcased the physical beauty of the site but have also managed to convey the spirit of the people and the events that have left an indelible mark on its history. Waiting for your second visit,0,2023-11-17T09:42:17Z,True
@Dan-xx5jq,"BEAUTIFUL!!! JUST A JEWEL!!
There should be thousands of international tourists a day visiting this site. Such a waste to leave it with no people. Bring it back to life. Build a little infrastructure to bring International tourists. Pakistan needs the money to be earned from tourism.",0,2023-11-14T20:14:42Z,True
@Dan-xx5jq,"Pakistan is sitting on a gold mine....for tourism. 
If they could build hotels and facilities for international tourists to come and visit.",0,2023-11-14T19:55:51Z,True
@virasatsikhismtrust,I requested the Fort administration in 2011 to renovate Gurudwara Sahib.... Nice to see the renovation work in progress,4,2023-11-14T04:32:19Z,True
@alizainofficial71,Shahi qila sara din b phirtay raho bore ni hota banda 😊❤ Visited 2 times so pleasing and mesmerizing scenes there,0,2023-11-13T15:21:18Z,True
@RedEthanGt,"loved this lahore Fort video , Home of the Great Mughals.  Part of fascinating world history.",0,2023-11-12T16:16:50Z,True
@nilanjanataraphder2178,Fascinating! I'm so happy to set eyes on Shahi Qila through your extremely beautiful video.,1,2023-11-11T07:23:53Z,True
@Nadezahra,Your work is awesome gives Lahorie feeling 😊.kindly made program on pak tea house  writers,0,2023-11-10T13:31:57Z,True
@whattalhathink,"Bhai jan, how quality product you are producing",0,2023-11-10T09:48:39Z,True
@rubinayasmin1236,Aap ki shairi bohat chchi Hoti hai,0,2023-11-09T15:11:34Z,True
@sardarirfanullah5540,Sir Haveli sardar jawala Singh vlog is super duper what a beautiful vlog,0,2023-11-09T11:15:51Z,True
@abdalazizariff5154,"If you visit the fort again, look for the burial site of data, he is not where people visit -HE IS BURRIED INSIDE THE FORT.",0,2023-11-09T02:23:47Z,True
@aliZzzee787,Sir these guys u didn't showed there faces know nothing about this heritage history and architect  . unfortunately. anyway thnks for this,0,2023-11-07T20:54:27Z,True
@shaistakhan4796,V.good.information about the shahi qila ❤❤❤🎉🎉🎉,0,2023-11-06T12:04:52Z,True
@amolnareshgupta,"Baalwala Saheb, you are a blessed soul by that almighty Allah. Your videos are absolutely mesmerising.
I am planning to visit Lahore and Sialkot in a few months. I would love to meet you and move with you in Lahore streets. God bless you and  your family. Ameen!!💕",5,2023-11-06T07:40:31Z,True
@sureshdutta-bu8zm,"I am regular viewer of your video about historical assets in Pakistan which was part of Pakistan. 
Economy of Pakistan is at lowest ebbs, because leaders of Pakistan were shortsighted, who rendered hate  towards India to their generation through education and society. 
If Pakistan adopted democarcy after 1947, and preserved Hindu temple,Sikh temple and Church  like India. 
Pakistan could have earned lot of money from Hindu & Sikh pilgrimage who would had their Holy in last 76 years. Instead, Pakistan turned failed state in the world who spreadd terror in world. 
Now, five years old child in Pakistan speaks venom against India particularly Hindu. 
You denied History which could be main way to boost Pakistani economy through tourism.",0,2023-11-05T07:55:49Z,True
@Rose54000,Will waiting your second part of lahore qila with better guide 😂,0,2023-11-04T21:47:43Z,True
@faresamar7913,I am from Aurangabad Maharashtra what a beautiful narration with beautiful Urdu language… between the narration heart touching poetry too…👍👌,22,2023-11-04T17:15:04Z,True
@shafiqeul,beautiful please sir make a video on lahore railway station also thanks whenever i come to lahore i will definitely mmet you,0,2023-11-04T10:59:04Z,True
@aksn6203,At Least..you could have cleaned wind screen of car..for better view,0,2023-11-04T09:53:35Z,True
@kauserjamil486,Khulus mohabbatain. Apnaiyat khush mizajee rukhsat kiyoun ho gaee lahore say.? Shayad halaat kurwut lay rahain hain.,0,2023-11-04T07:56:33Z,True
@amarnathmehra2669,Shandar photo par apkey commemt primt ne paani pher diya,0,2023-11-04T07:01:56Z,True
@AdeelHashmi1973,Huzoor. Let's get the facts right. Dynamite was invented in the mid 1850s by none other than Alfred Nobel (of the famed Nobel prize). And Babur was born in 1480s. almost 400 years earlier. Yeh Zaid bhai kuch Pakistani style kay expert haiN.  Khuda khush rakhay.,0,2023-11-04T04:40:59Z,True
@ikramulhaque1632,Akbar ruled India from this fort for more than twelve years the story and movie Mughal e Azam over the love story between Jahangir  and Anarkali is also originated in this fort may be some people say it as a fiction but there is Anarkali Bazar and the Tomb situated in civil Secretariat Lahore all cannot be a fiction o ly,1,2023-11-04T04:20:17Z,True
@asharmirza,"اچے برج لاہور دے
Love the diversity of this ancient cultural city of punjab unfortunately now non punjbis occupied this historic city now a days",1,2023-11-03T20:03:43Z,True
@Mamoonkhokhar,Seen many videos about shahi Qila but nothing like this before so much detailed god bless you brother,0,2023-11-03T19:50:11Z,True
@humajaved6295,"Thank you so much, shahi qila k visit ki farmaish karny walon mein hum bhi shamil thay, mera qila 3 bar jana howa hr bar ye ehsas howa , 2 say 3 ghanty na kafi hain isay dekhnay k liye , isay dekhnay k liye mehsos karny k liye 1 say 2 din darkar hain,  mujhy next video ka intazar rhy ga ( abhu shaued meri tashvi nhi hoi )",0,2023-11-03T18:43:41Z,True
@bubaidey733,Beautiful architecture designs art . Outstanding.,2,2023-11-03T18:08:40Z,True
@imranjunani4212,Classic Sir G بہت خوب اور کمنٹری بھی بہترین,0,2023-11-03T17:35:10Z,True
@shafayFF851,Ye Sach Hy k us time Mai surang Hoti thi I'm from Hyderabad Yahan pakka qila k nichy surang daryaft hui thi kuch log andr jany ki Koshish b ki mgr bich Mai oxygen ki kami feel hui to wapis agey or surang k darwazy ko diwar bana kr band krdiya,0,2023-11-03T17:30:44Z,True
@worthyquotes6312,Sir bht acha architecture hai...par jab mai yaha gya tw sab kuch explore kia pr thori thori dair baad mjy afsoos hota raha... kay in logo ny tax kay paiso sy ye sab ayashi ka smaan bnaya pr hmary poory IndoPak mein koi kaam ka infrastructure nahi milta koi university koi qadeem hospital wgaira...bas ye log dikhaway kliye ye sab kuch bnwaty rahy.,0,2023-11-03T16:50:20Z,True
@manosalwa1407,I agree with your views about Sir Bhutto,0,2023-11-03T16:28:59Z,True
@govindkumarchhipa670,Zaid sahab madarse me history thik se nahi pdh paye,0,2023-11-03T16:14:23Z,True
@manosalwa1407,I impressed to see shahi qila lahore with your eyes. Amazing jobsir,0,2023-11-03T16:00:44Z,True
@muhammadafzalhussainkhan5689,Me last year koi 12 saal k gap k bd Shahi Qila gya tha or itni renovation ko dekh kr boht dil khush howa. Thanks for telling us the updates and keep exploring my Androon Lahore,1,2023-11-03T15:40:47Z,True
@zk3356,*👁👁   ☂️❤️⭐️⭐️⭐️❤️☂️   Beautiful  Lahore   🇨🇦*,1,2023-11-03T15:20:07Z,True
@ayazfaheem4977,Sir you missed two things in Shahi Qila first the mote masjid near Shish mahal and secondly the under ground Qila(I have seen that with special permission ).,0,2023-11-03T15:19:37Z,True
@wkkiahmad7176,"Sir, the video you have created should be further enhanced. Exploring Lahore Qila didn't seem enjoyable in such a short time. Your voice and your team's efforts are appreciated. A big fan from the UAE, thank you for your dedication
Stay happy and live long thanks",12,2023-11-03T15:13:33Z,True
@b810p,I agree 26 minutes are too less for for this a magnificent fort. Infact you can make 26 indepeth vlogs on the beautiful piece of architecture,4,2023-11-03T15:08:17Z,True
@habib-ur-rahmanniyaazi6632,Dynamite tha magar discover nahi hua tha. Koi bhi cheez discover hoti maujood wo pahle se hoti hai.,0,2023-11-03T15:06:48Z,True
@b810p,"You will see similar Sheesh Mahal at Amber Fort , Jaipur. Similar stone , architecture. Natural Air conditioners in Amber Fort and  Hawa Mahal . I am again wondering how the rulers replicated everything at Lahore  despite distance between Lahore and Jaipur. Admirable.  Thank you for bringing this to us here at Jaipur,  India . Hope you read this comment.",75,2023-11-03T14:54:42Z,True
@Ahmadhusnain1212,Sir ma ap ka sab Sa baata fan ho aur mujya photography ka bi shok hai,0,2023-11-03T14:50:00Z,True
@Ahmadhusnain1212,I am the biggest fan,0,2023-11-03T14:49:25Z,True
@harshidshah1,"lahore fort is vast with beautiful mughal architect. even today nobody has created shish-mahal again
except in a movie set",1,2023-11-03T14:48:07Z,True
@gurmeetverma8027,"Jitne bhi mughal badshah huye unhone sirf apni ash ke liye nirmaan kiye Lahore , Agra , Delhi sirf inke bnwaye kile hi najar ate hain awaam ki kmai ki barbadi or kuch nahi",0,2023-11-03T14:47:17Z,True
@ZahidKhan-kk7nx,"NICE AND INFORMATIVE VELOG. MINAR-I-PAKISTAN, NOT ""YADGAREY PAKISTAN "" PLEASE.  REGARDS",0,2023-11-03T14:26:32Z,True
@bibiseevoice7128,Ma jehlum sy hu lkn 2 din pehly Lahore thi mgr Lahore fort jany he ni diya guard ny coz time up ho Chuka tha... I don't know ab kb jana ho 😢,1,2023-11-03T14:25:48Z,True
@zamansadiq1521,How it is possible 21k likes han is video par or 340 views 🤔 please explain,0,2023-11-03T14:18:08Z,True
