﻿author,comment,likes,published_at,is_relevant
@Sarah12-w2r,Ap loago ni biryani gaye pakistan me?,0,2025-03-21T17:37:35Z,True
@parasgates7648,I'm from India and India food is not only Punjabi or Northern flavour its diverse From end to end ... with so much to offer...,0,2025-03-03T15:44:12Z,True
@viveksrivastava393,Pura pakistan ka focas sb Lahore development me rahta...ek bar vikrat bhai balochistan jana chahiye...1:34,1,2025-03-02T05:20:03Z,True
@RajanaveedNaveed-f1m,I love you vikrant❤❤❤❤❤❤❤ dua apke team 🇮🇳 jety,0,2025-03-01T18:25:33Z,True
@Papa12976,"Township Header Road Pe Ustad Gulla Pehalwan Murgh Channe bong paye Wale hain, wahan le ke jao vikrant bhai ko, wahan ke apne Khoye wale channe or bong paye apne kha liye na break fast me bhol jao ge sab channe walon ko, buhat kamal ka tast hai unka, pure lahore me apko waisa tast nahi mile ga, kamal ka tast hai unka yar",0,2025-03-01T16:28:16Z,True
@anupamdas5040,Itane pyar se Neharu aur jinnah rahte to Bharat ko do phar nahi hota,0,2025-03-01T09:47:58Z,True
@PawanSharma-mf2qp,Good sanna bro Pakistan ki team ka ab match me majja nahi atta ab bo player nahi rahe Pakistan me shoaib Akhtar jaissa player nahi hai Pakistan me,0,2025-03-01T05:06:59Z,True
@gourangachandrapaul4398,Sanaullah Bhai love from India such a big heart you have got ❤️🇮🇳,0,2025-02-28T21:55:54Z,True
@Muhammadshoaib07,Sana bhai wese khilaya pilaya bhi hay ya sirf shakar qandi aur cream roll pe hi guzara karvaya hay,0,2025-02-28T18:51:20Z,True
@laxman_bisht_02,Achha lga ek Indian ko etna pyar mil rha hai pak mai agr koe Player hota to kya hota ❤,0,2025-02-28T17:59:50Z,True
@laxman_bisht_02,Achha lga ek Indian ko etna pyar mil rha hai pak mai agr koe Player hota to kya hota ❤,0,2025-02-28T17:59:41Z,True
@laxman_bisht_02,Achha lga ek Indian ko etna pyar mil rha hai pak mai agr koe Player hota to kya hota ❤,5,2025-02-28T17:59:33Z,True
@NomanAziz-n6b,Same delhi jaisa hai same hotel aise hi hai,0,2025-02-28T16:29:35Z,True
@rajeshkumar-fv2qr,Delhi it's food hub ❤❤❤,0,2025-02-28T15:44:20Z,True
@akbarking6488,Is chutye ko had se zada hi respect de rhe ho tum complex ka shikar pakistani log izat dene ka matlab ye ni hota k ksi k neche lait jao ak hisab se di jati ha,0,2025-02-28T15:19:36Z,True
@abdulquyoombhat6027,Vikrant is noway a different person.he praises Pakistan only to make money.,0,2025-02-28T07:34:47Z,True
@SinghS20239,"Sana bhai, you have to take all of us to Pakistan. You cannot find Ram Laddu in any other Indian city except Delhi. This is amazing! Lahore is more like Delhi than any other Indian city.",0,2025-02-27T22:58:18Z,True
@yogeshgoswami9421,Pakistani me bhi athithi devo bhabhah hota he 😅😅,0,2025-02-27T19:13:19Z,True
@MalikGulzar-w7h,"You all being sports gernalists should go and report on sports instead 
Already seen your food videos",0,2025-02-27T18:45:12Z,True
@pravinchhabaliya,Sana bhai me aapko me bahot pahele se follow krta hu... Love  from india 🙏,1,2025-02-27T18:09:38Z,True
@stargalaxy2363,Salute to pakistani public i k Gupta jese logo ko bhi izzat dete hen Jo pakistan ko trolling karne ka koi moqa nahi Jane dete,10,2025-02-27T16:00:17Z,True
@chintuboss816,Melbourne to lahore nothing Change Both Mufta Khoor.😂😂,0,2025-02-27T15:34:41Z,True
@NavdeepSharma-ws7tj,Pakistanis ka ye pyar dekh yaar dil bhar aaya yaar hmari team ko pakistan jaana chahiye yaar unke liye roads hi block ho jaayegi is hisab to,19,2025-02-27T14:59:39Z,True
@kamalmalhotra4314,TubeMate kam karne ki aadat hai ya interview dene aaya kutte ke bacche Vikrant Gupta,0,2025-02-27T14:42:54Z,True
@Digital.info1,Bus kr dy.. Bhai is say sawal to kr ya champion trophy cover krne Aya ha ya interview denay ..?,0,2025-02-27T14:30:19Z,True
@Jampacked.maverick,Abe chutiye restaurant jaake kon ganderi khata hai? 😂,0,2025-02-27T14:25:21Z,True
@aliajmal2335,Pakistan ka dil lahore ❤️,31,2025-02-27T14:22:53Z,True
@SanjayKumar-uz3qi,Sana. Bhai. Arzoo. Kazmi. Mam. Shoieb choudhary Abid Ali. Sana. Amjad. Ye. Sab. Jarnalist.. Bahut. Hi. Emandar Pakistani. Hai,1,2025-02-27T14:14:12Z,True
@Ranahammad85303,Vikran Sir Nikhil Sir SaAnAa bhai. Love you. Thank you for showing true sports spirit❤️❤️ Hope you have a lovely time in our Zinda Dilane City Lahore🫡❤️ 🇵🇰,8,2025-02-27T14:07:42Z,True
@ArindamDas-q3x,Wo logo ko tum logo ka jitna atwankwadi ka ghar hai ghuma do or wo logo ka ghor ka khana khila do।jitna indian civilian or soinik mara ho unka nam ko eyad korke khana de do,0,2025-02-27T13:25:19Z,True
@Mayukh8534,Vikrant Gupta to besaram hai...khud ka to ezat nehi hai apna maa or family ka v ezat nehi rakha hai.....,0,2025-02-27T13:23:26Z,True
@niveditashetty2219,How much money ur getting..so u have sold for money,0,2025-02-27T13:17:10Z,True
@DhananjayPoojari-m2t,Es ko pakistan pasand aaya hai lagta chutiya ko udar he rakho pakistan mai jab army vale shahid hote hai tab kidar hote hai a bc log,0,2025-02-27T13:15:50Z,True
@NadeemAkhter-g7q,Kash dono countries mi etne badnazme nafrat nhe hote 1 qoum hi 1 jaise chehry 1 jaise rehn sehn batwary ne sab barbad krke rkh dya,0,2025-02-27T13:10:03Z,True
@rashmimukesh3519,"Vikrant bhai Delhi me Pakistan se kb punjabi gye the?? Sare k sare to hmare Bharat se hi udhar gye hue h.. Kya baat krte ho Aap bhi.. Khane, peene aur bolchal ka impact same isiliye h k hm sb 75 saal phle ek hi the..",0,2025-02-27T13:00:08Z,True
@Official_GamingwithArish,Gupta ji aapkey isi behaviour key Karan Hindu ab lahore main nahi hai magar Delhi main islam waley hai,0,2025-02-27T12:43:32Z,True
@Official_GamingwithArish,He should say missing hindu and diversified culture of Delhi... In Lahore,1,2025-02-27T12:42:28Z,True
@iqazim,"When a Hindu friend is visiting, please eat vegetables!!! Nothing wrong skipping Karahi once; he (Vikrant Gupta) will feel more respected, further more millions watching both sides of the countries will appreciate it. I know hospitality is awesome in Punjab but if you've ordered meat on the same table then you've just missed the true appreciation by millions of audience!",24,2025-02-27T12:42:20Z,True
@asv5472,"Ye dallu kyu gaya hai pakistan me jb team hi nhi gai hai to, gajab doglapan hai bhai 😂😂😂",0,2025-02-27T12:11:49Z,True
@Freehitlive,Sana Bhai please interview krwa dyen,1,2025-02-27T11:44:32Z,True
@KamleshSharma-re3qu,What a View..…. Great Hospitility,46,2025-02-27T11:39:46Z,True
@123thefitnessworld5,"Vikram ullah khan
Come to India we will
Give bade ke biryani 
And you have to eat😂",0,2025-02-27T11:25:21Z,True
@babaimtiaz6232,I love Vikram Gupta bhai ♥️ I love India cricket team ♥️ i love king Kohli bhai 👑💯♥️💪,3,2025-02-27T10:34:55Z,True
@ambujakalibari,Love you Sana bhai.. BBN wala bakri ko toh yeh videos dekh k bahot mirchi laga raha hoga....😂😂😂,1,2025-02-27T10:08:03Z,True
@SyedAli-bs1tq,"Ap cricket chor kr yhi  shuro kr dain , udhar eat other eat",2,2025-02-27T09:43:55Z,True
@nitishsareen4196,Bbn Hate button,0,2025-02-27T09:37:24Z,True
@khattak.Production.143,Afsos hy yar pora mahaeena y bnda Pakistan ki bdnmi m lgha ta or aj Pakistan k ttao is ko barai bhala samj kr khany interview pata ni or kia kia krwaty hon ghy jan chor do sana ullah sab bhot bdnam kr diya hy ap loghon ny is mulk ko😊,1,2025-02-27T09:24:45Z,True
@m762lover3,Santa bhai ap ka joor nai haa Laiken kutta har jgah Ajata ha bhonknay ap Bhot Achay Ha Masha Allah,1,2025-02-27T09:21:31Z,True
@ZafarSyed-s7b,Respect Vikrant Sir ko  dao jo izzat ka Qabil hota hai...Vikrant sir bohat sada tabiyat kay hain ..sir  jo khana hai ap tu Sharma rahai hain...,2,2025-02-27T09:13:21Z,True
@gauravtomar2748,Bhai dekho ek baath tho h pakistani food k koi mukabla ne h,3,2025-02-27T09:07:55Z,True
@RajinderSingh-qp3dc,Inka kio din majhab nahi ha India me akkar Pakistan ko Galli degi Vikrant Gupta ab inke sath khana kha raha ha,0,2025-02-27T09:01:15Z,True
@yadav_sonu771,vikrant gupta pak ladies anchor ko kub pel raha hai Oyo me😀😀😂😂😂😂😂😂😂😂😂😂😂 ladies anchor ko pel raha hai 😂😂😂😂oyo hotel me pel raha hai ladies ko ek ek no ko,1,2025-02-27T08:57:05Z,True
@Sid0419,Vikrant doesn't like eating sugar cane but instead takes it up his bum,1,2025-02-27T08:41:28Z,True
@tayyabdurrani7122,Love you Vikrant Bhai I wish ke indian cricket team bhi ATI aur without any fear Bahr dinner karte 😢,1,2025-02-27T08:29:09Z,True
@Lala-g-2323,hahhahha bhai kanjoos to ap bhht lg rhy apki bato say lg ra ..hhahahah kun k jis nay khilana ho wo pucha nai krty ..bs mngwatay hai ...shker gndi ki mrtba b ap nay aisay hi kiya kmehmano say puch rhy k kitnay ki khani hai ..ya kitni khaen gay ..so this is bad impression ...ap khudi dil khol k mngwaen or khlaen jo b khlana pilana hai ..   ....hahhahahaha so ap insay puchny ki bijaye khud ba khud mngwa k in k agy rkhain delicious c dishes ...i hope ap aisa kr b rhy hai ..but puchy nai bs khud ba khud in k liye achay say acha krty jaiye...,0,2025-02-27T08:26:01Z,True
@streetdogbillu-qh8sk,"Dost be like--- Vikranth bhai may gali nahi day shakte na,family video dhekti h,😅😅😅",0,2025-02-27T08:15:53Z,True
@sabirhadayat4425,Sana bhai in logon ko hotel me na rehny dena ghar ly kar jana me dubai me hun warna me sath rakhta achay se khidmat karna bhai,0,2025-02-27T08:13:53Z,True
@VinodPatel-rs4gs,Mai sirf apka chainal dekhta hu,0,2025-02-27T08:04:25Z,True
@niteshkamble3141,Pakistani me ...match me india ka flag ...lahraya tha ..us ladke ko ...arrest kiya pakistan ne...us pr bolo na ...vikrant gupta sir....is bare baat kro na...udhar Jake ...bna hai बडा superstar ..jisko india koi nahi puchta...such me .. pakistani log bhot chutiya hain....😂😂😂😂,0,2025-02-27T07:49:39Z,True
@ChetanKumar-qn3vm,Hamare bharat desh me 14 sal ki bacchi ke sath rape hota hai....hota hai sach me....4 mahine ki bacchi ke sath galat kiya jata hai hamare desh me....sarkar shant rehti hai jab wo hindu hota hai ....sach hai ho kaha.....hamari modi sarkar bholi janta ko sirf pagal bana rahi hai masum janta ka khun pi ragi hai ye modi sarkar.....yakin karo mujh tak modi ke kuch chamche ayenge aur mujhe jail karwaynge....atankwadi pakistani nahi hai pakistan me hai....gunde hindustani nahi hindustan me hai.....ek sabse bada gunda yogi aadityanath,0,2025-02-27T07:49:08Z,True
@ChetanKumar-qn3vm,Pakistani log wakai me bahot acche hai,0,2025-02-27T07:44:57Z,True
@ranjans7138,"Situation normal krwae sana bhai,baki indians bhi lahore aa ske",0,2025-02-27T07:38:57Z,True
@javediqbal3218,Welcome to Pakistan Vikram Gupta. I m a big fan of u. Love u so much from Germany,0,2025-02-27T07:38:55Z,True
@Mahadevkripakro,Pak safe country nhi hai to aap baha kase gaye vikrant ji.... Had hoti hai chaploosi ki,4,2025-02-27T07:33:29Z,True
@shrishnagaonkar356,Stop being kanjoos and serve good food,0,2025-02-27T07:31:37Z,True
@VirendraPrasad-r7n,Bakhri bhai se sath dibed kro Sana bhai  bahut bura bol raha hai Sana bhai aap ke bare me bol raha hai. Ki aap Vikrant Gupta ko ghuma rahe ho apane sath kewal views ke liye,1,2025-02-27T07:28:16Z,True
@DeurajBhai-po5zf,Sana bhai mast admi hai azaz bakri kaha muh chupaye baithe hai,0,2025-02-27T07:26:31Z,True
@mohammadyasirhussain2525,aao sikhaun tum ko ande🥚 ka funda. the dashing Pakistan history opening batsman Ahmed Shahzad. ODI world cup record.2011.WC.kynya.1.(18).SL.13.(23).CAN.12.(13).NZ.10.(16).ZIM.8.(11).IND.12.(22)._?WC 2015.IND .47.(73).WI.1.(10).ZIM.0.(11).UAE.93.(105).SA.18 (30).IRE.63.(71).AUS.5.(13).ye hai g Pakistan ki histry ke sab se bade opening best man Ahmad Shahzad ke ODI world cup record. Baki cricket samajhne walon Ko samajh a Gai Ho gi. Naam bade se bade darshan chhote se chhote..😅😂,0,2025-02-27T07:24:13Z,True
@pratikkumar5826,👑🇮🇳Vikrant gupta India's no1 journalist .have to tell tha truth .hamisha yehi hota he inka kehena.log ghabrate inse baat karne me .kiunki har sawal ka jawab he 🎤thank you for all pk people ❤. Apna bhai ko itna payar dene keliye💌,0,2025-02-27T07:22:13Z,True
@hariyadav1963,India team definitely go to pakistan,0,2025-02-27T07:18:31Z,True
@Mangoglassind,"Sana is in full mood with content of Vikranth Pak visiting series.

Forgot to make content on Afghanistan team win against England.

He down plays Afghanistan team and Afghan players. I seen this in IPL Auction time.

This much for Afghan young spinner? 😂😂",1,2025-02-27T07:17:12Z,True
@amitdiamonds,Sanaullah khan Vikrant ke naam par views to leh rahe ho par ejaz bakhri ko jawab kabh dego jo bezaati kar raha hai vikrant ka aur bol raha hai kyu vikrant Pakistan aaya jawaab do sanaullah khan,1,2025-02-27T07:15:20Z,True
@sanjoyroy1953,Are bhai iskoo app Pakistan main hi rakh loon ..aur vej na math .bohot bheja khata hain ...pod paka,1,2025-02-27T07:14:53Z,True
@gunsctrrrss,Border Todo 🇮🇳🇮🇳🇮🇳🇮🇳🇮🇳🇮🇳🇮🇳🇵🇰🇵🇰🇵🇰🇵🇰🇵🇰🌱🌱🌱🌱🌱,10,2025-02-27T07:13:44Z,True
@muhammadbilal1650,Dehli ka minar cafe best hai,2,2025-02-27T07:12:20Z,True
@dinikashmiri59,Karwa chod hota,0,2025-02-27T07:09:44Z,True
