﻿author,comment,likes,published_at,is_relevant
@motox3751,It is ironic how foreigners like chae and paratha which is actually the breakfast of the poorest of the poor in Pakistan,0,2025-12-05T06:39:30Z,True
@abrarhussain9104,Miss that biryani,0,2025-12-02T21:00:50Z,True
@abrarhussain9104,I only drink tea back home the best food. Lucky guy bro,0,2025-12-02T20:51:36Z,True
@FAK179,Good to see a responsible tourist who is paying for his food and not using the small stall people's hospitality! Well done!!,0,2025-12-01T17:04:53Z,True
@RANA_AHMED_69,"the best food in the world is biryani 
say if i am wrong",0,2025-11-29T15:18:51Z,True
@aslanh6477,India 🇮🇳 food cleaner ❤❤🎉🎉,0,2025-11-28T18:01:24Z,True
@Jenny-h5f,"Bro Next time if you visit pakistan, ask anyone from social media or local people, they will help you with food and how to try different foods, people will go out of their way to help you",0,2025-11-24T12:50:23Z,True
@Brightsparkles1234,"No such thing as best food every country has hundreds of different dishes and they are all enjoyed according to one’s taste,so to call one dish the best is not correct.",0,2025-11-23T09:33:40Z,True
@UBAYD_911,The chickens 🐓 did not look fresh lol 😂 😊,0,2025-11-22T20:20:25Z,True
@mamoonaanwar2156,"The kababs are made of chickpeas, chicken and some spices. Then mashed and mixed well. That's it.",0,2025-11-22T12:09:35Z,True
@mamoonaanwar2156,"Assalam o ALaikum! dipping Paratha is not culturally inappropriate, It's fine to do that. It it taste better.",0,2025-11-22T11:54:06Z,True
@Sammy86,POV me screaming to the screen: DIP IT IN THE CHAI YOU DODO!!!,0,2025-11-22T09:16:04Z,True
@suneelamohsinkhan3228,Kashmiri chai mostly in winter season,0,2025-11-21T09:02:25Z,True
@faizansiddiqui3794,Try this partha with fresh cream and sugar on top!!,0,2025-11-15T19:07:11Z,True
@Happyglider-yr1pt,To me the kashmiri chai 😘😘😘,0,2025-11-14T23:17:16Z,True
@Tobby-i9n,Pakistani usually eat egg with normal paratha.,0,2025-11-14T10:19:31Z,True
@noreenahmed5556,Omg youre making me so jealous with this video. This is what i miss the most about pakistan. Youre walking around and you sit down and get a shave.here in the west its wait lines and appointments. You can watch your food bei3bg made in front of you..the street vendors ugh priceless!! Thanks for this,0,2025-11-13T00:04:31Z,True
@ghazixdii,3:30 - lmao no this isnt cultruly inappropiate - chai paratha combination or chai paratha in breakfast is very very common in pakistan.,0,2025-11-10T18:36:37Z,True
@AdolfHilter-w1e,"You should also add hotels where you are staying , Your room you staying and paying in Pakistan",0,2025-11-07T19:50:50Z,True
@sirajabbasi8682,Really missing that savour food's pulao,0,2025-11-07T13:02:14Z,True
@Aiyshaism,"""Chai paratha"" is  the ultimate comfort breakfast for every Pakistani growing up in the 90s and the way you dipped your paratha in chai is the way to go...so don't worry 😅",0,2025-11-06T16:52:12Z,True
@noshabasaddiqa4933,Quetta Chai is famous throughout  Pakistan but sadly I haven't tried it😢.,0,2025-11-06T11:47:31Z,True
@HinaKhan-n1989,"Hope to see you around Hugh, and you will be my guest.. food is on me 😅",0,2025-11-05T18:33:17Z,True
@aimanrani7278,It's OK to dunk paratha in tea or to take a bite and sip the tea. But people normally eat omelette or fried egg or some curry with it.,1,2025-11-04T16:26:59Z,True
@Lambda-Cyhalothrin,"Islamabad Street Food Tour Time-Stamps
​[00:00] Intro to Islamabad & Starting the DIY Street Food Tour 🇵🇰
​[00:27] First Stop: Quetta Karachi Cafe for Breakfast
​[01:47] Getting the Fresh, Flaky Paratha Made
​[02:18] Tasting the Masala Chai (10/10)
​[03:32] Discovering the ""Correct"" Way to Eat Paratha (Dipping in Chai)
​[04:18] Motorbike Taxi & Showing the Clean, Quiet Streets
​[05:47] Second Stop: The Famous Tazib Bakery (33,000 reviews)
​[07:58] Tasting the Crispy, Golden Chicken Patty (10/10)
​[09:30] Tasting the Chocolate Fudge Donut
​[11:08] Third Stop: Saver Foods for Pulao Kebab (66,000 reviews)
​[11:47] Showing the Full Pulao Platter (Rice, Chicken, Kebabs)
​[12:47] Reviewing the Kebab Texture and Taste
​[14:27] Generous Stranger Pays for the Meal 🙏
​[14:50] Fourth Stop: Jamal Sweets Shop
​[15:59] Tasting the #1 Bestseller: Special Plain Barfi (8.5/10, ""Melts in your mouth"")
​[17:03] Ordering Kulfi Falooda
​[18:19] Tasting the Kulfi Falooda (Ice Cream and Jellied Noodles)
​[19:28] Quick Mention of the Street Shave Experience
​[19:40] Fifth Stop: Finding the Authentic Kashmiri Chai (Pink Chai)
​[21:54] Observing the Baking Soda Chemical Reaction (Changing the tea to pink)
​[23:40] Tasting the Kashmiri Chai (10/10, ""Milky, Sweet, and Salty"")
​[25:09] Final Stop: Karahi Tikka for Chicken Karahi
​[25:40] Watching the Karahi Being Cooked Fresh in the Wok
​[27:06] Making Naan in the Tandoor Oven
​[28:38] Tasting the Chicken Karahi with Fresh Naan (Easy 10/10, ""Phenomenal"")
​[30:08] Final Meal Cost & Video Conclusion",0,2025-11-04T15:17:20Z,True
@lunaticbalouch1,"It's been 16 yrs away from home thanks for sharing our beloved country with us, Fallooda comes with sweet buttermilk That's not fallooda indeed as a Pakistani I also don't know what it is supposed to be 😁",0,2025-11-03T13:17:03Z,True
@TheHmk177,Bro didn’t like shaami kebab! Loll,0,2025-11-01T11:12:48Z,True
@muhammadshahzebali4494,it must be national law for people of islamabad to visit lahore once in their life so they understand that savor food is trash.,0,2025-10-31T01:31:44Z,True
@MurtazaRafique,"Love from Lahore❤
Bro,,,,",1,2025-10-29T15:51:02Z,True
@saadgaming_31,16:55  eat gulab jamun instead,0,2025-10-28T21:15:36Z,True
@maryam6118,My favorite chicken karahi.very nice vlog ❤,0,2025-10-28T19:52:47Z,True
@moonahmedaf,I left pakistan in 2021 and i can’t believe it has gone really expensive,0,2025-10-27T21:42:33Z,True
@MrNib007,Pratha eats with egg 🥚 or chanay. 🎉🎉excellent work 👏 👍,0,2025-10-27T16:28:02Z,True
@mariamansoor872,"Kashmiri chai or sheer chai, is so delicious! I love it with sugar and a pinch of salt. Trust me it tastes amazing that way. If you crumble a bakarkhani from Tehzeeb in it and eat it with a spoon, you’ll be in heaven!!😂
Thank you for this video. Sitting here in L.A. With a huge smile on my face looking at familiar places of home.❤️❤️❤️",3,2025-10-25T19:55:19Z,True
@Basilica1,"Hugh when u get back from these tours ..
You should come to Gujrat Pakistan 
Make u real parantha & chai 
Real gujar breakfast 👍",0,2025-10-25T17:36:49Z,True
@saadsyed7531,Dude just casually & naturally figured out paratha dunking in tea hack 😅,0,2025-10-24T04:32:59Z,True
@Adilkhan-t2l5p,"Thank you so much for your commitment ❤ before 2017 when any cricket team specially Australia and England went to India, Bangladesh or Sri Lanka for cricket series I was suddenly crying coz I love both teams and their players that they don't come to our country but now I really happy that not only cricket teams but also foreign beautiful YouTubers including you to come our country and enjoy our delicious food and ancient culture also thank you so much once again for your love to our country lots of love for Netherlands people and for you❤❤❤❤❤",0,2025-10-22T07:29:09Z,True
@hidden_gems_of_huma,It is very culturally appropriate to dip paratha in tea,0,2025-10-20T16:26:32Z,True
@nagitoyup6929,Your view of Pakistan is so different than others saying it's extremely polluted,0,2025-10-20T14:42:13Z,True
@Zohrarizwan111,Yes u have to dip it in tea n we have pickle with it too,0,2025-10-18T23:04:49Z,True
@The_Void_Walker,14:13 Thats Called Shami Kebab and its made with Beef Or chicken  And chikpeas,5,2025-10-16T20:33:07Z,True
@The_Void_Walker,Tehzeeb is not only famous in Islamabad Its the Most Famous Bakery in Pakistan And its only available at Lahore Islamabad And Rawalpindi which is right next to islamabad,18,2025-10-16T20:26:12Z,True
@blackwing2.27,"Commenting from Kashmir! 
Orginal Kashmiri tea is Salty",0,2025-10-15T07:47:20Z,True
@bilalzaman4511,Dude you can dip anything in chai. That's the beauty of it.,2,2025-10-11T19:13:34Z,True
@Zeeshan_playz,if pakistani reads my comment tum nai dekha jo banda bol raha tha ki hamara restaurant best hai bhai qasm in becharo ko bhi nahi chodhta.,0,2025-10-09T16:59:27Z,True
@hs32245,Kashmiri chai is pink. But needs to be from a place which makes it properly and no add pink food colouring. Also should be salty and not sweet. And have lots of malai (fresh cream) in it. No need to have pistachios etc in it. It’s the colour from the leaves. And at home we don’t put baking soda. Shouldn’t be too milky either. But should be robust.,0,2025-10-08T10:12:50Z,True
@OttomanWarriorWoman,You need a nice cup of Kashmiri tea with mithai. You need to try the white barfi.,0,2025-10-07T20:14:00Z,True
@HassanKhan-r6h1p,Chicken karahiiiiiii is most delicious  foood,0,2025-10-07T20:11:31Z,True
@HassanKhan-r6h1p,Chicken karahiiiiiiiiiiiiii ufffff ❤,0,2025-10-07T20:11:09Z,True
@HYD_505,"This is culturally very appropriate to dip paratha in chai, do it with confidence, dip it generously, let it soak some chai, it'll be so good... Best combo ever. a lot of Pakistanis eat that for breakfast, it's a very typical Pakistani breakfast...",0,2025-10-07T19:35:07Z,True
@hamzamalik2827,Try cheese Paratha,0,2025-10-07T15:25:46Z,True
@EHmoderate,"It’s not masala chai, this is doodh pati/ Quetta chai a Pakistani speciality",0,2025-10-07T05:06:13Z,True
@NexxRage6,3:58 you should had to dip paratha in the tea for 3 second and then eat it or also you can eat paratha first and then sip a tea along with paratha 😂,0,2025-10-06T16:39:43Z,True
@khurshidahmad7805,So good to hear Kashmiri Pink chai. I'm proud I'm from KASHMIR and that chai is basically namkeen (salt) chai❤,0,2025-10-06T12:15:40Z,True
@muhammadabidkhan8768,I am sure you love the food of Pakistan,0,2025-10-06T01:31:39Z,True
@saadianasir7962,Missing savour food. 😰❤️,0,2025-10-05T23:49:08Z,True
@AsalChehra-z6b,Asking menu for chai paratha. Crazy,0,2025-10-05T16:56:03Z,True
@Ecstaticgoat,Yea you dip the paratha in the chai.,0,2025-10-05T16:26:07Z,True
@cricketking-jl4vq,if u wanna drink kashmiri chai then come in kashmir i will make my handmade kashmiri chai bro,0,2025-10-05T15:17:23Z,True
@bigooooo-allokeparathe,Bro savour kebabs are made with mixture of lentils and spices,0,2025-10-05T13:23:19Z,True
@MaharMustansarVlogs,Desi Breakfast 😊,0,2025-10-05T13:09:46Z,True
@iman-alibeg3849,"This is the first time I have seen Chai being made, I love Chai, what he has given you is Malai chai which is cream tea.  He put sugar cane and sugar in your chai with a pinch of salt, that is delicious.  How you are dipping your Partha in the chai is how its meant to be eaten!  you should try the goat trotters with nan bread its the best!",5,2025-10-04T22:45:13Z,True
@attiquerehman7158,Welcome to Pakistan.  But must try cheez paratha. In any Queeta hotal,0,2025-10-04T10:51:03Z,True
@sajjadlalani774,Hi mate right now you are in islamabad but when you visit Karachi you must try bone marrow biryani and fish katakat you will love it ❤,0,2025-10-04T08:36:34Z,True
@videoedits369,"have you visit develop side of this city? it DHA, bhaira town and gullberg plz must go to see the real side of this city",0,2025-10-03T07:33:27Z,True
@teresarose731,Chai looked like clabbered milk,0,2025-10-03T03:58:00Z,True
@TravelTrollsTV,Hi Hugh. Karahi is a curry. You can get it in any  indian takeaway in Britain. Usually called Karai on the menu. It's my go to curry dish here in England 😋,1,2025-10-02T21:46:54Z,True
@Storytellar,Heyy..................... you just missed the typical style of eating a Paratha🙆‍♂ You supposed to Dip it in the Chai 🍵 and then eat it 😂Save my advice for next time ✌,3,2025-10-02T14:09:32Z,True
@fakharahmadrasul,Food in all other Pakistani cities would be disappointing after Karachi.,1,2025-10-02T11:03:08Z,True
@aap9167,"Those are shaami kebabs, shaami kebabs are made with lentils mixed with meat and boiled... They are then fried in egg coating.",20,2025-10-01T06:19:09Z,True
@AftabAhmedAnsari,I love Pakistani food & hospitality,0,2025-09-30T22:20:55Z,True
@alizeh__edits,1:09 bro was Shouting Quetta Chai 😂 he want to Represent Quetta Chai ❤ i am Also huge fan of Quetta Chai😂❤ 2:55 you Should Eat Pratha with Egg if you Want real Flavour ❤ which is Called Anda Pratha❤,4,2025-09-30T14:41:54Z,True
@LEGO-ZAHID,As I am kashmir and our kashmiri chai is popular 😅,0,2025-09-30T02:37:35Z,True
@00shakz12,As if you asked for kashmir tea lad rate you haha pink tea is the best,0,2025-09-29T15:17:02Z,True
@Wflowergrown,"It looks beautiful, I hope our Ministers and bureaucrats and people in Delhi learn something from the cleanliness efforts and they also make Delhi beautiful, and less polluted.",3,2025-09-29T09:54:07Z,True
@samarthkvlogs8611,6:37 705₹ only 5 inch pizza...here in India in ₹100 you will get 7 inch pizza 😂,0,2025-09-28T22:13:47Z,True
@pinoexplainer,Yammy butt karahi best in Pakistan ❤🤤🇵🇰😇,1,2025-09-28T14:22:29Z,True
@purplefn3587,That paratha in the chai is VERY culturally appropriate,0,2025-09-28T00:48:15Z,True
@kennyx8482,"3:50 ""this region of the world really changed my opinion of how gud a tea can be"". lol i was brought up in sri lanka and went to uk for uni, and first cuppa tea i had there, someone made for me, i said ""this is tea? it tastes like water""..lol, but then you kinda get used to it",4,2025-09-27T23:39:18Z,True
@Random74-e2e,Being an afghan born in pakistan you will never be unhappy from hospitality the people and the food the culture is amazing thank you for showing a nice video with amazing food 😊,58,2025-09-27T20:46:49Z,True
@ہسبسو,"Hey brother! 👋 I saw your recent reel where you weren’t sure where to get your shalwar kameez stitched. I just wanted to say – if you ever need guidance here in Pakistan, whether it’s about good places to visit, food to try, or even simple things like tailoring – I’d be more than happy to help you. I won’t charge you any money or anything at all, I genuinely just want you to experience the best of Pakistan. 🇵🇰✨",0,2025-09-27T20:07:47Z,True
@chineselover8438,"Bro you aren't changing your favourites, you are preferring them on each other.
You can't dislike any Pakistani food. 
 You Should try some vegs. They're are also incredible as most of Pakistani population are veg",0,2025-09-27T13:11:34Z,True
@h.fm4,"DIP IT IN THE CHAI PLZZZZZZ
I was screaming ay my screen lollllll",6,2025-09-27T12:49:53Z,True
@javed_iqbal486,"Thanks brother for coming in Pakistan, if you go Lahore city please also visit Minar-e-Pakistan, Badshahi Mosque and Lahore Museum these are the historical places I hope you really enjoy ❤❤❤",0,2025-09-27T06:04:53Z,True
@user-noname.66,"I recommend to try Pakistani food
Chicken karaahi, seekh kabab, beef nihaari  .. all with fresh tandoori naan 

and biryani with mint raita and onion cucumber plain salald

Also try mixed vegetable pakoraa (starter) with mint raita

Ras malaiyee - very cold (dessert)

U'll experience bessssst food, best cuisine in the whooole world, I BET",0,2025-09-26T23:09:29Z,True
@user-noname.66,Bessssssst food Bessssssst people... Pakistan,0,2025-09-26T23:09:21Z,True
@areebaasim6573,when u went to tehzeeb u should have tried their pizza and mix salad these r their best selling items. their cakes r good too especially the mango cake but it must be out of season now anyway do try these items if u ever go again,0,2025-09-26T13:29:51Z,True
@amnagillani3154,having paratha with chai is not culturally inappropriate in fact it's a thing here  😂,0,2025-09-26T09:50:02Z,True
@RealMalikXtr3me,"Desi Kashmiri Chai (Pink Tea) recipe

🫖 Ingredients (2 cups)

Kashmiri tea leaves – 2 tablespoons (or 1½ tbsp if strong)

Water – 2 cups

Cold water – 1 cup (for shocking the tea later)

Milk – 1½ cups (full cream preferred)

Baking soda – 1 pinch (this gives the pink color)

Cardamom pods (elaichi) – 3-4, crushed

Salt – a pinch (traditional touch)

Sugar – to taste (or skip if you’ll add sugar later)

Crushed almonds or pistachios – for garnish",2,2025-09-26T01:28:08Z,True
@JiyaTop10,"13:00 no pink colour comes from pink tea, which is different from regular tea (leaves)",0,2025-09-25T11:59:00Z,True
@minasid95,You wont be able to find proper falooda except in Karachi. Unfortunately.,0,2025-09-25T03:03:55Z,True
@minasid95,3:31 thats extremely culturally appropriate. We definitely dip the paratha in the tea. ❤,1,2025-09-25T02:57:28Z,True
@ibanpedo2303,Pakistan's best food is leftover from China. Period,0,2025-09-24T16:21:31Z,True
@Sultan11-MF,Pakistani food is the best,0,2025-09-24T14:22:38Z,True
@moodwithfood5,"Pulao is mild and moderate in spices  while biryani is a bit high in spices, secondly both of them have totally different recipes....",0,2025-09-24T11:14:30Z,True
@PassionateCricket-6,Plz went to Lahore the heart of  Pakistan and also tell which one is best India or Pakistan,0,2025-09-24T10:18:29Z,True
@bladclot4234,"All bread whether naan paratha or roti is accompanys to dishes like curry omlettes etc, lol not meant to eat bu itself ppl !!!",0,2025-09-24T07:01:10Z,True
@RehanSayyad-i9p,The people the environment 🫀❤️‍🩹 love you pakistan from india,11,2025-09-24T05:16:58Z,True
@kicinder5759,I would love for hugh to rate mexican food,0,2025-09-24T03:41:10Z,True
@munibowais,"Hello! I am a local here in Islamabad. I wanted to tell you that you missed a few good things while visiting these shops. And also some local food that you might want to explore like Afghani Tikka, Neapolitan pizza, salted roast lamb and hot gulab jamun.

I would love to host you for one day so I can show you around some of the hidden good things in Islamabad. 

Kindly let me know. Good day!",0,2025-09-24T00:06:27Z,True
@sarkarsoniasarkar,How did you manage a lachha paratha with tea - no acidity😂,0,2025-09-23T22:16:12Z,True
@grjgnr,Rest for you maon.....At 23:20 the way you put the garbage in your pocket instead of throwing it away is really appreciated ❤,0,2025-09-23T20:28:19Z,True
@Sufiyan-q8j,i see your previous vlog man the glasses man had looted you so bad its maximum price is 250 man in 4500 you can get 20 glasses be careful man,0,2025-09-23T19:32:24Z,True
@muneeburrehman4698,You can always dip paratha in chai. 10/10 culturally acceptable. we do it all the time.,0,2025-09-23T14:31:55Z,True
@Cod_UR_gamer,"Huge fan of pak foods, but dont know if i can visit as im from india😂 maybe one day, when these 2 countries are in civil terms..  🥲",0,2025-09-23T09:20:47Z,True
@nusherasif7142,"Well 
Kashmiri Chai is not a Day Item 
People usually like to have Kashmiri Tea aka pink tea in afternoon or Evening 
That's why you were struggling to find one 
Great Video
Much appreciated 👏",0,2025-09-23T06:41:12Z,True
@nusherasif7142,"If you're coming to Lahore
I'd love to Host you✨

(You must be visiting Lahore btw)",0,2025-09-23T06:39:11Z,True
@kandahari_son,That Kashmiri Chai looked dope!,0,2025-09-23T06:28:42Z,True
@mistermacgray,"As an American who grew up eating nothing but American food and later learning g of other cultures food, I feel like life was a lie growing up and seeing how other countries foods are and cant wait to make their foods and try them as an adult.",70,2025-09-23T06:17:08Z,True
@rajkesarwani6587,Chai paratha looking delicious 😋,0,2025-09-23T05:09:11Z,True
@onepurpose1625,"Shami kebab, its made from lentils and mince meet. That's why the texture is abit mushy. People either like it or dont.",0,2025-09-23T05:06:41Z,True
@Janbaz838,Indians get heart attack to see the cleaning of Pakistan 😄,1,2025-09-23T04:44:49Z,True
@Armankhann8989,Tea is fantastic 😂❤❤❤,0,2025-09-23T04:43:24Z,True
@roshniarslan4026,"You should've tried Tehzeeb pizza, its my favourite. They have the best pizza i must say! Love your videos btw :)",0,2025-09-23T03:34:58Z,True
@icy5619,Butt Karahi is hands down the best Pakistani food ever,0,2025-09-23T03:34:53Z,True
@aliwaqar9765,You’re supposed to eat the pratha with eggs or chickpeas.. if you’re having the simple pratha without eggs 🥚 then we dip it in chaye (tea)..,0,2025-09-23T01:25:24Z,True
@turkeytheheaven,Queta cafe 😂best paratha,0,2025-09-23T00:40:57Z,True
@yawarlatif,Authentic kashmiri chai is salty not sweet,0,2025-09-22T23:51:55Z,True
@inasmile107,They could be seen enjoying chai at the Kashmiri chaiwala,0,2025-09-22T21:35:29Z,True
@NIDAKHAN-b4d9n,"Whenever i visit pakistan and specially Islamabad i must eat from Savour .
Best place for Dinner",9,2025-09-22T20:39:36Z,True
@srinuace9241,"Bro im waiting for you to try beef pulao, ask someone for best beef pulao spot recommendation",0,2025-09-22T18:11:17Z,True
@Animalfun2z,As Indian I can sqy that their Street food is hiegine than ours and street clean and no begger on street,27,2025-09-22T16:27:24Z,True
@Amna501-g2d,Tehzeeb is very good but a little expensive due to quality and taste and in our country only Islamabad is clean other city roads are full of trash like Karachi Faisalabad even small town where I live Akora in kpk but Islamabad is clean because it is capital,0,2025-09-22T15:49:34Z,True
@holy_marijuana,What's with the weird oversaturated filter/colour grading?,0,2025-09-22T15:19:02Z,True
@tajamalrafiq3651,"Shami kabab is with lentils and minced meat, tastes really good with anything.",0,2025-09-22T15:11:32Z,True
@zareenrifat2574,"The chicken on top of the pulao looked delicious, and also the chicken patty.",0,2025-09-22T15:00:11Z,True
@zareenrifat2574,Karachi serves you the best street food in the whole of South Asia. Welcome to Pakistan.,0,2025-09-22T14:58:05Z,True
@Sdssdf-o4q,"Someone asked where are the women in Pakistan? And here is my reply to them: You will find ‘females’ or women at the malls and shopping centres. You’ll find them at Universities, Hospitals and also in the air force as fighter pilots. You’ll find them at country clubs and farmers markets and at tourist spots. You will find them at proper cafes and high end restaurants. You WON’T find them at smallish food spots meant mostly for working class men. KAPEESH?",2,2025-09-22T14:21:02Z,True
@farahsselfcarespace,"The Kashmiri tea you had isn’t the authentic one, it’s just a Pakistani version of the Kashmiri tea. The authentic Kashmiri tea is plain with milk and salty not sweet. As a Kashmiri we make it regularly and we do not add any nuts or spices.",0,2025-09-22T14:02:17Z,True
@humabutt5414,Pakistanis only entertainment is food and you are proving it😂 .. when we want want to enjoy we go out for eating this is our source of entertainment here..😂 and when we go out of country to enjoy on a trip we actually don’t enjoy much at every stop we miss our food😂,1,2025-09-22T13:08:56Z,True
@humabutt5414,I’m going tehzeeb after watching this.. want to eat chicken pati with chai😂,0,2025-09-22T13:06:13Z,True
@yaverjavid,Kashmiri tea is a tea of kashmir and its salty. It's the nices thing witn bread and butter ever.,0,2025-09-22T12:18:10Z,True
@HinaKhan-cg4ro,I'm from Rawalpindi and my family love tehzeeb bakery ❤😂,7,2025-09-22T11:58:51Z,True
@Baig-86,Next time ask them to give you some cream with the paratha. Chai paratha and malai is GOAT,0,2025-09-22T11:37:43Z,True
@DemiDevil99966,"that is not authentic kashmiri tea, preparation of kashmirir tea takes days",0,2025-09-22T09:42:36Z,True
@farahfarah3169,Just you know the Kashmiri chai or pink tea is available everywhere in winter season only. Otherwise regular tea is consumed in all the seasons here in Pakistan.,0,2025-09-22T09:36:54Z,True
@wakeupmuslims4902,Hugh take a bit of paratha and drink a sip of your tea thats how we eat chai paratha 😂❤,0,2025-09-22T07:59:42Z,True
@knockknockpakistan,Authentic Butt Karhai is in Lahore (city).. you must try that and let us know the difference,0,2025-09-22T07:59:24Z,True
@ibraheemsohaib,Try Some Islamabadi Famous Beef Smash Burgers,0,2025-09-22T07:25:09Z,True
@MullBatoora-kf6cj,"You made me hungry with delicious food, clean and hygienic.",4,2025-09-22T06:21:32Z,True
@MullBatoora-kf6cj,Normal tea is made with black tea but Kashmiri tea is made with Green Tea and nuts pinch of soda.,3,2025-09-22T06:18:01Z,True
@salmerchant5411,Hey Hugh. Im visiting Islamabad from Los Angeles rn. Lmk if you want to meet.up for a meal or a chai.,3,2025-09-22T04:50:25Z,True
@averyciano7510,"I was on your TikTok a few days ago and had commented on your wording when you rated the corn, how it might come across as disrespectful with words such as ""worst"" or ""terrible"", but seeing you now with ""unsure"" and ""might need some flavor"" and learning even the basics of greetings and questions really makes me see how respectful you are to other cultures. I think it's important to recognize we're all human and may have impulsive reactions to foods we don't enjoy. I love your travel vlogs and how much you open us up to other places and different foods. I think I'd die for a cup of that chai right now, it looked so robust and sweet! Can't wait to keep following your journeys.",14,2025-09-22T03:38:22Z,True
@Loloheroo,"Hi Hugh,

You have alot ot questions about the food and stuff. It would be lovely if you ask your questions too the people who serve it!!😊",0,2025-09-22T03:11:27Z,True
@ananigma7,Wow! You look amazing freshly shaven actually Hugh! 😍,0,2025-09-22T02:17:00Z,True
@x-treamerz7705,"Hi Hugh in Pakistan, nobody dips paratha in tea ,We usually eat it with omelet or chickpeas… and of course tea on the side ☕",0,2025-09-22T00:43:40Z,True
@pav504,The way they pay for your meal such nice and humble people to tourists I love them,45,2025-09-22T00:10:00Z,True
@Leo-qy6xb,"eat egg omelette or fried egg with paratha, its a good simple combo.",1,2025-09-21T23:17:09Z,True
@dchan4836,I am impressed by the Pakistan and how generous they have been. I didn’t expect it to be so clean as well.  Is there a reason why there hasn’t been any females in these videos in Pakistan? The pink Chai looks so good and so does the chicken!,12,2025-09-21T22:28:33Z,True
@wahajqureshi69,Put green tea in milk and boil it with lots of sugar and youve got kashmiri chai,0,2025-09-21T21:50:48Z,True
@Ja.B-f4p,Chicken Karahi is always a great option.,1,2025-09-21T21:02:31Z,True
@Marketsandgadgetsinsights,"Islamabad is not the place for food, it is famous for greens environment , if you trying best food for Pakistan so you can go karachi 😊",0,2025-09-21T20:55:33Z,True
@meenha1976,"Kashmir chai is best salted and with crushed almonds and pistachios, it's heavenly,  they should sell it with bakarkhani",0,2025-09-21T20:40:57Z,True
@meenha1976,I love kashmiri chai,1,2025-09-21T20:36:49Z,True
@meenha1976,At least you won't get foods  poisoning in Pakistan 😅😅😅,1,2025-09-21T20:36:31Z,True
@meenha1976,"That's the famous shami kabab, in UK they have a restaurant which sells this pulao, chicken n shami kabab",0,2025-09-21T20:29:42Z,True
@mohammad-fm8td,"Being a Kashmiri , I can tell authentic Kashmiri chai is traditionally made with salt not sugar 😊",17,2025-09-21T20:19:20Z,True
@RAJPATEL-zo3hh,Bro looking for Kashmiri tea in wrong country 😂,0,2025-09-21T20:19:12Z,True
@meenha1976,I want some chai malai n paratha😢,1,2025-09-21T20:17:26Z,True
@smarthunk6189,"Yea  "" Tea is fantastic "" always",0,2025-09-21T19:48:16Z,True
@MrAbcd20,All look yummy 🤤,0,2025-09-21T19:44:29Z,True
@mohammad-fm8td,"That brown sugar is actually jaggery , he was asking  if you like white sugar or jaggery in tea. He ended up putting both 😅",0,2025-09-21T19:41:58Z,True
@orakzaihangu,Actually the Quita chai is very tasty ❤,0,2025-09-21T19:33:16Z,True
@priyankadubey9602,The paratha you ate for breakfast is called a laccha (means layers) paratha,29,2025-09-21T19:21:06Z,True
@9300358831,"You are wrong at 14:42 , it happened with you in India. Appreciate the good things but don't exaggerate.",0,2025-09-21T19:20:32Z,True
@priyankadubey9602,The kashmiri chai is called noon chai,0,2025-09-21T19:20:11Z,True
@wajfar4029,I eat paratha with chai too ❤,0,2025-09-21T19:08:04Z,True
@ali_haq20,Eggs go nicely with parathas.,0,2025-09-21T19:00:53Z,True
@Progamingx-p7w,Pakistani foods are great,0,2025-09-21T18:56:04Z,True
@WaqarShah-rx5np,Best kind of food ❤,0,2025-09-21T17:58:45Z,True
@rwjcreations1660,China chowk opposite poly clinic hospital.. blue area.. where u drink tea,0,2025-09-21T17:55:23Z,True
@romeodelta7004,Amazing video and insight into the culture and foods.  These people are definitely foodies.  Im just so surprised where you put it all!!!,5,2025-09-21T17:51:46Z,True
@RenukaPawar-f9p,Kashmiri chaai super tasty. Thank you.❤❤,0,2025-09-21T17:22:21Z,True
@taimoorchohan999,"You should also visit Rawalpindi. Its near to Islamabad. Instead we call them both ""the twin cities"".",3,2025-09-21T17:20:36Z,True
@arminashaikh4246,30:15 it's chicken karahi 😂,0,2025-09-21T16:57:31Z,True
@JoeSy9540,"@hughabroad…the chai guy first said “Pathan chai” and then was asking if you wanted white or brown (cane) sugar. I felt something was lost in translation there lol. Also this is just “chai” and not masala chai :)
As always thanks for the lovely content!",0,2025-09-21T16:52:07Z,True
@muhammadmaqbool3454,Butt Karahi also has a branch in UK and butt is a cast of Kashmir in Pakistan,0,2025-09-21T16:48:33Z,True
@muhammadmaqbool3454,Kashmiri tea is pink in colour served with dry fruit and is a Kashmiri speciality,0,2025-09-21T16:43:41Z,True
@Condor-999,"I really like the high-resolution of your videos, almost like being there. I find it interesting that people you encounter in various countries speak some English, along with the Kashmiri Chai Tea maker's shirt that reads, ""NEVADA BOXING v.s. US Naval Academy, March 4, 2017""",0,2025-09-21T16:42:16Z,True
@TheFinalRevelation2,I can recommend some palces where you will find amazing chapli Kebabs and Bannu Pulao made from donkey meat.,0,2025-09-21T16:35:25Z,True
@arminashaikh4246,You can ask them to heat the savoury items in a microwave,0,2025-09-21T16:35:02Z,True
@TheFinalRevelation2,"I live in Islamabad, here i eat out only if I have to. Too expensive and there is no single place with lots of options. Rawalpindi is much better.",27,2025-09-21T16:34:19Z,True
@arminashaikh4246,Next time try the honey malai paratha...its heavenly !!!,1,2025-09-21T16:29:26Z,True
@tr7426,People are sweet and foods are tasty,0,2025-09-21T16:12:24Z,True
@Kartoonz-i5s,Bro go to brim burgers,2,2025-09-21T15:55:34Z,True
@dlarsen325,That dinner looked absolutely delicious!,1,2025-09-21T15:33:45Z,True
@muhamadhaseeb1774,"You should try ""Loafology bakery & cafe"" they are one of the best if not the best bakery in Islamabad!",1,2025-09-21T15:05:17Z,True
@hoorainloyal2487,there are alot affordable prices as well,0,2025-09-21T15:03:31Z,True
@CreativeSHORTS-pu3kl,Bro u missed the tehzeeb bakery's loaded pizza,2,2025-09-21T15:02:49Z,True
@bhavanjagatap-ow2su,"Everywhr u search for chai, i know u love tht , 😊why cant u learn to make chai..it will be helpfull for u bro😅",1,2025-09-21T15:00:59Z,True
@sameerazenib9678,Those kebabs with the rice are Shami kebabs and often eaten with pilau and biryani. The meat which is normally either mutton or chicken is cooked with spices and chana dal and then semi pounded until half smooth hence the smooth texture.,3,2025-09-21T14:52:33Z,True
@shaheer.jameel,"Ok, so being a Pakistani, I prefer biryani over kebab pulao as well. Biryani Rice is steamed with gravy full of spices and pulao rice are steamed with chicken broth. Biryani usually are full of flavor and spices. Shami Kebab in pulao are made with mixture of lengils and chicken/beef. The reason for pulao kebab having so many reviews and famous is, First it is very affordable, secondly it is better for eating daily compared to biryani due to less spices and affordability. Savour pulao was initially launched in Rawalpindi and made famous by daily workers, labor and students. Have fun in Islamabad Hugh. H&N foods in Islamabad and Tribes are 2 good spots you can try out for desi food.",1,2025-09-21T14:43:32Z,True
@sameerazenib9678,"It is culturally correct to dip pratha in your chai. 😅
They all do it. 
Even here in the uk we do sometimes dip our pratha in tea..
Makes me want to have tea of which the best is dhud patti (tea leaves stewed in milk). Its just so smooth and thick.
And the kashmiri chai is lovely too...its sweet and aromatic and pink!
Great watching you enjoying yourself. I was there in April but makes me want to book a flight too..",29,2025-09-21T14:34:12Z,True
@jamesdude8464,Great video Hugh. That food looked absolutely amazing 🤤,20,2025-09-21T14:28:42Z,True
@Jackpot_Shorts,Savour is the best food in Islamabad in my fvrt then anything,1,2025-09-21T14:24:37Z,True
@prasantamahato555,You should explore street foods.,0,2025-09-21T13:58:19Z,True
@Id_give_a_sht,"Best food of Pakistan is in Karachi, and Islamabad is clean because it's all Karachi's money",0,2025-09-21T13:58:15Z,True
@AAhmad4,Pakistan is heaven for foodies .you have to visit every city have different variety every street corner have delicious taste...,109,2025-09-21T13:48:30Z,True
@JUAREZ_86,Great video... Good to see what Pakistan has to offer food wise... 🙌🏽,87,2025-09-21T13:41:19Z,True
@SaffaMazher-h4w,Basically that kebab is made of well cooked lentils and meat. And they mash it together thats why it is very soft.,2,2025-09-21T13:36:46Z,True
@torstimyle1355,Is one cup of tea really enough? I think two are enough. One for eating the bread and the other for just simple drinking plainly.,0,2025-09-21T13:36:21Z,True
@HemantKumar-hf4kf,bro chai is made by india pakistan is copy cat he copy us food,0,2025-09-21T13:30:08Z,True
@punjabimundaUK,The kebab was called a shami kebab...made with ground mince and chana daal and spices,1,2025-09-21T13:27:04Z,True
@Manahil914,Plain pratha are supposed to eat with the chai ....you eat in the right way,8,2025-09-21T13:25:47Z,True
@punjabimundaUK,Pakistan is the King of food. Heaven for foodies,77,2025-09-21T13:19:23Z,True
@punjabimundaUK,"Hugh... you're so lucky to be in Pakistan, I haven't been back for nearly 20 years.  Hopefully I will be next year.  My favourite city of all is Lahore. Glad you're enjoying PK",234,2025-09-21T13:16:13Z,True
