﻿author,comment,likes,published_at,is_relevant
@RanaTehseen-n5b,bro lahore is extremely beautiful and beautiful people  but traffic laws must be obeys especially zebra crossing  no way for pedestrians 😢,1,2025-07-18T08:49:55Z,True
@asadashraf2307,"Lahore is much smaller than Karachi, but it is beautiful and much cleaner. local transportation in lhr from one corner to other is very easy 24/7 but its not easy in karachi, going anywhere in Karachi is easy but there is no surity how to come back while using public transportation.",1,2025-06-20T15:50:16Z,True
@jkmototube85,"In India political party flags are not allowed on public property, i can see PTI flags on street lights in lahore",1,2025-06-11T15:43:59Z,True
@VKKULKARNI-sb7fr,Most of the Lahore area is dirty as I have seen in some other videos!,1,2025-01-22T13:47:46Z,True
@shinetop5772,"Best Lahore, ishlambad,,...like to india..superb places clean ,, open area,, less population,,,, best views...india ka koi bhi city ish tarah ka nahi hai...delhi toh gas chamber hai",3,2024-09-28T06:41:00Z,True
@Dr.MudassirDr.MuhammadMudassir,Lahore My Favourite City Love From USA (New York) 💕😘💕😘,4,2024-09-16T08:35:34Z,True
@soufias,"Must be a video from circa pre- 9 May history there are PTI flags on poles in every shot 😂 thanks for the honorary mention, even if unintended.",2,2024-08-24T08:12:00Z,True
@Rana_javed1234,"Gulberg k ilawa bhi pura Lahore dekhao. ta k sub ko pta chaly k Lahore kitna saaf hai. dust aur trafic sy bhara hua Lahore, jo k duniya me pehle numbr py ataa hai polution me. aur air quality index dangrous level..",3,2024-08-01T01:30:04Z,True
@Amrit_450,"Beautiful Lahore
Love from NEPAL 🇳🇵❤️",3,2024-07-29T10:20:03Z,True
@TheGlassworker.267Anime,😳😱Wow🤯 Love my on City 😍🌆 Lahore 🇵🇰,4,2024-07-28T19:22:41Z,True
@me_akshit,"Wow ❤ why u guys dont show us this side of lahore ..it looks beautiful ❤

Love from India !",4,2024-07-12T20:14:36Z,True
@SusheelSamuel,My Home Town Gulberg III,2,2024-07-01T12:18:12Z,True
@05udc08097,Lahore city is exactly looking like India's bhubaneswar city,3,2024-06-22T19:11:55Z,True
@esgempol573,"Lahore very beautiful 🌸
Love from Indonesia❤❤❤",7,2024-05-24T10:30:13Z,True
@karanchhabra5998,being india mujhe to lahore badia lag raha hai bhai kitna sundar hai mera ek dost rehta hai udhar  ..,8,2024-05-18T17:50:31Z,True
@HamzaAshrafHamzaAshraf-u7o,Love from Lahore ❤🇵🇰🇵🇸,2,2024-05-14T09:50:24Z,True
@iftikharbaig5085,Very nice .....Reminded me of my childhood memories......My school was near Qayum Chook and home very near to that. Gulberg Changed a lot in the last years but I still LOVE Gulberg,4,2024-05-08T09:20:00Z,True
@ammarsiddiqui5507,Very nice video Lahore read street views beutiful aria Gulberg good craptuire and trees 🌴 and roads very clean and best iamfrom karachi Pakistan best of luck brother more arias video again thanks,5,2024-05-04T20:53:58Z,True
@TalkForIslam-bj4ud,"Why our media and some vedio of Pakistan never show this. I never see this type of Pakistan ♥ I like 3 city's Karachi, Islamabad, Lahore. 
Love from Chennai, South India 🇮🇳",6,2024-05-04T04:10:46Z,True
@TECNOZAIN-h6c,Liberty market is in Gulberg,1,2024-04-22T03:40:31Z,True
@TECNOZAIN-h6c,"Lahore is my soul my comfort my happiness especially phase 3 y block,XX , in all  over Defence,  mall road Gunberg , model town and Valencia and many places in modern Lahore",3,2024-04-22T03:39:34Z,True
@m.a.choudhry9571,"Gullberg lahore very beautiful overall lahore very very beautiful 
Lahore Lahore hai 👍👋❤",1,2024-04-15T12:16:21Z,True
@saintsmafia1346,"Sir g bara maza aya dekh k, idhar islamabad ayen aur idhar bhi shoot karen, aur agar mein puchun, konsa gopro aur mount hoga apka? behtareen quality.",1,2024-04-07T11:53:06Z,True
@dheerajdhurve7236,"Aapke yha yeh jo bike chalti hai pakistan me inki price kya hai.....,?",1,2024-04-06T21:02:10Z,True
@AfzalMahmood-cz9kj,You should have your own transport if you want to see Gulburg Lahore.///. Afzaal Mahmood sindhu Chak.19.s.b.tehsil kotmomin District Sargodha Pakistan.,1,2024-04-03T04:41:11Z,True
@chirantansinghaain1206,I am from kolkata 🇮🇳 ❤️ ur nice city lahore.,21,2024-03-29T13:56:36Z,True
@hustler3577,"Mujhe bohot fascinating lagta hai ek Punjab India me aur ek Punjab Pakistan me,main hu Hill areas of North east India,kabhi mauka mila toh zaroor travel karunga bro",8,2024-03-23T16:19:01Z,True
@Prasanna-6557,"Ramadhan Mubarak ❤from Aamchi Mumbai, India 😀 🇮🇳",51,2024-03-22T05:19:52Z,True
@farooqahmad-bm5kw,My place gulberg lahore,1,2024-03-21T19:14:45Z,True
@mrpakistani6417,Beautiful! But still government didn’t designed it well because the old lahore nd new lahore aren’t separat but they have mixed it all,3,2024-03-21T18:12:14Z,True
@virtualtours9893,"Looks like small capital city Bhubaneswar of Odisha state of India. Mumbai,Gurugram and Noida are in different league.",0,2024-03-17T19:31:46Z,True
@-n3ih,Beautiful Lahore ❤love from Afghanistan 🇦🇫 ❤️,20,2024-03-13T22:20:03Z,True
@AbdulRehman-xk4cy,Amazing city is Lahore Pakistan 👍👍👍👍👍,4,2024-03-11T15:29:16Z,True
@meharvan6280,Am from Hyderabad India 🇮🇳 nice City Lahore,56,2024-03-05T12:03:36Z,True
@Hear8y,"Gulberg is beautiful indeed, Ghalib market and most of the main areas has been commercialised a long ago but still beautiful open area of Gulberg attracts people. if we want to see the wonderful houses just leave the main roads and go inside the society. somebody here talked about Noida , yes its wonderful place I will add Gurgaon also a beautiful place and most of the Chandigarh.",1,2024-02-24T23:31:44Z,True
@souravgd1722,"Clean and Beautiful😍 Lahore. Thanks bro for showing us ❤from Kolkata, INDIA.",27,2024-02-19T16:29:45Z,True
@himurakenshinbattousai1670,Beautiful and cleaner then our Dhaka.....love from Bangladesh ❤❤,87,2024-02-15T04:35:56Z,True
@unknownboy8202,Waah city bohot clean h.....👍🇮🇳,41,2024-02-14T00:36:37Z,True
@nrjkr_07,Nice city... Waise Liberty Market ke bare me bahut suna hun kabhi moka mile to jarur ghumne aaunga... love from India 🇮🇳,58,2024-02-07T16:25:40Z,True
@ibrahimgayasuddin9760,Bhai sab sach me Mumbai delhi ku bhi lahore jaisa clean hoona chaiye aur garden area bhi shame Indians politician.from Bangalore India . India is great,6,2024-02-04T17:21:49Z,True
@world-Mix-Eeaction,Bangladesh dhaka se atcha he  from India,16,2024-02-04T11:51:22Z,True
@dilip83kumar,Nice city..there is a city in Karnataka India by name Gulbarga(Kalaburgi) similar name to Gulberg in Lahore,11,2024-02-04T05:38:59Z,True
@andregonsalvez9244,Wow memories thanks for the posting  !   My family lived in Gulberg from 1972 to 76 before settling down in Canada 🇨🇦  .,13,2024-02-01T01:21:09Z,True
@sponjeyYT,As a Bangladeshi I think it looks much better than Dhaka city bit more organised than Dhaka,17,2024-01-29T16:39:23Z,True
@TravelandFoodScanner,nice capture and presentation of lahore city!,5,2023-12-05T19:39:43Z,True
@saidabutt797,"thanks for posting this video, i have not gone to gulburg lahore pakistan in 20 yrs, my died i could not come because of covid, i miss my house  and you drove by the street the cornner of bandu khan resturaunt on main bolavard the rd after gurumangat rd, can u please dr to the graveyard on gurumanget rd,my mum is buried there i could not see it in a vedio of driving on gurumangat rd",4,2023-12-05T06:01:46Z,True
@Allen_Nazreth1,"Beautiful city ❤🌹
Looks a clean one...
Needs more development especially .. underground wires, pedestrian s,lane management,zebra crossing, parking s & more...
Btw a good city ...",8,2023-11-20T19:16:25Z,True
@saadrafique8145,"Any video of Dha 6, defence raya and lake city",1,2023-10-12T03:14:51Z,True
@AnshuSingh-qw6tk,Lahore beautiful ❤️ Love from India 🇮🇳❤️🚩,112,2023-10-10T19:13:37Z,True
@Shoruu697,Which area is the most beautiful in lahore?,4,2023-10-08T05:38:42Z,True
@skvloggs,"Good video sir! I wanna ask you why do I see so many drivers in Lahore driving beyond reckless, drifting and zig zagging on a busy road where people carry their whole family on a bike. Is there no system as challan or police?",2,2023-09-30T04:18:04Z,True
@billigamer1223,More videos about lahore areas ❤❤,3,2023-09-29T20:24:18Z,True
@naureenhanif,More videos about gulberg  3 lahore please ghalib market,0,2023-09-29T10:47:41Z,True
@naureenhanif,Beautiful city LAHORE MY BIRTH PLACE,18,2023-09-29T10:42:53Z,True
@waqarmalik6437,"Brother 
Make full video dha",3,2023-09-29T10:28:42Z,True
