﻿author,comment,likes,published_at,is_relevant
@Destinationpak,Where are you staying? can you also recommend good family hotels?,0,2023-06-05T04:43:41Z,True
@aartiboricha5521,It's called bandhaji. Gujarat ki shaan hai,0,2022-08-02T09:31:54Z,True
@priyanaik0510,The tie and dye technique is called bandhani in India. Gujarati and rajasthani fabrics often have these tie and dye prints. Bazaar ki raunak dekh ke bahut achha laga. Haleem & halwa also looked tempting. Thanks for showing us Bahawalpur. Best wishes from India. 💐❤️🙏,0,2022-07-06T17:34:30Z,True
@MUZAMMIL_SHABBIR685,Mashallah inaya bohot cute hy ❤,0,2022-07-05T18:41:15Z,True
@smitapathak8709,Can you visit Pindigheb my paternal family lived there,0,2022-07-05T14:47:37Z,True
@kamranzaki3769,Sal ma ak tours  Kar Ka Pura sal upload Kar ta rahi tours family first in Pakistan😆😆😆😆🖐️🖐️🖐️,1,2022-07-05T14:01:29Z,True
@muhammedahlaq6206,kia bat hai Bahwal-pur ki ..kia memory's hain is city ki kitne Dastaan-e samaet Rakhi hain is city ne .or me to price dekh kar hiran rhe geya🤔 har chez ki munasib price thi .jesy aj kal ke halat hain hr chez asamno sy bt krti hain us hisaab sy price bilkul thek lagi.or jo dres ap ne tha liya tha uski price bi boht munasib lgi .or video boht hi achi lagi.good 👌,0,2022-07-03T19:33:33Z,True
@anilkumarram2690,"You have such great and informative vlogs. Your Audio quality is so bad. Why can't u fix it. I was going to tell u earlier but I thought u would have figured out by now. To be a good youtuber content,  video and audio is the formular. Get a good camera mic and get a Bluetooth mic to clip on to who you are interviewing. Thank you good luck",0,2022-07-03T18:56:59Z,True
@maryumhabib2190,"I have one question ""bahir ka khana khany say ap ka pate theek rahta hay "" 🤣",0,2022-07-03T13:30:12Z,True
@mustaqeemkhan7163,Sab ke price bi btao plz🙏,0,2022-07-03T10:37:08Z,True
@shehryarkhanshehryar5749,Allah apko logo ko bohot bohot zayada success kamyabi daey,0,2022-07-03T09:59:56Z,True
@iqbalsoomro5731,"Asalamalekum,
We love 💕 and miss all this here in Toronto. Although some stuff is available here may be the taste and atmosphere is not same as there in Bhagalpur.
All the best wishes to everyone 💝
Thanks for sharing such a wonderful video.
Kind Regards,
Iqbal",1,2022-07-03T03:59:45Z,True
@farzanasiddiqui7911,"The total no of Palaces in the Bahawalpur Division is 6 or 8
A lot of other historic buildings of the Nawabs era
One of the Largest artificially grown forests is in Lal Sohanra Bahawalpur",2,2022-07-02T23:41:22Z,True
@noorfarooq6789,Tani Bhai jo poch rahy the wo Tala hua pakoray wala nan he hum sab behad Shok se khaty hen or sahi time khany ka dopehar he boht yummy 😋 hota he,1,2022-07-02T18:24:22Z,True
@azeemsuddiqui9976,"Yah my lunch time too,but I enjoyed the vlog,and see u on next vlog guys.",3,2022-07-02T18:08:27Z,True
@strang3r_things,Kuch Allah ka khoif kro k choti bechi ko itni gaemi May sath le kr ghoom rahe ho kuch views k chaker May 🧐🧐,0,2022-07-02T17:50:25Z,True
@ashimkumarchatterjee9092,"Dear Immy n Tani Thanks Again  Showing  Market  OF 🇵🇰 . Always Enjoy 👀 YOUR VLOG .
unfortunately I  couldn't make vacation at PAKISTAN. 
 🇮🇳    ❤️   🇵🇰 
ashim  from  Bangalore. India",3,2022-07-02T16:13:54Z,True
@azharworldexplore,Sir ap ny qila derwer ka visit Kia ha k nhi,0,2022-07-02T16:05:22Z,True
