﻿author,comment,likes,published_at,is_relevant
@user-nk7dp8nl7j,"Yeh blackmailer anchor hey aaj Kal mounh utha k har jagha ghuss jata hey. Pakistan maen media pay camera pabandi honi chahya rights reserve honay chahyain. Baghair ijazat tasveer video bananay pay pabdandi honi chahya,qanoon ho gaa magar implement nahi hey.",0,2025-07-23T22:12:02Z,True
@KhaladaJabeen,Aureng zaib  media top main or bhi hindu or sikho ki havelio ki vidio bnata rehta hay in havelio ko lay ker in ki murummet kra lay aap bray talented hay yeh kam ker day gay,0,2025-05-21T20:07:56Z,True
@KhaladaJabeen,Awais mir sahab aik khatrio ka gherjo keh 1947 say bund hay chiniyot main hay is ki vidio media top main hay woh bra khobsoret gher ahsta ahsta khtum ho raha hay woh khred ker is ki murummet ker kay musium bna lay sialkot zila pusror main  sikh zaildar avtar singh bajwa ki haveli hay woh kai saalo say khali pari hay is ko bhi khared ker murummet kar lay shukria,0,2025-05-21T20:05:24Z,True
@ShaikhBaabar-l6y,Vlog acha hai lekin background music zarurat bilkul nahi is se disturb hota hai aur baat bilkul samajh me nahi aati 😮,0,2025-04-30T02:34:46Z,True
@VarshaSharma-tz8bf,Kapoor o ki haveli hai ye,0,2025-04-18T14:19:29Z,True
@asifpatel3512,Mujhe aisi cheese bahot achi  lgti h..,0,2025-02-05T21:28:16Z,True
@41surjit,Great staff thanks for hard work,1,2025-01-27T00:38:45Z,True
@MunirShahzad-k2z,Bi jabhee purani chizoon ki vdo bnaen two kamra zoom kar k naqshonigar dekhany ki Koshish Kiya karen,0,2024-08-09T11:27:36Z,True
@iqbalshahid53,Your efforts are appreciated. These are hidden treasures. The subject deserves professional presentation.,0,2024-08-02T14:40:06Z,True
@al-wassiuulaleem9500,Acha turkey mei safai rakhi jati h or baqi mumaliq mei but not in Pakistan,0,2024-07-11T14:57:06Z,True
@al-wassiuulaleem9500,Bhai safai haram h kia,0,2024-07-11T14:54:21Z,True
@Fairy-z6s,Kahan hai yeh haveli. Address ?,0,2024-06-14T13:04:14Z,True
@AbbasKazmi-q1u,Zoom kar ke dekhana kafi nahi ha kia,0,2024-03-06T05:35:43Z,True
@nassermj7671,Our - Lovely - Hindu Family.,1,2023-09-25T23:15:49Z,True
@fatimakousarvlog5497,Bhot pyari haveli lgi.bht acha kam kiya isky malik ny is pr,0,2023-07-15T23:11:05Z,True
@adilamin9805,May Allah bless and help you for holding such antique things. In ko to Govt support milni chaiya bt he described the pain and hurdle he is facing. Allah humy hedayat day. Ameen,1,2023-06-18T01:12:24Z,True
@xerxes9794,Safaiy be ker wa leay,0,2023-04-16T16:47:44Z,True
@kamrankureshi5615,Cheetah Lahore da. Yeh hai nar aadmi.,0,2023-04-14T16:16:10Z,True
@hajirashid4397,Adab app apne che nal se Pakistan hukumat ko agah kare our kanun banaye key jo Pakistan me hindu Sikh khatri Rajput jat etc haveli koti pind mandir guru dwara pind Kuru dwara viran our Muslim ko alert kiye hey un se durust our repair nahi ho pa rahe hey  is sabhi ko jo Pakistan se India sale gaye hey unhe repair karne ko diya jaye our ye loge lagat laga ker in ko bhara kiraya  in logo se dilaya jaye jis se in key pind haveli koti abad ho jayegi in hey 5&7 family ka hame key liye viza diya jaye ye loge apni milkiyat key dekh bhal our kiraya wasul ker sakte hey Issa nahi kiya gaya to Muslim 80% khane khujane waali ma niyaz chilla chati me barbad hey jo bat ware me Pakistan ko virasat me mili hindu sikh sardar bhai yo key our 5&7 nahi durust key to bachi ku Chi nest nabud ho jaye gee Pakistan key am dani bhi bar jayegi Jess’a kori dor chalu hua We sa Anna jana barega jo nafrat ban chuki hey khatam bhi hoge in key pind haveli koti mandir guru dwara abad ho jaye gey jis se Allah our guru Nanak key bani abad hogi,0,2022-10-30T16:10:09Z,True
@ifty90210,"Unfortunately the cameraman did take a close up photos , So we could see the kitchen’s equipment, I wish they can make it another video with close up shots !!",1,2022-08-11T09:04:11Z,True
@kattyalee6464,Beautiful haveli & i really like antique's 😍 mgr ap kam Sy kam bartan tu saaf ker lety 🙄,0,2022-08-10T20:01:53Z,True
@ranahussnainrananawaz785,Lahore mea kis jgha pr hai ye haweli????,0,2022-08-10T05:50:02Z,True
@sumrashehbaz4758,Safai e krwa lain brtno ki,0,2022-08-08T01:32:04Z,True
@Worldofword786,"Kabhi Unhon ny b koi aisi video upload ki ha jis bary main wo kahyn KY ye Muslim is k owner thy 
Apko Kya takleef parrti ha
Ap Kya dekhana chahty hain dunya ko????",0,2022-08-07T06:36:58Z,True
@shahidhussain6864,Yeh batain lahore androon Khan hai agar dekh I I ho to Khan dekhein maza aa gya,0,2022-08-06T03:31:12Z,True
@awaismeer4292,"Address:
Bhatti gate pani wala talab 
Saitho wali gali
Waller City Lahore",0,2022-08-04T17:50:04Z,True
@usmanirshad6864,Lahore ms kiss trf hai,0,2022-07-20T06:00:40Z,True
@nahzahrashid4192,"I think ye haveli aik drama main bhi use hui hai. The drama ""Daastaan"" which was on-aired on Hum TV.",0,2022-07-06T02:49:10Z,True
@qazihusnain5333,Bhai ya Lahore me ka jan ha,0,2022-06-06T05:03:39Z,True
@hashirnaeem2893,O bhai ye haveli itni purani nai awais meer nai kuch arsay pehlay he banai thi mai bhi uskay mohalay ka rehnay wala hu,0,2022-06-01T16:34:03Z,True
@zeemeta,great job AWAIS MIR. lekin dekhany se pahle safai ka khayal rakha jata tu boht bahter ho sakta tha. khas tor par bartan petti or boht jaga par mitti or gaddo gubbaar ki tahh lagi hoyi han,0,2022-05-28T12:34:09Z,True
@sumairjosh4437,Kabhi apnay baap ka lal qila bhi daikh laiy,0,2022-05-28T02:34:32Z,True
@mahnoorikram177,Address of this haveli?,0,2022-05-27T05:41:37Z,True
@saimaiftikhar144,Lahore me Kis jaga pr ha bai ham be ana chaty ha ham log Islamabad sy Lahore is jaga ko dkhana chty ha plz Zara name be bata dy is jaga ka,0,2022-05-26T13:57:16Z,True
@raziashaheen6765,Kis jaga pay hai lahore main,0,2022-05-26T10:56:26Z,True
@ejazkiawaz,Kindly share the location of this haveli. Thanks,2,2022-05-25T21:48:02Z,True
@mzubairpoetry,"Awais Meer Sahab.
Ek zindadil shakhs hen.
Un ki in haveliyon ko me Awais meer sb. ki haveli hi kahoon ga.
Aap kafi milansar aur mahman nawaz shakhs hen.
Allah inko salamat rakhy.",0,2022-05-25T20:53:19Z,True
@EmiShah12,Ye darwzy bht mazbot hoty ha toba hum thak jaty ha baja Baja k or awazni b bht hoty ha,0,2022-05-24T13:20:08Z,True
@farwakhursheed1272,Please address btayn ye Lahore mai kis jagha pr hai?,0,2022-05-23T09:51:32Z,True
@lamiaali5164,Amazing beautiful salute to this person. Kamal ka lagaoo or shoq baray or achay dil walay Allah inay or aatta keray wonderful zooq,0,2022-05-23T04:32:25Z,True
@beenishali4841,Lahore me kis juga pe hai ?,0,2022-05-22T23:00:33Z,True
@naveedalatif4612,Jo gr me jharoky Vali jaga Hoti ha vo akser meri Hoti ha.muje is bat pr bra groor ha.mera turus pr ja window se dekhny ka andaz buht asha hota tha.barish me to or asha.ha ha ha ha,0,2022-05-20T08:36:28Z,True
@tariqmustafa8746,Hindu bhai nai hoty Allah ka frman hai kafr tumhara dost nai ho skta,0,2022-05-20T05:35:53Z,True
@syedrafayali668,Lahore me is ki location kia hai. kia koi bata skta hai ? any body know the exact location of this haveli? i want to visit,0,2022-05-20T04:07:02Z,True
@mano..5009,meer sahab abhi bhi safai ki zaroorat hy,0,2022-05-08T12:06:07Z,True
@sumaiyanoor8300,We need to preserve all our heritage and history because it is priceless. Awais Meer is doing a great service in maintaining these two havelis.,18,2022-04-19T20:45:19Z,True
@zahramalik1278,"Video makers are  not too great.

U must show step by step whole haveli. Instead of bits & bobs what u r intrested in",0,2022-03-28T22:55:20Z,True
@mohsinqaseem7798,"Beautiful,Whts the address of this haveli?",1,2022-02-12T20:13:35Z,True
@foziaart6883,Love it so much lafzoo m byan ni kr skti,1,2022-02-10T16:14:44Z,True
@hamzajahangeer3348,Chanel ka nam lahore point hona chaiye,0,2022-02-09T20:13:15Z,True
@ranjhamudaser,Wao zbrdst  bhaiyo m aik chota sa insan hun m n b aik velog bnaya h plz mjy sport kryn mjy apni bimar maa k liy kuch krna h  mari maa dua dy gee or mari zindgi bn jay gee hmary halat achy ho jayn gy Allha ap sb ki mdd kry ameen,0,2022-02-08T15:04:51Z,True
@bintefatima1120,Crockery is awesome  but ye haveli kci bhoot bnaglay se kam nhi LG rhi😟,0,2022-02-08T08:06:16Z,True
@meow_e4s,Haveli ka sahen nahi hay kya...,1,2022-02-06T13:21:59Z,True
@theunknown3119,"Ye sub upper say
Nahi aye. 
Insano nay banaye
Hay. Same copy
300 years banai
Jasakti hay. No
Big deal. 
Hum log big deal
Banatay hay. Duniya
Oh bar purani chez
Doubara banai ja
Skit hay. BAP DADA
PER DADA KI NAKAL
INSAN NAHI BANA 
SAKTAY KIEW KAY
UN KO ALLAHA NA
BANAYA THA.",0,2022-02-05T17:22:41Z,True
@asifmunir8488,Abhy dhakan address to bato,0,2022-02-04T01:56:59Z,True
@beautyeasyway7789,Hlo sir hmry gain my b BHT purni haveli ur temple h Kya AP isy explore KR skty h,0,2022-01-31T16:16:20Z,True
@sushantmogha5457,Great ❤️ haveli,1,2022-01-26T05:03:27Z,True
@rukhsanarehman8203,Me apni family ko dikhana chahti hon. Location plz. Contact no lz,0,2022-01-25T17:56:31Z,True
@uzmarany4261,Mir sab ap ne buht mahnat ki...ye sab kam itna assan nae tha..ma b butt family se belong krti hu...oar ap ki ic kawish ko saalam krti hu...🙋,1,2022-01-23T06:27:51Z,True
@khadimhussinvirk1343,"Bhai ! Ya havali kahan hy ? Ya lahore k kic gate k un dr ka . Ic tk kasy jaya ja sakta hy , kon sy din ic ko visit kya ja sakta hy ? Ya malonat video main ni han . Plz inform .",0,2022-01-21T05:06:14Z,True
@imranfarooq5384,A one sir your efforts must be appreciated .I want to visit this gem of a place .plz some one where it is located in lahore,2,2022-01-19T19:28:35Z,True
@shafqatara3563,"Paly zamany kee log ziaha achee
Life spend karty thy...aj kal barger or pizza or sawarmah janwarion kee tarah khaty han disposable glass ma panee pee.. laity han..",1,2022-01-19T14:52:26Z,True
@RaheelaHussainChattarki,Bahot Bahetareen vlog hai Kya haveli Kya cheezen hai good job bhai,0,2022-01-18T13:44:31Z,True
@aartisehgal2709,I appreciate and love this man so much for his efforts. Sir do you realise what you have is such a treasure. This haveli is of the time when Guru Gobind Singh Ji was present and alive. 🙏🙏,14,2022-01-18T10:07:24Z,True
@666myname666,England mein dollar mahi pound hotay hain LAhori paindoo.,0,2022-01-17T05:26:55Z,True
@rizwinonu210,Owais Mir Mera Yaar Mera love      Arif Malik from Lahore,0,2022-01-16T16:10:22Z,True
@peacenlove4036,Despite those priceless antiques...bhai ka btane aur dikhane ka andaaz bohot mzay ka he 😊👍💐,5,2022-01-15T22:41:16Z,True
@fatimaajmal6113,Hahaha jnb hati ka danant dekhaya ka or khana ka or is ko is na kaisa kharida ma bought acha sa janti ho log fam hasil karna ka liya kitna jhoot bolta hai,0,2022-01-15T20:32:48Z,True
@nidabutt4654,Bohot hairat hai yeh ab tak humari nazron se chupi hui thi 😲,0,2022-01-13T18:30:24Z,True
@sanoberkhan251,Ajeeb si kashish hoti hai aisy videos me,1,2022-01-13T13:09:23Z,True
@babobhai4995,In ke darwazo py tex nhi laga muslim hoty to abhi tak haqomat darwazy hi le jati,0,2022-01-13T09:57:16Z,True
@usmanakmal7242,NEED  A CLEANING  THIS HAWAEELE,1,2022-01-12T21:33:41Z,True
@nuzhatzaidi7207,kitni tamannaon se dono bhaion ne ye havelian banai ho gi or ab ye shab kai mehnat kr rahe hain,0,2022-01-12T19:14:54Z,True
@zakirehlebait1254,Yeh Lahore m kis jagah pr hai address or timing bata dain,1,2022-01-12T18:57:09Z,True
@muneer-ul-islam6213,Photography quality is not upto mark. Better would be someone who is well versed with heritage and history would have added grace to the programme. Anyway a great job done to preserve history,5,2022-01-12T03:48:04Z,True
@rehanaimraan6375,Haveli ko saaf safai ki zarurat hai bartano par dust pari hui hai kisi se safai karwayen,0,2022-01-12T02:47:13Z,True
@noorfaheem6285,Adress btyn yh haveli kahan hy,0,2022-01-11T17:58:04Z,True
@alphamale451,"Kabhi Musalmanon ki haveliyan koi Indian nahi dikhata.. Hamida kishori ka bunglow in Mumbai, Liaquat Ali Khan Sahab ki haveli in Karnal Haryana, Mohammad Suleman k first two cinema houses in Mumbai, Nawab of Mahmudabad aaj ka ada Lucknow hai yeh saarii Indian government ne apne kabze mae le lien as Enemy Property. Inko koi Indian nhi dikhata bas Pakistani hi numaish lagaty hain.",0,2022-01-11T16:19:09Z,True
@rukhsanaperveen8885,We used to have big wooden box in my parents house full of old stuff. After my parents I don’t know they still have or not. Plenty of things doors dishes glasses lot of things remind me childhood,1,2022-01-11T13:05:05Z,True
@mowaiskhan8672,"Save this great ""Mir Sahab"" if you want to save Lahore....",1,2022-01-11T11:10:13Z,True
@nasiralinaaz,photographer itni khoobsurat haveli ko theek se shoot hi nhi kar paya,1,2022-01-10T21:58:49Z,True
@mianhabibullah4534,Owais meer ki haveli,0,2022-01-10T18:07:08Z,True
@77FNF777,Fakir khana col Tariq kee sister ka ghar tha jis ko museum banaya giya hai,0,2022-01-10T15:38:23Z,True
@bapuji2774,Gadhay de putter sab almarions ko khulaa chor rahay ho inko band tumhari baap karaiga,0,2022-01-10T12:53:36Z,True
@lifewithraana3618,Masha Allah bhut hi zabardast Allah bless you and your family amen,16,2022-01-10T10:00:27Z,True
