﻿author,comment,likes,published_at,is_relevant
@a.r2060,He took 300 instead of 1500 because he can leave you 1200 for his Gravy and Mutton Chickpeas that he sells but the other 300 is actually for Naans (Breads) that they outsource from a different vendor.,0,2025-11-18T09:30:48Z,True
@NoorHussain-y6b,"For next time I want to give you a tip, in Pakistan men don’t like shaking hands with women, instead ladies bow their heads a little bit to elderly men and they touch their heads with right hand and pray for them to show respect .",0,2025-10-30T10:33:57Z,True
@KhurramKhan-m9r3g,Wa alaikum well come to pak bro❤...stay happy always with  family..,0,2025-10-27T10:28:24Z,True
@EezeSolutions,I dont like the way he keeps on touching her and hugged her fucker shouldve been respectful its not like they are his family or childhood friend,1,2025-10-21T11:06:11Z,True
@sadiachishti12,I m from Pakistan go to the minare Pakistan it is so cool place in lahore,0,2025-10-10T13:29:11Z,True
@AhmadTariq-qi3qm,"I miss the food, started missing the aroma of Pakistani food.",0,2025-09-23T04:57:11Z,True
@Faisal_Awan07,"🇵🇰
I’m from Lahore, Pakistan. I really enjoy watching your videos, but I felt embarrassed after seeing this guide. The guide was so ridiculous. Next time when you come, please choose a better guide. 🙏
Thank you",0,2025-09-14T11:04:13Z,True
@rasazrandomkitchengardenin5929,Wel come to Pakistan specially lahore..,0,2025-08-20T14:16:31Z,True
@aimaniqbal8790,"The guide felt a bit overbearing at times. I have a feeling he's charging much more than what he's actually spending. Taking a rickshaw once for the experience is fine, but squeezing into one repeatedly while he focuses more on making his own videos than providing a proper experience doesn’t sit well with me. Hiring a car would’ve made a lot more sense and comfort.",1,2025-08-04T21:17:12Z,True
@MoonofYouTube,"Welcome to Pakistan 🇵🇰❤
Our hearts beat with joy to see guests like you in our land.
From the mountains to the cities, our love and hospitality will always be with you.
You’re not just visitors — you’re part of our family now. 🌍🤝",0,2025-07-17T22:19:10Z,True
@akatsuki1103,There is something fishy about that tour guide. Normally we Muslim respect woman a lot we don't hand shake or even hug them except our wife or mother. 🫤🫤🫤,1,2025-06-24T16:38:10Z,True
@tanhaparindaofficial,"Good to see that u guys are enjoying your visit of Pakistan,next time do contact with famous food vlogger and traveller RHS from Lahore in advance and then he u will have the best experience of lahore,also do check PTDC site to have complete info of the places u need to visit in Pakistan.",0,2025-05-27T07:25:59Z,True
@AliHussini-tq3rd,"i dont think ppl in the west really understand that how normal it is for muslims to not take money from friends, family and guests.",0,2025-03-23T09:01:25Z,True
@samikohar,As a pakistani i also want to taste this hospitality from other country but no country like pakistan's,1,2025-03-04T13:01:17Z,True
@moizuddin3759,Angrezon ko puri halwa chana tarkari khana skha deya.,0,2025-02-19T20:32:33Z,True
@IWouldLikeToEast,"Well done Lahore, Pakistan! Don't become like Europeans, British, Americans or Kiwis, they are the worst in the world!",0,2025-02-14T09:58:46Z,True
@ShakzqdinShakzqdin,Lassi = actimel 🙂,0,2025-02-12T13:19:06Z,True
@awaisch8696,"What is the name of this tour guide who is desperately hungry for the hugs , DONT HE KNOW THAT IT IS NOT ALLOWED TO DO SO WITH THE WOMEN ! OVERWHELMING MY ASS",4,2025-02-06T16:52:37Z,True
@khanabdullah2272,Lassi wala bhaiyya ek no.hai,0,2025-01-27T19:23:14Z,True
@Your_enemy1707,I'm also from Lahore,1,2025-01-27T19:09:03Z,True
@ShahidPunjab,I AM FORM PAKISTAN BUTT I AM IN UK DONCASTER THANKS TO SHOW MY PAKISTAN LOVE U  🥰,0,2025-01-21T03:44:46Z,True
@saadahmedabbasi163,"If you need any assistance within  Lahore or Islamabad than you could ask me without any hesitation..
Enjoy your tour here...",0,2025-01-06T18:40:04Z,True
@waqasshah5671,"This is becoming a business now. These goras coming to Pakistan to get followers and views and since Pakistanis have hardly seen a gora holding a camera in their country,  they are loving it as well.",0,2025-01-01T23:33:24Z,True
@czk23,Welcome to Lahore. The heart of Pakistan. 🇵🇰❣️,1,2024-12-30T21:46:36Z,True
@apkafan8004,"1:06  its not our tradition to hug females , If I ever came across this stupid so called guide I will personally teach him a hard lesson how not to disrespect our guests",1,2024-12-29T20:43:01Z,True
@Mukhan2512,"The truth is that Pakistani people are very hospitable towards foreigners, but not necessarily to people from different regions within Pakistan. For example, if someone comes from Peshawar or Karachi, which are far from Lahore and have different cultures, they may not receive the same level of hospitality. Similarly, if someone travels from Lahore to Peshawar or Karachi, they might not experience the same warm reception. This hospitality seems to be more pronounced towards foreigners, particularly when people see someone with white skin😄",0,2024-12-24T12:02:38Z,True
@Trainloverdoctor,ooohhh my God! you eat Halwa Puri the local traditional dish of Pakistan. The feelings/emotions of Eve is worth mentioning  when she is trying to say that the owner refuses to take money as you are our guest. You both (Bob & Eve) also kind hearted as I guess. Eve was just weeping to describe the love/respect which you collect from here. I really feel nice to see you to walk and enjoy the local street foods also love of peoples for others. this is indeed a true picture of Pakistan our beloved motherland. Love you all human kinds from Pakistan. Stay shine stay happy Bob & Eve. May you both live long.,3,2024-12-20T07:07:37Z,True
@Mostlytravelnfun,"Desi Ghee is hand-made organic butter, not oil. Oil is tail. 😂😂😂",0,2024-12-18T00:37:20Z,True
@dr.engineering201,"Embrace the 21st century, brother. In Western culture, it’s common to shake hands and hug—just accept it. If you believe a simple hug or showing affection can lead to inappropriate behavior, you’re the kind of Pakistani who brings shame to our country. They’re simply being friendly and have done a great job representing the nation. As a Pakistani myself, I’ve learned to accept these customs in order to better integrate with the wider society. Additionally, it’s clear from the video that both individuals were comfortable and consenting, so there’s no issue here. Please, be a bit more open-minded and understand that some Muslims are more willing to embrace other cultures and traditions than others. Thank you.",1,2024-12-17T10:38:24Z,True
@KL0-b2w,"its telling that the economy of the country is the worst it has ever been, yet they still do not accept the money",2,2024-12-11T17:39:58Z,True
@MuhammadKhurshed-y9m,"You can visit many many different places in Pakistan like northern areas , Murree, Naran Kaghan, Azad Kashmir, in lahore you can visit Changa Manga, zoo ,  Shahi Qila, Badshahi Masjid, Shalimar Bagh etc  and other cities of Pakistan ❤",0,2024-12-07T06:36:16Z,True
@marjooqerameemkhan5293,Didn't like your guide a bit. I felt uncomfortable,1,2024-12-07T05:04:06Z,True
@aeejazkhan,This are not the foood you should eat their are more better food than this in Afghanistan and Pakistan you are doing it wrong.,0,2024-12-05T18:19:47Z,True
@waqartabassum2062,Pakistan is the only place in this world where people don't take money from guests.,0,2024-12-05T11:27:26Z,True
@farrukhijaz9653,"Although the people are hospitable, but the amount you are trying to pay is nearly not enough. Specially at your first breakfast stop, that 500 would probably cover the cost of kachori alone.",0,2024-12-04T03:39:48Z,True
@Mustafabhai-qd2gz,we eat puri with chanay and halwa do try it thi way,0,2024-12-03T15:45:55Z,True
@Baehobie,"The locals might be too shy to ask for or take your money, you literally gonna have to forcefully give them the money you own them. You can even leave the money on the counter and just walk off.",0,2024-11-30T19:05:28Z,True
@MB-lp9kd,See white devils let any muslim ppl off money for anything....NEVER IN A MILLION YEARS,1,2024-11-30T14:10:28Z,True
@Let_mego9,You guys have no need of guide just search about lahore historic places and go ramdon you'll be feel very relax and calm,0,2024-11-30T06:57:39Z,True
@asifsolangi8462,U should take daily basis lassi😊,0,2024-11-30T02:45:27Z,True
@asifsolangi8462,Dear don't take oily things like paratha halwa pori so U should take other things,0,2024-11-30T02:44:42Z,True
@Silentauditor974,"I request that people both visiting and living within my British culture in England, assimilate, unfortunately it’s not the case. Just saying. 🤷🏻‍♂️",0,2024-11-29T22:06:13Z,True
@traveltodaywithtanveer9078,Welcome to Lahore ❤,0,2024-11-29T15:07:51Z,True
@sidrahashmi476,"Great to see you guys having a great time in Pakistan. I, having lived in the UK, want to say - Please don't mind the tour guide's lack of knowledge of personal space, there are every kind of people everywhere but mostly Pakistanis are good people. Also, if you see a poor-ish person not accepting money out of hospitality, try to leave some money for them, as they are not accepting money out of manners and kindness of their heart but many a times do need it. Just follow your intuition! Have a great time!",7,2024-11-28T15:55:44Z,True
@aaishaa19,"People in Pakistan are incredibly kind and hospitable, often refusing to take money from their guests—100 out of 100 for their generosity! However, it’s truly shameful when some foreign visitors exploit this kindness. They enjoy meals worth 1,500 PKR but offer only 300 PKR, or drink lassi worth 150 PKR x 2 while holding a mere 70 PKR to pay. While Pakistanis are welcoming and selfless, many are also financially struggling. The least you can do is pay the full amount, if not more, as a token of appreciation.",0,2024-11-26T19:22:44Z,True
@mohammadahad2886,after centuries of colonization and stealing of resources you guys still have something left to taste here in asia?,0,2024-11-25T14:28:22Z,True
@asifmahdi1987,"I spent my whole life in Lahore,but I still hesitant to cross the road 😅",0,2024-11-25T10:55:52Z,True
@AhmedAliihsan,These are my favrt breakfast,0,2024-11-24T19:42:45Z,True
@zaraapple7029,Hi Guys feeling amazing to see your breakfast at my most favourite place I’m lucky enough to eat this delicious breakfast every Sunday 😋,1,2024-11-23T18:16:32Z,True
@saeedanwar1394,"Welcome to Pakistan ❤
Wanna meet you in Lahore",0,2024-11-23T17:33:36Z,True
@syedaartcollection5563,Wo usko lassi k 20 rupy dy raha tha😂😂😂 3 glass k usny socha ki moo kala krwana ly k chado pary,0,2024-11-23T15:23:46Z,True
@shrafatali4506,"I live in Lahore city Pakistan , you were visiting near my house , I'm unfortunate ,I couldn't see you ,you are really sweet couple",1,2024-11-23T11:06:53Z,True
@millenniaofstories4336,Naan in lahore are actually really terrible they are very hard to swallow tbh..,0,2024-11-22T16:21:06Z,True
@Standwithjustice10,"If you visit Peshawar you will forget yourself. the food there is more than super tasty 😋 
Hospitality you will never receive any where in the world...",0,2024-11-21T20:56:39Z,True
@RM-ir9ol,Pakistanis are the most hospitable and generous people on this planet. Despite they are not rich by money but they are very rich by heart,41,2024-11-21T11:13:22Z,True
@ahmedaliadil786,This Nan chana and mutton is very good I already tried that really delicious,0,2024-11-21T05:09:40Z,True
@yamahaybr6759,"@bevetravels if you’re still here, i would really appreciate to help you in any means. (Btw do try lamb karahi, mutton kunna, lamb dumpukht) always wear a mask outside coz Lahore has the worst AQI in the world.",0,2024-11-20T15:15:35Z,True
@adventuretoonsai,Hey bro dont take this blue shirt guy with you ...im pakistani but he is using you...people not taking money for hospitality but this guy is taking advantage,0,2024-11-20T09:49:21Z,True
@muhammadjabbar4422,Welcome to my Lahore❤❤❤❤❤😊😊😊😊,1,2024-11-20T09:18:05Z,True
@ShaatirMujrim,"A guy left a comment below about hugging and handshake with women. He soumds right actually since its very uncommon to do this with women in public even if they are your friend or family. 
So travellers be aware with physical contact with Pakistani men specially. 
We are really deprived in terms of broad-mindedness and we do creepy things whenever we get a chance specially with innocent people who are not aware of our bad side.",0,2024-11-20T08:41:35Z,True
@She581,This only happens in the street not in the expensive restaurants.,0,2024-11-20T01:46:38Z,True
@usmanmunir2128,So u guys know now why LASSI is called desi vodka ... u guys were stonned at the end couldn't open ur eyes ;),0,2024-11-19T20:52:50Z,True
@harrisytb7,"Desi Ghee is Clarified Butter fromCow's milk, unlike Banaspati Ghee which is made from Clarified butter of Vegetable Oil.",0,2024-11-19T18:21:11Z,True
@Zibba786,Travel vloggers hack visit Pakistan and increase your views & subs 10x,0,2024-11-19T13:19:33Z,True
@valeedj,Mate u r killing me i used to live in lahore now i do visit sometimes.. u gonna make me book my flight… be safe have fun…,0,2024-11-19T12:53:15Z,True
@manikhan9299,Please change ur guide.. u dont need any guide in lahore please travel alone dont share ur travel plan with any guide,0,2024-11-19T07:07:33Z,True
@mohsinabbas7741,"BTW kitne oochay tareeqay se guide khana kha rha hai,muun bnd kr ke aur awaaz kiye bghair khaatay hain jaahil insaan",0,2024-11-19T01:40:18Z,True
@truthalltheway6791,Have pratha and omelette breakfast with chai. Order it as it is,0,2024-11-19T01:38:02Z,True
@truthalltheway6791,You have to chai ❤❤❤ you will be hooked ❤😂,0,2024-11-19T01:37:20Z,True
@truthalltheway6791,It's not organic oil. Ghee is purified butter. And tastes so good and rich.,0,2024-11-19T01:32:59Z,True
@salmanraza7135,Also must visit developed areas of lahore @bevetravels,0,2024-11-18T16:25:48Z,True
@YehMainHun,U guys still in lahore ? I Want to invite u for dinner,0,2024-11-18T15:47:07Z,True
@asadmahmood9284,Seein you gys try the delights of Lahore was a right treat. May have to visit at some point. Wasnt there anything terrible you experienced? surely there must be something.,2,2024-11-18T13:47:20Z,True
@hasansardar3417,"You are a nice friendly couple, I would say just do a bit of research before going to a place. You can get a stomach upset by eating local street foods which even i won't dare to try as a Pakistani. Also, it's not normal for guys to hug random females in Pakistan, In India and Pakistan there are a lot of creeps, I hope you understand what I am trying to say. 
Stay safe, I hope you have a good time here",0,2024-11-18T08:29:08Z,True
@umerbutt-eu4qd,"I am Pakistani, living in Toronto. i have a job early in the morning at 5, but I'm watching ur vlogs at 11 pm.lol thanks for visiting Pakistan n thanks to all who didnt take money n showed hospitality...try to get uber instead of taxi drivers please they charge you extra uber is perfect  or other aps",0,2024-11-18T04:13:25Z,True
@faisalshergarhvlog,Welcome to My beautiful country I hope you enjoy the best food and you also like most beautiful mountain area in the world,0,2024-11-17T22:37:58Z,True
@SamBeer-q1i,Welcome to Pakistan ❤ specially in Lahore 🎉❤,3,2024-11-17T20:13:01Z,True
@SyedaHaleemaofficial110,Come our home for dinner 🍽️,0,2024-11-17T18:12:59Z,True
@HussainShabbir-n8y,I am from Pakistan city Sargodha your videos so beautiful and good video,0,2024-11-17T13:44:31Z,True
@sid.tweety4030,"Lovely to watch your vlog. This guide is useless. He was more worried in dumping food in. Get rid of him and don't share your personal details in your vlogs where you staying at and whats your future plan is in detail to keep yourself safe.Try yourself and believe your instincts or find 
an educated person who will give more information and understanding of the area. Pakistan is a safe country but trust no one. Also when you are walking in a very tight streets or roads keep your wife ahead of you to save her from an accidental push.
Can't wait to see your next vlog.
All the best.",0,2024-11-17T13:16:21Z,True
@horizontravels,Pakistani  people's  is very nice and and Pakistan is awesome place to visit guys you should also add the prices of the hotels so that the people's in overseas know where is the cheapest place to stay,1,2024-11-17T13:04:10Z,True
@pakitanzindabad,If you still in Lahore must visit DHA,0,2024-11-17T11:37:29Z,True
@usnenakhan5,"So glad y’all are enjoying Pakistan :) but please keep in mind men and women don’t shake hands or hug each other in any case, plus people are more than happy to help you around the city, no need for a tour guide especially in Lahore and always ask a local the prices of common things like food or souvenirs to avoid any scams.",0,2024-11-17T11:27:13Z,True
@abdulshakoorsiddiqui6980,Welcome in pakistan lahore ♥️ ❤️ 😍 😘,0,2024-11-17T09:32:00Z,True
@mainmarket3781,"Hy Bob and Eve Nice to see you in Our Pakistan 🇵🇰 Great Video on Food Content 
And also great Hosting by @umairminhas ❤
Nice Selection for food walk with @umairminhas 
I have seen his videos he is expert in Lahore food",0,2024-11-17T06:46:05Z,True
@majidali7922,"you can also try payee(cow's legs) in lahore it's very very famous food in lahore 
watching you from lahore😍😍😍😍",0,2024-11-17T05:52:54Z,True
@sahibzaadadanish,"nehhhh did not like your tour guide though, being a Lahori, I would tell he was busy in eating and fliming only but not telling you about Lahore . I moved to Manchester already otherwise would have hosted 😂",0,2024-11-17T03:13:22Z,True
@Iliketosaynish,Mention the food prices please,0,2024-11-17T02:06:26Z,True
@moazzamaudit3915,"Welcome to the city of Faty Liver 
Can't resist the Food.... Its so Yummy 
We born eating chanas and die eating chanas


Have good time in my city and have a life time fun",0,2024-11-16T21:36:53Z,True
@RasheedRasheed-k6p,"Please  visit  lslambad city , Karachi  city,  please visit  new multan,,,  lahore city full visit,,,  and north Pakistan must visit it like so much beautiful,,,, Pakistan metro,bus, Pakistan  metro station, luxury  bus, luxury hotel and  brand  market,  and modern  street  food markets,,, 8 biggest shopping mall in  Pakistan  , Gulbary city , DHA city phase city , Bahria twon city, modern twon,,, and park view  city Islamabad  visit, and Lahore  defences raya city,,, and ❤❤😊😊😊in Pakistan 🇵🇰🇵🇰🇵🇰🇵🇰✅",0,2024-11-16T20:53:02Z,True
@kasturik2294,You didnt face smog issue in lahore?,0,2024-11-16T19:58:45Z,True
@princetipo2051,But u ppl nevr ask cup of tea inur country..ths is pakistn mr.not joke,0,2024-11-16T18:07:42Z,True
@MariaKhan-ys9pm,"We dont like when stranger men shake and hug women. 
Especially bcs of religion and culture too

I dont why that tour guy did it. 
Keep some distance with men.

 The most contact will be ( older men putting hands on head of women thats it) . 

And also in buses. 
Women and men dont sit togther. 
Both have different sections. 

If u are family u can sit togther.",0,2024-11-16T16:15:09Z,True
@m.g.a2672,"In Pakistan people do everything...shake hands and other stuff......just be aware of the smog else everything is like in western culture ....but there is some good people who follow the sharia and real islam....try it and learn it and you will get peace.....else enjoy your trip and be careful and enjoy.....watch out for Liars etc.....real islam is the best....
In pk its becoming like in west.....else the food is good ...enjoy the trip..
Greetings from Copenhagen Denmark",1,2024-11-16T14:29:37Z,True
@zoey-laaa,"If you like Lahori food, then you surely need to visit Karachi too. The food will blow your mind",2,2024-11-16T14:25:20Z,True
@mughalbaig1149,welcome to Lahore,0,2024-11-16T13:24:09Z,True
@asad-kc8zf,"Cooked and fried food is fine but be careful with raw food ie salads , yogurt etc. Unfortunately that also includes your favorite drink.. lassi. 
It’s customary not to take payment from foreign visitors but please be insistent on paying for the food. After all it’s their livelihood and its REALLY bad economic situation for average Pakistani. Welcome and enjoy.",1,2024-11-16T12:27:52Z,True
@Sultan11-MF,Pakistani food is Amazing isn't it,0,2024-11-16T11:31:10Z,True
@SabaKhan-sn1ry,Love from Pakistan I'm from Lahore Pakistan ♥,1,2024-11-16T06:43:43Z,True
@salmanskippy,I recently visited Karachi from Canada 🇨🇦 and used inDrive app to get around.  It's a lot cheaper and better than getting into a taxi or tuktuk.,0,2024-11-16T04:32:46Z,True
@Kiyani_Wajid,Dear viewer don't write negative comments. Our guest doing according to their culture so don't force them.,1,2024-11-16T03:37:05Z,True
@jinjinhua4242000xxx,"As a Pakistani, I must say that this tour guide's behavior seemed odd to me. I felt secondhand embarrassment throughout the video. Also, why did he hug her? That’s not part of our culture. He should be more mindful of such gestures. Additionally, the way he constantly held the camera everywhere felt quite disrespectful. I’m sure you must have felt uncomfortable at some point. In our culture, we deeply respect our guests, and this behavior does not reflect that.",2,2024-11-16T03:23:56Z,True
@farazdude4440,"You must visit Peshawar; the food and everything there are amazing. Also, make sure to visit Swat and Kalam as well.",0,2024-11-16T03:00:37Z,True
@MALIKBASIT92,Watching from Lahore,1,2024-11-16T01:16:56Z,True
@BroCodeGunner,Hope you like the hygiene,0,2024-11-16T00:29:00Z,True
@vlogswithrehan1446,Enjoyed this food vlog of lahore looking forward to ur next vlog take care,1,2024-11-15T23:19:15Z,True
@Kashmirchannel0450,"I'm overseas Kashmiri Pakistani, living in Manchester, UK. 
Please! Visit the beautiful places in Azadkashmir as well. Neelum Valley, Rawalakot, and Bagh are places like ""heaven on earth."" 
Kashmiri people are so loving and hospitable.",6,2024-11-15T23:16:52Z,True
@eddyditta1633,Nice  food   pakistan 🇵🇰 😋 👌,1,2024-11-15T21:37:42Z,True
@kamalshikarpuri1050,"you should be ashamed of yourselves, people, you have plundered the poor people's whole lives and you go there and they don't pay for your food. And if you do, you pay 300 rupees when it really costs 1500 rupees. The people are poor, but they have respect and that is part of the culture, that nothing is taken from yesterday. But the guests are obliged to pay for what they have eaten. You in England have no culture anyway, you have only plundered India, Pakistan and other African and Asian countries and done nothing. Shame on you. Shame on you and ashamed of you",0,2024-11-15T21:33:22Z,True
@tahirafzal3174,Best food in Pakistan mate,1,2024-11-15T21:01:29Z,True
@syedmukarram332,"ITS VERY OILY AND SEEMS TO BE VERY VERY DIRTY,AND TASTY TOO",0,2024-11-15T19:58:46Z,True
@qamarzaman7696,"Welcome to Pakistan and particularly city of Lahore. PS, you have the right guide guy. he's taking you to the right places.",0,2024-11-15T19:55:00Z,True
@romeodelta7004,"This young couple are sooo nice, humble and kind in their mannerisms.  They deserve to be treated well and welcomed.  Credit to them for trying varous foods, very adventurous of them.

Personally speaking, as a fellow Brit, I think for any foreigner a shake of the hand in more than ample.  Pakistan is a very conservative country, and as a foreigner we have to understand the culture and their norms as would any traveller coming to the UK.

Keep up with your travel guys and your clips.  Would really like to see the tourist destinations and a side of Pakistan that is not normally seen.",24,2024-11-15T17:53:51Z,True
@AmazingTricks804,Next Stop New Modern Lahore!,3,2024-11-15T17:02:43Z,True
@Saqibansari81197,If You Visit Karachi. Must Go to BunsRoad and Hussainabad ( Food Street ),0,2024-11-15T16:32:39Z,True
@SalmanAwan464,"Here's your food guide incase you feel like eating out at Lahore

Regional Food
Junoon Restaurant
Carnivore Restaurant
Ambarsariya
Butt Karahi (Mutton Karahi)
Arif Chatkhara (Tawa Piece)
Muhammadi Nihari (Nihari)

Fast Food / Continental
Amu
Rina's Kitchenette
Johnny N Jugnu (Wehshi Zinger)
Smash (Wedded Sheikh Beef Burger)
Coco Cubano
Paolo's Cosa Nostra

Places I'd recommend visiting

Fakir Khana
Wagah Border
Badshahi Masjid

There's a lot more. Let me know if you need any other advice. Have a safe trip guys",0,2024-11-15T15:44:32Z,True
@TheWarrior120,"I am an Indian let me tell you one thing Lahore is the best place to have different cousins, the variety that we can find in this city it's not available in the entire Indian subcontinent",0,2024-11-15T14:30:26Z,True
@theace786,"Book/Contact Adil Lahori, A travel guide. He will make your expereince unforgetable in Lahore. This guide is making her uncomfortable.",0,2024-11-15T13:58:11Z,True
@adnanahmed1775,"Wa laykum slam Dear.
How are you.
Pakistan was Very cheapest country.
Now here people are very cheapest now...
I am also come to from abroad.....
Simple.
Not more...
واللہ کلو پاکستانی حرامی",0,2024-11-15T13:20:04Z,True
@arslan.khalid,"Be safe, Lahore has very bad AQI these days. use masks and try staying inside",0,2024-11-15T12:53:00Z,True
@maheradwiah7951,Trash food 🤦🏻‍♂️🤦🏻‍♂️🤦🏻‍♂️ be careful. Carry anti microbial medication on hand,0,2024-11-15T12:44:59Z,True
@awaiskhan-r3u,Welcome to Lahore,2,2024-11-15T12:34:14Z,True
@mehersab2063,Hi dear friend I'm adnan from Pakistan Lahore Can we meet?❤❤❤❤❤❤❤❤❤❤❤❤❤❤❤❤❤❤❤❤❤❤❤❤❤❤❤❤❤❤❤❤❤❤❤❤❤❤❤❤❤❤❤❤❤❤❤❤❤❤❤❤❤❤❤❤❤❤❤❤❤❤❤❤❤❤❤❤❤❤❤❤❤❤❤❤❤❤❤,0,2024-11-15T11:37:04Z,True
@Raahim-Haniya,Use mask because smog in Lahore these days,0,2024-11-15T11:25:56Z,True
@HamzaKhan-in4lm,Bro you only stay in Lahore or you will move another city too ???,0,2024-11-15T11:15:18Z,True
@nazirmalik2757,"Love from Pakistan ۔،،
Avoid oily and spicy food ۔please wear masks to avoid smog ۔
Don،t trust every one ۔",0,2024-11-15T10:57:06Z,True
@Knight-ns5yn,"Did you guys get an upset stomach? Hopefully, the lassi wasn't mixed with tap water",0,2024-11-15T10:37:08Z,True
@ManiVloger999,Umar minhas good food vlogger in Pakistani man😊,0,2024-11-15T09:37:19Z,True
@mehakhtar2838,"Looking tour guide uncomfortable , may be you people feel that, enjoy your time, take care of yourself 😊😊😊😊🤗🤗🤗🤗🤗👍👍",1,2024-11-15T09:33:37Z,True
@sohailashraf3232,You may start your meal by taking God's name n enjoy more.,0,2024-11-15T09:29:38Z,True
@self-sufficient9315,"Hey guys it’s lovely so see you in Pakistan ❤ and both of you are so cute… lovely vlog..nowadays there is Some issue with the weather this year in India and Pakistan and China so plz cover up your nose with mask… 😷 go to mall, resturants or do indoor activity, and stay in great hotel to chill and relax.. take care ❤",1,2024-11-15T09:21:33Z,True
@afb8370,"If you guys like this food in Lahore youll go nuts in Karachi, also try out Hyderabadi biryani.",0,2024-11-15T09:20:55Z,True
@AdnanAtique-s1l,Lahore traditional breakfast and very popular here,2,2024-11-15T09:18:14Z,True
@samk1979,Welcome to Lahore..,1,2024-11-15T09:16:12Z,True
@husnainazeem377,"u guys should have had a better guide, i m from lahore and still this guy is making me uncomfortable",19,2024-11-15T08:39:46Z,True
@SalmanShahid666,You chose the absolute worst weather to be in Lahore !,1,2024-11-15T08:33:01Z,True
@RaviGoswami-xp9vv,"Woww...Lahore has been declared as heaven on earth🎉🎉... The clouds and Angels have come down from the heaven😁😘😂
What A view😂✌️",0,2024-11-15T08:25:54Z,True
@userytgh,"Watching from London, food next level, wao hospitality",76,2024-11-15T07:53:23Z,True
@umairminhas,"What a woulderful and amazing food walk with both of you, good 👍 luck for the rest of tour,",0,2024-11-15T07:38:59Z,True
@afifmalghani5202,Please wear masks in Lahore. The air is not clean.,1,2024-11-15T07:11:49Z,True
@AfzalAfzal-yx3ot,Great love from Lahore our honourable guests 🎉❤😂,2,2024-11-15T07:10:34Z,True
@Sleepless590,"Lahore di  gal hi kuch aur ahha
Guys hav fun in lahore 
Very old city thousands years old lots of rich  culture and  very nice friendly ppl .hospitality is on the other level.
U got 3 4 malls in lahore u went to the best one.
Try buy shalwaar kamiz for n ur girl its madebof cotton n u will feel very comfortabele. 
Try gol gappe street food .n dahi baley and offcource mix grill n curries .
Try go Islamabad",2,2024-11-15T06:56:58Z,True
@shahtaaj461,Well come to lahore Pakistan we love you guys to share true pictures of Pakistan.,1,2024-11-15T06:51:26Z,True
@qidaarshah,Lahore di chass agyi 😂,0,2024-11-15T06:41:06Z,True
@qidaarshah,Lahore lahore ayyyy❤❤😂😂,2,2024-11-15T06:40:41Z,True
@JiyaTop10,There is a food festival in Islamabad F7 from 15_ 17nov attend it if you can,73,2024-11-15T06:32:26Z,True
@muhammadshahbaz6471,Good ggg good Lahore Pakistan,3,2024-11-15T06:27:50Z,True
@MuhammadUsman-dk4kt,are you Guys still in Lahore ?,1,2024-11-15T06:27:36Z,True
@MyWorldnews,Have a nyyce trip in Lahore city...,1,2024-11-15T06:14:52Z,True
@adnanarif2878,Enjoy smog and aqi of lahore,2,2024-11-15T05:10:23Z,True
@Kangsaebyeokpookie,did you try food street?,0,2024-11-15T04:17:56Z,True
@suhaimi_othman1006,"Hye bob and eve my lovely idol's 🙋☺️, please try Biryani dish at Pakistan..👍👍👍",0,2024-11-15T04:03:32Z,True
