﻿author,comment,likes,published_at,is_relevant
@sagharbaig6322,Sabse worst paye Pani koi taste ni,0,2025-11-14T08:10:18Z,True
@NoorFatima-m4z,Ye shurba gardha Kenny k liye alalot dalty hen loghun se 2 numbri krty hen,0,2025-10-26T06:22:00Z,True
@SafeerIllahi,.koi taste nahi  ha  .koi service nahi .Ma na khay hain  passay or time zaya kia ha.,0,2025-08-20T18:29:09Z,True
@aurangzebzebi8551,No good teast,0,2025-07-30T08:56:47Z,True
@akhtarnaseer58777,WE  TRIED. FAZOOL TAREEN SHOP. ZALEEL TAREEN TASTE😊 WASTE OF MONEY 😊😅,0,2025-07-25T10:18:56Z,True
@drzaryunelia7966,"Sanitation is more important than political independence, Cleanliness is the major element to remained live healthy,how disgusted looking stuff is being eaten in the name of taste,just look at all  the trotters,is any one of them is looking eligible to eat.",0,2025-03-14T19:11:41Z,True
@MubasharAhmed-u7m,Bohat e fazul payee hai not a gud taste only 1 and 1 ustad Mano Siri payee,0,2024-09-25T15:04:25Z,True
@mianawais8607,"ghatiaa taste 

waste of money",0,2024-07-18T03:31:32Z,True
@StorySparkles373,I am from Lahore bachpan se khata tha ab wo baten nhi rahen bekar tareen ho gya inka meyar or smell bhi ati hai ab,0,2024-07-01T14:12:12Z,True
@junaidakram-kg5ft,"Phajkamar gya, ab ye log. Gnd bech rahay hn, koi zaiqa, taste k h bhe nhe",0,2024-06-04T13:17:23Z,True
@khorosh12,paye khaney aya he kehta mera pehla exposed he     😅😅😅😅😅😅😅😅😅 loog esi batein kiun kerte hain.,0,2023-11-30T20:06:57Z,True
@ipreet6850,"Lahore Street food is best , love from India",0,2023-10-29T19:13:19Z,True
@blackwhite6030,Taste toe reha Nahi in ca,0,2023-04-21T09:41:35Z,True
@syedshah9332,Taste was like expired paye and I think in lahore vender has better taste then phajja waste of if you want to waste your money then visit phajja,0,2023-03-24T14:46:54Z,True
@imranalam3080,Yar is fazol paya Pakistan  ma ni hon gay tasteless costly,0,2023-03-14T13:17:26Z,True
@ngabbasi,Hotel dekhaya Nahin,0,2023-02-12T11:14:32Z,True
@adeelshah9863,Aj hi ham na khye hy bill b zdaa lty hy 800 ka chota or bkws treen hy,0,2023-01-01T17:30:51Z,True
@hlchandraharidas,Ye ssale kutto ka khana ku khate hain,0,2022-10-04T10:21:38Z,True
@fatimairfan5048,Tumhari Amman kay hath kay Paye aisay hotay hain ?,0,2022-09-23T20:22:10Z,True
@faysalbutt2256,Toba bekar hoTel life mai khabi mut khuo,0,2022-09-13T12:51:54Z,True
@adameve5984,"Bilkul fazool,Kachi mirchein and tail hi tail........................",0,2022-08-17T14:18:34Z,True
@muhammadnaeem-mu2pv,AVERAGE taste nothing special,0,2022-07-06T16:01:18Z,True
@Rizidogar406,Bkwass treen taste... Totaly money wast... 👎👎👎,0,2022-06-18T15:09:15Z,True
@muhammadawan5796,TABARAK ALLAH AAMEEN PHAJA PA G IK PLATE MICROFAX KAR DAIN WADAY PAA BOHAT DOORE BAITHA HOON LAHORE NAHI AA SAKTA ABHI WADAY PAA G TABARAK ALLAH ❤️🌹❤️,0,2022-05-29T22:01:04Z,True
@imranshahrukh323,In k paye itne bekaar hotye hain k bus yar ab kia kahon logo ki baten sun kr dimagh khrab horha he,0,2022-03-19T07:19:22Z,True
@ahsansaeed8197,Most overrated food point.,0,2022-02-09T19:19:03Z,True
@shahbazfabrics8632,Mien nay recently taste kiya bilkul maza nahe ayia Aur costly be bhot ha.But no taste,0,2022-02-07T18:20:55Z,True
@maani876,Inky paye ya inky pass dastiyab paye,0,2022-01-25T02:13:48Z,True
@vegazone9572,Bht farig taste ha,0,2022-01-15T19:49:20Z,True
@AmReelExplainers,ghattia taste iska,0,2022-01-07T09:19:40Z,True
@old_school_gamer2347,In k paye khanay walon ke halat deikh lou health problem se dochar hein,0,2021-12-10T19:41:12Z,True
@fizzayasir6373,Bahot gandy bny huwy hoty hain.. lahore 1st time gye or in k paye kha k dil kharab ho gya h...kachy or koi zaika ni h... or costly b,0,2021-11-08T02:32:32Z,True
@Tarik-zq3ds,Only name no tastes phaja die his quality Dead.,0,2021-10-10T10:36:40Z,True
@kousershahid9606,Planted program one of bad paye ever,0,2021-10-07T00:16:48Z,True
@Mwkhalique,Do not try it... Intehai ghtya paye hn... Be inteha namak... Nothing worth spending your hard earned money,0,2021-08-25T20:52:04Z,True
@Bahria-Times,taste less intehayee ghatiya taste...,0,2021-08-23T15:26:01Z,True
@ZiaKhan-yc4vn,Farigh paye hain yahan wohi ate hain jin ko hanif siri paye ka pata nahi,0,2021-08-06T16:24:13Z,True
@Wksfunnyvideo,پاے صرف ڈیراغازیخان جام پور روڈ پل شوریہ پر واقع استاد شفیع کے پائے ذائقہ کیاہی بات ہے یہ میری گرنٹی ہے 💯 فیصد اگر یہ پائے پسند نہیں آئے تو پورے پاکستان میں آپ کو پسند نہیں آہیں گے  گرنٹی جو 30 سال سے چل رہا ہے آپ لوگ گگل میپ پر بھی لوکیشن  چیک کر سکتے ہیںqadimi paya hotal,0,2021-07-24T13:17:26Z,True
@AHMEDRAZA-nc2fy,"Boht expensive ha
200 tak ho a chaye",0,2021-06-30T16:54:11Z,True
@rehankhan8214,Peshawar mein kahe b ja kr paaye kha le es se behter taste hoga bakwas hai dekh kr ulti ati hai mein kayi baar ja kr dekh kr wapas lota hoon,0,2021-06-13T22:25:17Z,True
@mfaisal5410,The quality of phajja is not good also not hygiene,0,2021-06-05T17:23:58Z,True
@FyiSami_rajpoot,Bilkol khalat baat hy itna ghandha mahool hy in ki ghandghi dekh kar ulti A jati hy sab bakwas hy,0,2021-05-30T18:59:26Z,True
@MuhammadNasir-xv1mf,Laanat phajjay par,1,2021-05-29T15:53:03Z,True
@kanwalidrees6773,Hanifa payee temple road acha h,0,2021-05-16T10:11:46Z,True
@poshidon485,Phajja siri paye house of taste,2,2021-05-03T04:34:41Z,True
@manabhai2133,"Fzool treen , paye 
Bohut shouk sy gya tha main or kuch dost , but koi haal nai , koi maza nai pesy fazool",0,2021-04-23T22:13:05Z,True
@kishwarsultana8215,Sorry Allah ka Rizq hai but it getting persistently below average. The Owner ha moved to cash counter and  process being handed over to workers. There are above unique spots in Lahore,2,2021-03-06T04:17:52Z,True
@muhammadshoaib1979,Now it’s not a good option .. there are better paya available in Lahore,2,2021-02-17T12:45:25Z,True
@mohammadsharifusmani6310,Phajja kis ko kahte he,0,2021-02-11T13:23:59Z,True
@dodher76swabi,I don't believe on lahore restaurant mybe the selling donky payaa will never eat in lahore restaurant 😑,1,2021-01-22T16:46:46Z,True
@noneed4689,the Worst paye ever which they Cooked. 🤮,0,2020-12-23T14:43:41Z,True
@Miss-rose88,Bkwas taste wastage of tym ghr is sy best bnty,1,2020-12-08T22:56:33Z,True
@ZulfiqarAli-yb2bu,Very good nice beautiful food's of Lahore mashallah very good video Allah Hafiz 🇸🇦🇵🇰,1,2020-12-08T18:10:47Z,True
@deva1831,Chotay payee aj pwd islamabad branch sa khae ma na..koe taste nai tha.ma shocked ma tha ka ya bus naam apna sale kar rae.payee itne bekaar,0,2020-12-06T12:30:50Z,True
@umairsheikh9081,Bakwas bekar khanaiy he to karachi aow,0,2020-11-26T08:17:33Z,True
@azamrafique2397,Worst taste I ever eaten.....es se acha taste apko local gali muhallo me mil jye ga....don't waste your time and money 😡,0,2020-11-18T04:44:15Z,True
@naveedahmed4953,ni babar hotale purani anarkali,0,2020-11-16T09:27:18Z,True
@atifraza593,Paid content and totally unfair reviews from Urdu Point ab wo bat nhi wo zaiqa nhi rha Jo khabi hua kerta tha..,2,2020-11-13T11:53:25Z,True
@asadsaleemsaleem3072,Chor han 900 ke plate fzol taste lot rahy Han awam ko just name use Kar k service charges 250,4,2020-11-12T19:40:13Z,True
@mazeem5359,Bary afsos ki baat ha es bandy ny ya to kha ky ky hamy Jo Kuch Mila hmri deeynat hmri mehnat ar lite spices ki  wajja sy ha...ar 1 bar be ya nhi kha ky. Jo Kuch ha hmry Allah ki daaen ha ....us ki ahsaan ha....,0,2020-11-08T00:29:42Z,True
@Aroundtheworld-iz1ud,Very good paye,0,2020-10-25T18:02:14Z,True
@kidscartoonshow9822,InshAllah jab haam aye gy lahore to sb bagg jye gye INSHALLAH ANNI dal dy gy,0,2020-10-23T10:39:16Z,True
@asimtariq4000,Fazool paye ha,0,2020-10-13T14:10:56Z,True
@bilalmirza9488,Very Delicious paye mei jb be pak ata hon yahan say nashta zaror krta hon mere Lahore ki koi rees nahi Lahore Lahore hai...,5,2020-10-13T12:17:59Z,True
@fatimasumbal3852,Hmary ghar k pas hai ye shop MaahaAllah log boht aty hn idar lekin meri smj sy bahr k in logo k ghar ma shayad kisi ko bnany nhe aty naam he naam taste koi nhe,2,2020-10-11T01:03:02Z,True
@NomadicTravellerPK,"Sab se behtareen paaye hain Nasir k... Jo puraani Anaarkali bazaar main hota hai

Or iske ba'd ustaad Mannu k haath main zaiqa hai jo k chamra mandi main paaye banaata hai

Phajja kuch bhi nahi.",2,2020-10-03T18:19:28Z,True
@alihussnain1666,One word  for them is overrated,0,2020-09-20T19:36:42Z,True
@usamamuhammad9489,Pakistan k sab e fazool paye,0,2020-09-19T09:07:51Z,True
@rakhatent4762,Low quality and price too much high my personal visit.,8,2020-09-10T10:58:26Z,True
@farm2food966,Itne ghatiyaa paye poray pakistan main koi nhi banata hoga....paindu logon ka taste bhi paindu type hai phika pakwan chotiyun ki dukan,0,2020-09-09T20:42:18Z,True
@luckyboy7813,Yaar  bilkul bakwas h m bhatti gate Ka rehashi Hun in ki curry bohat Pani wali Hoti h pehlay wala seen nhe h ab bas name Ka paisa kama Raha h .. is say acha ghr m hmaray Acha bnay jatay hai mostly Sunday ko Alhumdulilah.. bas Allah jisay nawaz de.. from Malaysia ✌️❤️🇵🇰🇲🇾,0,2020-09-08T00:16:51Z,True
@hamzanadeem3340,"herat hoti hey in logun key khaney key mayar ko dekh kar,Paya ho ya biryani ya qaurma koi bhi cheez tu dhang sey nahi bana patey, Lahore mein sab sey ziyada hum ko khaney ki hi problem rahi",0,2020-09-05T08:16:54Z,True
@asuskkj,"O bhai yehan hamara ik janny wala admi kaam krta tha us ny bataya yeah murghi k panjo k shorba dalty hai ism isly taste hai, lakin yeah panjo ko achy se saaf nhi krty hongy",0,2020-09-05T05:15:16Z,True
@shoaibniazi6,Sab se achy paaye Lahore Mein Kahan milte Hain?,0,2020-08-31T15:11:07Z,True
@naveenkumar0624,As far as I know Atal Bihari Vajpayee was vegetarian,8,2020-08-06T04:23:43Z,True
@muzammilellahi4680,Aby Bhai ye btao paye me kon chutiya dahi dalta he agar paye khany hen to ajao Karachi tmhy apni shop k paye khilaun Qureshi paya house North Karachi karela morh contact 03111826134,2,2020-06-17T21:41:25Z,True
@fragrancepoint5335,what about delivery services to other cities,0,2019-12-21T17:38:59Z,True
@zaheerkhan1274,Us se zada bakwas paye pakistan main kahi nhi,1,2019-12-10T06:35:55Z,True
@saimkhan1373,"Time pass,,,60 sall old naam pe loot re hain,,, actually jis ne asal taste kiye hwe hain unke liye bekaar,,jo naam k chkr me 1st time ata wo phas jaty",5,2019-11-27T18:42:29Z,True
@shazerj6067,Baqwas paye ho gaye iskay ab. Hanif kay ziada achay hain. Fazool paye aur ye baba sala jhoot bol raha hai.,1,2019-11-12T13:46:55Z,True
@waqasmalik5607,khotta khaya karo tum ya Dado😂,1,2019-11-11T06:33:13Z,True
@razirehman8565,bakwass over rated,0,2019-11-10T18:03:17Z,True
@razirehman8565,bakwass over rated,0,2019-11-10T18:02:51Z,True
@modeltown4065,guys taste k charr me apni money waist na krin,0,2019-11-09T08:56:46Z,True
@allahwasayasb3309,Lahore SB beqwass h,1,2019-11-09T04:54:55Z,True
@Salmankhan-vn6hh,"Bhai log please bakwas seri paye hai aur expensive bi hai almost 950 ki palate hai 
Koi faida nahi khanay ka 
Apna time aur paisa bachao aur Mua ka zaaikaa",2,2019-11-08T18:03:38Z,True
@sohailkhan-bo6ej,Khuda ki qasam phajay ka koi taste ni ubla pani ha mana khaiy ta paisay waste kia.muja muft bi day ni khaoo logo.apna gahr ma pakaoo sab sa acha ha.paisa waste krna ha to phajay choor ka pas jao.ab koi taste ni ha,5,2019-11-08T15:59:58Z,True
@malikfaheem3067,Bohat bakwas taste he,1,2019-11-07T20:09:15Z,True
@zohaibahmed6015,Fazool paya hai maina 1 bar khaya hai lahore main,2,2019-11-07T19:35:37Z,True
@thatWASSILLY,Best taste ever must try   foodies ❤❤❤,2,2019-11-07T19:13:51Z,True
@ishtiaqahmed2706,"Aj he khiyan hain.
Below Normal taste.
Very expansive 500 k paila.
07/11/2019",3,2019-11-07T18:25:35Z,True
@ubaidrehman9309,Chorr ha phajja payy wala ratee boutt ha,2,2019-11-07T18:16:06Z,True
@abdulhadi-lu1ur,Hotel khali para ha,2,2019-11-07T18:00:28Z,True
