﻿author,comment,likes,published_at,is_relevant
@heraprince1306,Well effort traffic police ❤,0,2025-08-16T19:32:34Z,True
@deepthoughts-c2r,yah pura mafiase hote Hain.,0,2025-08-15T19:46:30Z,True
@JagjitSinghKHANGURA-y1o,ah rat nu chiken drink good food jo 2lakh bal ne khanda jo ad khanda na,0,2025-08-07T06:25:34Z,True
@UbaidUllah-n9y6j,Or na yateem ko khana dy ty hn allah farmata ha,0,2025-07-16T20:30:14Z,True
@AbdulJabbar-wd3ei,Karachi me hona chaiye,0,2025-07-14T09:59:55Z,True
@nooremustafatrading6969,Well done team,0,2025-07-04T17:43:40Z,True
@bigdon1143,"Punjab k har city main aysa hona chahiye, q k in baykarion main bohat say log criminal he hotay hain .in main say Kuch log criminal ko muhbariyan kr k wardatain be krwatay hain",0,2025-06-16T12:57:48Z,True
@muhammadhaseeb2661,Very Smart  anchor .but sister ap bhot taiz ho ap ki bat jo bola k lokan dey karr sapp chad k appi pharr lehnda was so funny 🤣,0,2025-06-05T18:05:19Z,True
@mammonG786,Ab daikhain police inko control krnay main kamyab hoti ha ya in say der jati ha 😂😂😂,0,2025-05-30T23:33:29Z,True
@suhailkhawaja9110,SPEAK PUNJABI WITH ILLETERATE PUBLIC,0,2025-05-16T21:38:45Z,True
@motivationalhype2025,If work = money = no begging. thats it(but mehnat kno kry kabhi kabhi kr ly ty ah),0,2025-05-01T19:16:43Z,True
@nadeemorakzai9614,"Pakistan main zinah Ka bohot bara network hai.
Ladies police main bhe mukamal drama bana liyea hai.
Salary's pocket main dal rahi hain.
Pakistan ko tamasha bana kar rakh diyea hai",0,2025-05-01T12:57:29Z,True
@Nazlikhan-f7i,Mam model colony model town lahore me boat bekari hein,0,2025-04-24T06:44:57Z,True
@aqsanayab3348,Ye bohat acha kam kia hai. Ab tu Bachy k lia daby wala dood lena hai paisy de do. Allah jany sach bolty hain k jhot.ALLAH hidayat de....,0,2025-04-22T10:30:50Z,True
@khanzafar4867,Good Job wapda town  ka pass Night ko family mangta haan,0,2025-04-22T04:21:32Z,True
@rubinasaif7388,Bhot acha kya inho ne awam k nak me dum kr rakha hai,0,2025-04-22T04:07:37Z,True
@learnwithsumbel00,"Good operation, Pakistani awam agr mangny walo ki bjay mazduri krny walo ki hosla afzai krain to aman ka culture grow kry,kyun k farig dimagh shaitan ka ghr hota ha or shaitan fasaad krwata ha,",0,2025-04-20T16:16:20Z,True
@saeedahmed1612,In lahore in Ramzan 2 billion  rupees these baggers all together take out from the citizens of lahore .. This research  by famous company . government have all the data.,0,2025-04-19T13:41:52Z,True
@NosheenShoaib-l6u,Koi Sargodha Mai bhi yeah operation kar ly,0,2025-04-18T04:53:10Z,True
@arbutt2384,Ye Lahore k nahe ha bygerat ye Peshawar mangte Hain inko Nahin chhodana chahie,0,2025-04-18T02:27:32Z,True
@user-bb8ih9il8b,Allah paak en dehshatgardun ko nehesto nabood karne walah hai bhot jald insha allah🙏🏻🤲🕋,0,2025-04-17T14:46:03Z,True
@sss-f2j,Ay sub sadi Hukuomat de taraha he manghday nay faraq anna wain keh ay chotay faqeer nay tay Hukuomat wadi faqeer  Ha haa Haaaaa,1,2025-04-16T10:53:12Z,True
@SOUNDWAVECHANNEL123,"Zabardast kaam kar rahain ....  sach main in logon nay issay apna pesha banliya hay .... man nay khud daikha hay .... hamari gali main 2 , 3 din kay baad aik miyan or biwi mangnay atay hain.... us ka miyan aik blind man bana huwa hay .... asal main wo blind nahin hay.... man nay khud ussay kuch din sahi salamat apni biwi kay saath daikha huwa hay .... wo dono mangnay kay liye hamari gali ki taraf a rahay thay.... bilkul theek thaak thay or badi tezi say chaltay huway a rahay thay.... phir jaisay he wo hamaray ilaqay main dakhil huway to us ka miyan foran blind ban gaya .... man kafi arsay say ussay note kar raha tha ... magr man nay ussay kuch nahin kaha... kiun keh mera kehna nahin banta... wo us ka personal matter hay.... man kon hota hun ussay samjhanay wala ya roknay wala.",0,2025-04-16T08:33:09Z,True
@ranabashirhussain681,Road per dawat e Islami k begging counter stalls install hn in ko be khatam kiya jae.,0,2025-04-16T05:00:22Z,True
@Pardesilife1234,Chote bekaari tu pkre gae bare kakiya higa😂😂😂,0,2025-04-13T13:30:23Z,True
@asiya5306,"Good, i never give thm money, in islam it's not allowed",0,2025-04-12T13:01:10Z,True
@AbrarShafi-qs3be,Eid pr bhahar khana khany gye in bhikarion ny jina hram kr dia police waly sahi sy apna kaam nhi kr rhi insy sakhti sy nipatna chahiye,0,2025-04-12T03:57:38Z,True
@NidaAliGujjar,Shukat khanam pr bih crackdown kry,1,2025-04-11T06:23:51Z,True
@emanfatima_907,Bahot acha kam a,1,2025-04-11T05:41:19Z,True
@shabbirdhillon8752,Ataher Waheed sab great man hein jahaan be jaty hein bhut achaa kam krty hein yeh gario walo ko psay lay baghair chorty ni shishay ko thapar marty rhty hein,1,2025-04-11T01:33:16Z,True
@travelservices740,"Kindly  display the contact cell no, so can explain the dirty work done by the migrated criminal are become residents of lahore,",0,2025-04-10T21:05:39Z,True
@MalikBruri,SALUTE CM OF PUNJAB MRYUM NAWAZ - THESE BEGGERS ARE KIDNAPING OTHERS CHILDS - INVESTIGATE IMMEDIATELY. MM.ALI,3,2025-04-10T16:28:08Z,True
@ZafarAleem-c3y,In mein se HR ek  k ghr mein judges wale styling S3 HR El k ghr mein El truck bhejhna do photography b nahi Kanye keeping ge dketyan keeping GE ya chkle khane khilayein lying ge  so Pakistan mein HR losing Kirk pr b km S3 km szaye Mott dena start Kr do phir ho skta hai jurayem mein kmi aaye agr kmi  name aai  to Kansas km khan paak to ho hi jaye ga,0,2025-04-10T15:00:15Z,True
@uzman7316,"V good job...yeh signals py bht tang karty hain.... especially jb family k sth car m hn.
.",4,2025-04-10T13:59:21Z,True
@skyline12342,"Ohh my god lakh dee lahnat ess haqoomat per 
Kanjar haqoomat sirf gareeboo ko maar rahi sirf gareeboo ki dushman hai,
Imran Khan nay in gareeboo k Liya langer khanay banay,,,",0,2025-04-10T13:15:37Z,True
@tariqjalil230,"Comfortable zone Nahin ""comfort zone"" hote hey, Angrezi na he blain to Acha hey",0,2025-04-10T12:50:13Z,True
