﻿author,comment,likes,published_at,is_relevant
@mianzan8926,"If you are going to spend 200 carores, then you need some colorful stuff. Also donot forget poetic fantasy. Sanjay's effort should be appreciated. Despite some short comings it was a nice production.",1,2025-11-26T04:49:34Z,True
@MirsarfrazMahmood-mt4no,Accurate research as always similar info I had thank you Genius Dr.Sahib,1,2025-09-16T16:01:00Z,True
@islamicworld9383,"India mai Lucknow, rampur in shahi jagao par yehi libas pehna jata tha aur tawaifo ka ik role hota tha mehlo mai. Bohtse badshsho ne in tawaifo se shadi bhi karli. Shahi mehlo mai aur nawabi zamano mai tawaifo ka libas gharara aur zewrat aisehi hotey the. Bass ha itna hosakta hay ke Lahore ke heera mandi mai aisa na ho. Lekin india ke iss director ne naqsha nawabo ka khincha hay. Sultan mehmet turki mai bhi nawabo ki tawaife hoti thi.
Shahi daur mai inka ik bara role hota tha.",0,2025-09-04T00:41:08Z,True
@honkydory100,rani.......sabiha khanam bzar e husn se nahi theen,0,2025-08-21T20:07:46Z,True
@hamidjamil4068,Dr sab Lahore Lahore aa zindabad from Attock city,0,2025-07-19T17:34:42Z,True
@yesghumman1,tod naheen toud hota hai.,0,2025-06-04T01:52:40Z,True
@Dallasvibing,"The real heera mundi is disappointing.

Ramshackle crumbling buildings next to running open sewers, mad traffic with every kind of transport, shitty filthy streets, with shitty filthy people in dirty clothes, reflect the poorest parts of Lahore. I never enjoy going there, except to see the Badahahi Masjid.... id rather be closer to God, than crap.

So keep romanticizing this dunpster. 😅😅

its shameful, and should be shut down in a Islamic country.

How is this still tolerated?

A shameful part of Lahore, that we need to move on from.

indian obsession with Pakistan continues.",0,2025-04-11T04:10:34Z,True
@Ashrafkhan-j1f,"Aaj ke halath lahore ke awam ki kiya hain?
Aaj bhi yek se badhkar yek apna jisam ki numaish kar ke note chasp rahi hain 
Any doubt?",0,2025-02-19T10:04:43Z,True
@MuhammadAzam-lm3ft,Hira mandi Ki Mashhor Family Nawaz sharif Ki He Jis Me Maryam nawaz Asif zardari Asim Monir Army Chief He,0,2025-02-18T10:58:49Z,True
@amerwaheedofficial3669,AAP kahin sey lahoriye Nahin. I can bet ur father has migrated to lhr. Btw ur renderings are hopeless mostly copied. Aur pls farsi shairi na recite Kiya kerien buhat burra lagta hey,0,2025-02-01T09:54:19Z,True
@muhammadsharif1077,"Aree bhai ap ny to end krdeya sahi report di heera mandi ki or merseyon ki zuban b sb ko batadi chtoo, dharii",1,2024-12-27T06:04:36Z,True
@Musicmaxmashups,Jhot ha koi hera mandi ni ha lahore me. Krachi me ha,0,2024-11-13T12:45:45Z,True
@tg_legend7446,Bohat hi Zabrdast hy video mashallah bolny ka andaz b boht acha hy kisi ne kaha ap lahore k nae lugty kyon lahore m achy bolny waly nae hoty,1,2024-11-11T06:32:23Z,True
@alibacha3108,Wah g wah bay hadh omdha bohot aala,0,2024-10-21T00:28:25Z,True
@maithaabdulla2795,"Sallam Dr Nasir u r a learned person, Sanjay Leela Bansali created Heera Mandi as per his imagery he never claimed that HEERA MANDI which he produced was a true story or a replica of Pakistan HEERA MANDI, He had to glamorized the actors  he can’t show a Tawif dancing with shalwar kamzee, if there is no good jewelry or costumes no one will see the series, u Pakistani should understand the concept, My father was a regular Mujra goer he was originally frm pindi, now in pak  but our business was in Bombay during partition my grandfather didn’t go back, in India Tawaifs wear lot of jewelry and makeup . What Sanjay portrayed in series is a mixture of Lahore and Bombay culture.",5,2024-10-04T14:55:06Z,True
@FarooqInayat-v2k,"At the end ye bhi kayoon Nahin keh'ta ho k aaj Kal kanjer Ash'raafia wajood main a Gai ha, aur bad'muash aur kanjer beri beri posts per mojood Hain, assembly memberaan Hain, afser'shaahi main Hain, kayoon? Kayoon k kanjeru ki khoraak main nasal'der'nasal haraam ka maal shaamil HOTA ha, ye zaani aur sharaabi HOTA Hain, be'sharam aur be'hayaa HOTA Hain aur yehi as'liyyat maz'koora baala logu ki bhi Hoti ha aaj Kal hamaara mulk aur ham jaisa deeger corrupt ash'raafia waala mumaalik main.",0,2024-09-24T19:02:50Z,True
@kamalkurana,Lao jii karr lao ggall heera mandi bhi 2  martab jaane kaa mokka milla  dhundli si yyaadein hein ek rakkaasa se tahhaaroof huaa us pe ek printed paper nishaani tthi  us mein likhaa thha faanoos bann ke bhooli baat woh shamma kyya bujhe jisse roshan khudaa kare  little saa yaad haeii shaahi mosque iqbal ki kabbar baahar muhaafeez ttan ke kharhe wahaan se sutter mandi se aage raasta bhoola hoon  udhar ek hospiital bhi m raja ranjeet singh ki samaadh  lahori us ko marhi bolte haein saamne yaadgaar minar  aagi badami bagh ravi shahdra qile ke bahar circular rd baaki bhooli bissri yaadein aap ne taaza ddamm karr diyya panipat s singh o k,0,2024-08-26T06:49:23Z,True
@ejazahmad8348,"zabar dast.Allah ne to koi cheez ghir zruri  peda nahi ki.lekin samghne k liye my bazghah yaa  koshish  k liye my zulaikha ki nazar chahiye. ye to Allah ka show case tha lekin shaid bohat kam log ic raaz ko  samagh paye hon ge. sub zahar per hi aashaq hote gaye. iqbal ne kuch youn khaha hai.k "" zahar ki aankh se na tmasha kre koi.ho daikhna to dedaye dil waa kre koi."" dosra misra zra bhool gya hun.Allah to kuch or btana chahta hai.lekin sub ne ye sub apni apni nazar se  samgha. or zahar k tmashe p hi frefta ho gaye.under kya tha agar samagh layte to musa ki trah hosh me na rehte. ye to toor tha jis p  Allah ki tjjlai ho rahi thi lekin kisi k pass musa ki  mazar nahi thi. or phir zulaikhan ki trah khwar huye. shaid koi samagh p paya ho  !!!??",0,2024-08-13T07:21:13Z,True
@faheemsaki5949,Nasir bhai jab apny tmashbeno ki bat ki to muje bahot hansi i hy 😅,0,2024-07-27T06:14:33Z,True
@muhammadmusoodakhtar2688,At 3:34 jis talab ki picture dekhai gai ha woh talab Kattas Raj ka talab ha na k andrun lahore ka pani wala talab,1,2024-07-25T06:41:14Z,True
@Nayabali-v6u,Indian Netflix series heeramandi sub jhoot par mabni ha or AP ki BAAT sub such ha Q k AP Pakistan k city Lahore k rahne walay ho or Pakistan ki history AP na parhi ha,0,2024-07-07T19:48:31Z,True
@mammonG786,"Baita Samson cartoon ki tara heera mandi netflux drama bhi future ka bata reha ha. This is future made seen in this drama. Future main pura Lahore kanjar khana ban raha ha, zhni azadi abhi say daikh lo. Islam siraf dikhaway ka ha baqi kanjri nahi to bacha-bazi aam ha. Bus ap sab Lahore ko jald hi mulk ka baraa chakllaa vana daikho gay. Lahore main siraf SCAM ka raaj ho ga. 😮😮😮😮😮😮😮❤❤❤❤😮😮😮😮😮😮😮 phir jis nay Lahore nahi daikha uus nay kuch nahi daikha hi huaa kray ga. Log door door say Lahore ayaa krain gay kun k hr taraf hussan aor chamak hi chamak ho gi. ❤❤❤❤❤",0,2024-06-30T13:34:49Z,True
@ziaiqbal3947,excellent review on facts of  Heeramondi,1,2024-06-25T04:50:22Z,True
@abidfazalrahman3597,"Heera mandi koi naya naam nahi jo Sanjay leela bhansali ne create kiya hai,hume saari umr hogai sunte huay iske bare mei, aaj aapko ko acha nahi lag raha ke kyu ye web series release hui hai, Kyunk ispe tanqeed ki jarahi, toh aapne video bana Dali,vah kya baat hai janab aapki 🎉aaj bhi iske asraat aapko Lahore mei milenge farq sirf ye hai ke yahan ki rehne walian aur ilakon mei muntaqal hogai hain",0,2024-06-17T14:20:38Z,True
@alekozaii30,"Jhot bilkul jhot ; kanjer long bahun par Zulm kertay gene aor behun ok 

 Ok ghulam bana ker rakhtay gene ; kanjer loug dushmi aor kadorat rakhtay nene ; hasdi hutay hene ; kanjri ka iman sirf paisa huta hey ; yea Kabhi shareef Nahi huteen ; yea paisay key liay shareef aor paisay key liay kanjer bunti hene",0,2024-06-07T16:27:04Z,True
@MuhammadAbbas-in8mr,"Good presentation based on  oral information only. The writer is not aware about the history and geography of Hira Mandi and souranding areas during Mughal, Sikh and Colonial period. He is also not aware about the history of dancing girls in Lahore District and legislation made during colonial period in this regard. 
All the more, why we are discussing in Pakistan a historical drama made in India with actual  historical events. Are all historical dramas fictional, or are some based on real events ? It is true that all historical dramas are not fictional but all historical dramas do have fiction in them.",0,2024-06-06T10:18:21Z,True
@yasmeenmemon4231,Lahore was India part,0,2024-06-05T11:20:37Z,True
@Abul12t,Listening to you one has no choice but think that Isamic Repubic of Pakistan must be named  just Repubic of Pakistan so that Hira Mondi can be recreated in order to reduce the whole of Lahore being turned into Hira Mondi.,0,2024-06-04T23:04:49Z,True
@Tabassum-FH,"Zaruri nahi Leela Bansali jo banaye woh achcha hi ho , show biz ki duniya mein Naam bikhta hai janab kaam nahi . Viewers mil rahe hyn , paisa arah hy kafi hy.",0,2024-06-02T11:48:37Z,True
@quadrim.a.2816,"❤ Every activity may be regulated by laws ; there is big difference between realty and film. Film making is an organised proffessíon  .While making film on the topic slight changes or deviation from the reality is very harmful .
All lawful activities may be best regulated by improved laws . Improvement is a continuous process . Similar things are for journalism - News Views journalism , Scientific journalism, Farmers journalism but not Media  like Godi , Bhogi , Mogi , Hiteshi and this . 
Only for doing such constructi work we need Constructive Goverments but not like Ranga & Billah . What have been the backgrounds loot , Decoity and Murder . Forced Governments are no more Government. Again it's a Decoity and why ?❤❤❤❤❤",0,2024-05-29T08:14:35Z,True
@Hallelujiah-Khuda-ki-Hamd,Islam k naam per dhabba.,0,2024-05-27T10:33:18Z,True
@nasirali7728,Bhot khub entahi khobsorti se AP ne hame es tareekh se roshnas krwaya apki video haqeeqat pe mabni hi bjaye Etna pysa khrach krne k bhad indian drame nu haqeeqat k bharaks mangraht Kahani rachi,0,2024-05-27T10:08:07Z,True
@hassanlingrial251,janubi punjab c bhee punjabee qom hi heera mandee sy thy  or wo gujran wala or lahoree thay,0,2024-05-27T05:43:26Z,True
@DèAccomodators,"Actually I am very liberal dad and I watch this movie with my kids they ask me couple of question regarding this movie which I try to fulfill their questions with authentic information, but the way you present with very much authentic information about Hira Mandi impressed and so thankful keep it up 👍 an last but not the least you are totally expose Sanjay Leela bhansali pathetic and third class information regarding heera Mandi and Lahore, i mean our lahore....",0,2024-05-26T21:24:40Z,True
@nupur25shankar,"Namaskar aapke narration ka andaz bohot behtareen hai 🙏
Regards from India 🙏🌹",0,2024-05-26T15:31:12Z,True
@izharfatima5295,"The crackdown on Hera Mundi in 1990 was done due to its prime location needed for development. On the surface it was projected cunningly as the step taken in the way of God to clean up the society whereas the truth was to grab the land. You are very wrong in suggesting that the crack down was only un 1990 , it was done in Bhutto era and in ziaulhaq era it was most intense. Bhutto had God syndrome and he couldn't bear No to his desires which led Heera mundi suffer. You also did not mention the amount of dedication and donations during Moharram they observed historically.",0,2024-05-26T02:44:23Z,True
@adityakiranaggarwal1317,My father belonged to Bahawalnagar but had studied in Lahore from 1937 to 1947 till graduation. After migrating to present India he and his friends used to talk about this area in hush hush and impish smile. Now I understand his escapades of that era.,26,2024-05-25T09:55:41Z,True
@UzairArif-q3u,Dr.sahib sunjay ne jo library aur rehaesh gahain dikhaee hain un ka taaluq lakhnauw se tow ho Sakta Hai Lahore se hargiz naheen,0,2024-05-24T23:36:41Z,True
@sadiqali3395,"karachi  waly movies bana ray hain pakistan mein. ye jo malomat hai ap k pass lahore walo is pe movie banao.or jo jo lahore ki historical Maqamaat hain us pe movie ban sakti hai.or
ye kam koi or kr k pasay kama ra hai. 

Thanks Dear Dr.NasirBaig  Sir Aap bhot khud surat taraky se informative krty hain",0,2024-05-24T22:38:43Z,True
@user-ly8hl6go5g,"I want to visit this area can I? Whenver I come to Lahore
I visited old Lahore but thishnagi so Hai
Want to explore more
Can anyone guide how? I can see this area in detail",0,2024-05-24T11:22:46Z,True
@ZafarImam-wv4se,Sir Lahoreya ho ne k bawajood mujhe malomat nahe amazing Dr.sb.,0,2024-05-24T03:40:44Z,True
@kambhullar739,"Very informative, actually Sanjay Linla Bhansali, present history through fiction that's why his heera mandi looks like LAKHWNI TEHRIK but not LAHOREI.",0,2024-05-23T21:00:32Z,True
@MuhammadArshad-cs1px,Excellent and commendable research based podcast proves your Lahorites roots. Only a Lahorea kmows the threadbear history of Diamond Market. Some words about Zia era restrictions on this Mandi May have made it a foolproof piece of your podcasts.,0,2024-05-23T19:55:31Z,True
@Hard-y8j,Nawaz son of modi also belongs to family carry flowers for prostitutes,0,2024-05-23T14:49:03Z,True
@navidbutt17,Very concise history of this place and the evolution of its name. Thanks for your worthwhile effort.,0,2024-05-23T11:09:41Z,True
@moviemania121,"If u wanna educate or pick trending topics to get attentions then kindly use the words and get some knowledge. As per the book ""History of Lahore"" they series story is correct.",0,2024-05-22T05:14:34Z,True
@moviemania121,"Do u know what is the meaning of mirasi. U use this word oftenly without knowing the meaning. It means the person who follow his/her family profession. Because mirasi word come from miras whoch means inheritance first go and read then use the correct word. 

If your grandfather, father is a politician and you as well then you are mirasi because u follow the miras.",1,2024-05-22T05:12:38Z,True
@sdurrani7360,Kaal mere khwab meen Alama Iqbal sahab aaye. Buhat jaldi meen the. Chai bhi naheen pi. Keh rahe the ke Imran khan ne mere Pakistan ka wahi haal keya hai Jo chahat ali khan Sir ne bado badi song ka keya hai. Esko phansi de do or ye khwab Jo 100 bandoon ko forward naheen kare ga. Uski nasal meen eik chahat ali khan paida hoga,0,2024-05-22T00:32:35Z,True
@muhammadmushtaq4558,"Doctor sahib, Sanjay Lila bhunsali Bengali hay. Kolkatta ka brothal, hira mandi sub continental ka sub se bara chakla numa city hay, jehan lakho ki taadad main pesha var log rehte hain. Lila bhunsali ki film Devdas isi  culture ka hissa thee. Film ho ya drama series is ko commercial base par banaya jata hay.film main is  liye jazib nazar labas, khoobsoorat kothay dikhana zaroori hota hay. Yeah Bhunsali ki majboori thee. Rest program  achha raha. Aap ney Babra Sharif ke walid ka zikar nahin kia Jo Sharif Desi ghee wala mashoor tha. Ustad Daman punjabi poet Pakistan takies cinema ke qareeb main ek chhoti see kothri main rehta tha. Said Mitha street pass thee jo seedhi Lohari gate tak  jati thee, us ka zikar nahin KIA. Tobi thana Lahore ka sub se mashoor thana tha jehan duty karna police walay koshish kar ke duty lagwate thay. Tibi thana hora Mandi ya shahi mohallah ki gali ki nukkar par that. Yeh gali seedhi bhati  gate tak jati hay. Dental hospital Jo sath hay us ka zikar nahin kia, location wazeh ho jati. Programmes  running best",0,2024-05-21T23:20:19Z,True
@abadur-rehman4346,"Aap Beshak Lahore k rahnay walay ho..,
Lekin aap ki zuban saaf zahir karti hay k aap Urdu Speak ho...
India k kis ilakay se ho... Yeh aap bata saktay ho ...",0,2024-05-21T18:08:30Z,True
@shahidjamil6605,Yara nhi hota giara hota ha,1,2024-05-21T16:01:56Z,True
@nafeesuddin1291,Pls Pls dr sahib گیارہ hota یارا  nhe hota Pls Pls Pls,1,2024-05-21T15:36:26Z,True
@aliahmedkhan5195,"wah janab, very informative and very interestingly narrated.",9,2024-05-21T14:40:56Z,True
@balekundrigulnaz4297,Pakiza film me lakhnow ki tawayaf ke libas aur haveli bahot khubsurat andaz me filmaya gaya hai..,5,2024-05-21T14:30:12Z,True
@mdperwezanjum679,"Bahut hi Aala aur Haqeeqi Tehqeeq "" Lahore ki Heeramandi"" ki...Lekin Indian Film Maker Sanjay leela Bhansali ki woh apni hypothetical & imaginary daramatic ""HeeraMandi"" hai....Doctor sahab aapka bahut shukriya sahi Tehqeeq ke leye...from INDIA (Darbhanga,URDU Bazaar ,INDIA)",23,2024-05-21T14:21:56Z,True
@dr.baltee,"sir big fan, aap ne bhot achi tarah explain kia, baqi mantu per b ayk video banni chahiye......",0,2024-05-21T13:34:18Z,True
@saeedhashmi8141,"Kia bat Hera mande, aj khana hai ,ye nhe btaya ap nai",1,2024-05-21T13:32:37Z,True
