﻿author,comment,likes,published_at,is_relevant
@usmanbhatti3690,Lahore is famous for foods and it's architecture is one of it's kind😇😊 and the way you shoot our city in that video  🤩🤩🥰🥰🥰🫡it's just won our heart trust me i saw hundreds of videos but your video stood out❣️❣️❣️🥳,1,2025-11-27T18:20:52Z,True
@usmanbhatti3690,Lahore is whole different vibe❤❤❤ lahore people are quite lively and generous as well ☺️ 😊 😄 💕 💖  Lahore lahore hae there's saying about lahore the one who hasn't seen lahore in his life never born yet according to pakistani 💙,1,2025-11-27T18:13:48Z,True
@sagheerb224,"My birthplace where I grew up. My first love, my first heartbreak, my first job. The accent, the old city, The food, The educational institutes. Oh my god, you cant have enough. You have sparked an old flame my friend, I must come back here more often to experience this marvelous city.  You did an absolute justice to this beautiful legendary city.",1,2025-11-21T05:13:32Z,True
@shareernoor994,Excellent👍👍👍 work. Well come to Lahore.,1,2025-11-20T13:32:22Z,True
@LizaLiza-ij6lr,I love Lahore. Salam from Malaysia. ❤❤❤,1,2025-11-19T08:38:36Z,True
@AnasAnsari-ol8js,Lahore is love ❤ lhor lhor ay,1,2025-11-16T00:01:47Z,True
@RealityByBilalSaeed,lahore is best,1,2025-11-14T12:08:58Z,True
@shilpabhate2007,"U  pakisatani so call3d educated don't want to except establishment of Lahore. And mughales came and caputre Bharatwh who was belongs to only Hindus,  u all converted ur not arab",0,2025-11-05T15:57:21Z,True
@shilpabhate2007,Humare shri Ram ji ke Bete ne luv ne basaya tha Lahore. Jai shree Ram.,0,2025-11-05T15:38:29Z,True
@MustaMe.-qd4xr,"Where is this point of view at 14:37 where you stopped after visting the fort exactly? Please let me know, that would be great to know :) Thank you!",1,2025-10-27T20:42:05Z,True
@Janice-3kee,"i want go to Lahore soon, my BF from Lahore, I'm Chinese 😅",1,2025-10-24T13:19:58Z,True
@chaudryRocket,My beautiful home town we well Come you n everyone......Lahore is Lahore ❤,1,2025-10-19T11:06:22Z,True
@IWouldLikeToEast,"I was born in Lahore but left for Australia due to Western influence and better quality of life. Now I find that Australia has a high cost of living, particularly for housing and daily goods, making it difficult to afford basic necessities. Socially, issues like racism persist, and large, car-dependent suburbs can lead to a perceived lack of community and culture compared to more walkable cities elsewhere. I miss Lahore, I miss the hospitality of Lahore, I miss everything about Lahore.",0,2025-10-15T21:58:23Z,True
@xtra8896,"I'm from the Philippines and I'm currently working for a BPO company based in Islamad Pakistan.
Pakistanis are so nice and friendly.I didn't know that Islamabad and Lahore are so beautiful.",0,2025-10-03T06:13:09Z,True
@elfimoralita1114,My son Talha works in Lahore General Hospital 🥰,1,2025-09-26T08:15:21Z,True
@mujayatimaryam9494,"Kata temanku Lahore Pakistan indah . Dan memang sangat indah Masa Allah❤
Temanku gadis Pakistan yang Masya Allah cantik dan baik ❤❤❤",1,2025-09-19T04:21:28Z,True
@user-sj10hjkbbvcd,"Lahore dirtiest city on city on earth after Karachi , undeveloped and mass inequality",1,2025-09-14T12:04:36Z,True
@OhfohcohxpufohxlhxlhxOhcogxohx,Only farzana for world famous because she born of lahar parkistan for only babu powering ❤sto,0,2025-09-07T03:23:41Z,True
@mountainoflight5437,Pakistan is under a Military Dictatorship.  No Law and No Human Rights! Everyone who has some means / education is fleeing in their thousands.  No one should visit and spend their money in Pakistan until this dictator is removed.,0,2025-08-11T16:18:12Z,True
@ankitexe,lahore named on Lord Ram and sita' s son Luv,1,2025-08-10T08:26:22Z,True
@Adnan-r3d4k,Besutiful❤🎉. Thank you. I was looking for such an elegant tour of Lahore.,1,2025-08-04T15:30:11Z,True
@AliImran-y8x,"I'm from lahore .it's good city .but people prevail litter and garbage every where,which diminishes it's beauty.people don't have civic and reponsible attitude towards cleanliness of the city.",1,2025-08-02T07:40:57Z,True
@audiobookshindi4877,Aaik missile marenge indr se lahore badalke erohal ho jainga😂😂😂,0,2025-07-25T10:51:36Z,True
@shadiraamani2466,Love from sri lanka ..my lover from Lahore. I Love him. I love pakitan and it's peoples .,0,2025-07-23T08:03:43Z,True
@Khan-Dilawar-e4g,6:28  that is Lahore I want to see,1,2025-07-22T09:56:53Z,True
@HayatUllah-x8r,Lahore is Lahore and it's a heart of Pakistan not just of                punjab.,1,2025-07-16T19:09:07Z,True
@ahmedhassan-149,ALLHUMDULILLAH ❤ My Hometown Is Lahore ❤ Such A Beautiful City ❤ PAKISTAN ZINDABAD ❤️,1,2025-07-13T18:25:16Z,True
@tmproductions-kx2zf,"hey guys I have a question, how about drone usage in Lahore? could you use it without problem?",0,2025-07-10T11:09:01Z,True
@arifwalaboy6319,"Pakistan is the best in culture, food, hospitality, kindness, beauty etc..🌾🌼💫💕",0,2025-07-08T17:32:27Z,True
@ambreenansar5923,Lahore ko aesay hi rehna chahiye with fullfilment of joy,1,2025-07-03T13:09:51Z,True
@nikhiltyagi_27,Dont get fooled by this video nd dont go there if you love your life ... lahore is the most polluted city and most mismanaged and unplanned infransture except few areas ..,1,2025-06-23T19:04:30Z,True
@ShahGee-k5b,Amazing vlog 😊 love❤ from Lahore Pakistan🇵🇰❤,2,2025-06-21T09:03:11Z,True
@turababbas4773,Lahore Lahore ae 👍❤️🇵🇰,1,2025-06-13T04:03:49Z,True
@Rvd1978-t3z,Nothing to do in Lahore just food and mosques that's it. How boring,0,2025-06-10T12:31:08Z,True
@sportsclip3592,I want to see lahore beach which india captures😂,1,2025-06-09T19:00:15Z,True
@muhammadmumtazraashedlahor7157,Great visit of Great Lahore city,1,2025-06-08T14:04:38Z,True
@MilKil-d6j,Zindabad Pakistan ... Lahore is the best city of Pakistan,1,2025-06-02T17:56:26Z,True
@bahriatownproperty8937,Lahore heart of Pakistan ❤,1,2025-06-02T06:08:04Z,True
@bahriatownproperty8937,Lahore heart of Pakistan ❤,1,2025-06-02T06:08:03Z,True
@akshaykapil7230,"Well attempt to make Lahore and Pakistan look good. I guess you guys haven’t done your homework properly 1st Pakistan really don’t have any thing of them. Before 1947, everything was Indian. They still enjoy that culture. The masjid that you have shown look surrounded by illegal encroachment. You said DHA look like Dubai🤭🤭🤭🤭🤭I wish you visit  Delhi and specifically Gurugram which is our tech hub. We will make you feel what’s Dubai look like hahahahah",0,2025-05-25T16:31:07Z,True
@samueljohn6445,"How great it would have been for people on both sides of the border to live in peace and harmony,if only terrorism was not propogated from Pakistan",0,2025-05-18T15:04:18Z,True
@BaklolRevo,At 13:39 Girl appeared it felt like this sheesh Mahal is solely made for her. Classic it is,1,2025-05-16T00:01:50Z,True
@PSingh-n6j,Prettiest girls are from Lahore 😉,1,2025-05-04T03:37:57Z,True
@iMiMi88,21:18 The identity of Lahore is Mughal Clan...,2,2025-05-02T05:23:06Z,True
@MultiHamayun,Best city in the world I love  lahore and Istanbul,1,2025-04-30T07:19:53Z,True
@MushtaqMohammed-f8t,most of lahore is an absolute dump apart from a few affluent areas where the super rich live.,0,2025-04-26T10:54:26Z,True
@iiparachuteregiment8800,"When I went to Pakistan, with my Pakistani friend we went to a place called Karachi and his home Gujar Khan.  I loved his place Gujar Khan, then he took me to lahore it's good but what is the point leaving West and going to a west. The best tea his family made due to pure water buffalo milk. So Tea in Gujar Khan was awesome I thought it was the tea bags. I told my friends family is to look for a good wife 😊 I am learning the Patwari language. Which I started watching Patwari drama with subtitles",2,2025-04-24T17:13:32Z,True
@IrfanKhan-e8x7r,I ❤  lahore,2,2025-04-13T10:13:30Z,True
@saudilyas,"Great video, welcome to Lahore!",2,2025-04-12T12:32:39Z,True
@SaimaChaudhary-l8l,Love Lahore ❤❤❤,2,2025-04-09T19:23:40Z,True
@myuejaz2372,I have came to this area in Rya in Lahore,2,2025-04-09T12:27:52Z,True
@myuejaz2372,I am from Lahore,2,2025-04-09T12:18:38Z,True
@wishperindark,One of the best movies about Lahore I ever watched.,3,2025-04-04T09:34:56Z,True
@dryahya1556,"Lahore is the city of a wonderful legend Babar Azam ( my first and last crush😢😢😢) ,it is enough for me  to love LAHORE",2,2025-03-31T14:24:28Z,True
@sulemansadiq9205,LAHORE IS THE CAPITAL OF  THE  WORLD.🎉🎉🎉🎉❤❤❤❤😅😅😅😅,2,2025-03-30T16:10:51Z,True
@calmness956,"Lahore is not the best city, it is one of the worst one especially people are sooo fishy and current minded.I have been to karachi and Northern areas and the people in these two places are the most amazing I have come across. People in Lahore are soooo wrired and they stare at you like they will eat you up especially men.",1,2025-03-29T00:46:33Z,True
@Einasedits,Lahore Sikh ka ha...,0,2025-03-28T17:15:18Z,True
@nitakapoor1307,"I really enjoyed the video. My parents were from Peshawar, thus I have heard lots of stories.we feel like visiting Lahore after seeing the video. Thank you for bringing this great video.",2,2025-03-25T07:02:51Z,True
@jayakumarkannan7137,Love from lndia at TAMIL NADU l love Pakistani dramas STARS forever all times l love Lahore CITY of Pakistan is very beautiful and amazing look in the world  More shopping complex and Masjid is shown in the city. During light hours the shopping complex are illuminating with light arrangements looking beautiful. All people are enjoying their life peacefully and HAPPILY always in the city.lts one of the most beautiful city in the world 🎉❤🇮🇳🇵🇰🙏🏻🧡🧡🕌🕋,32,2025-03-24T06:59:14Z,True
@rickstorm8948,"they used to do a light show, with piece of flaming wood instead of candle and go round and round and the whole room would light up amazing. if was for royal entertainment.",3,2025-03-23T11:44:19Z,True
@raziyamehmoud,india has so many moghul remains but india is shameless to reserve take care instead they accuse and blame mogul try to distroy mogul remains either by shamelss idology reasons or dying by time with no care coz the hindus have no achievement since 1947 all they gave india is hatred among its own people and divide them by religion,1,2025-03-23T10:20:11Z,True
@wasifnaeem7860,Lahore Lahore aaaaaaaaa,1,2025-03-14T09:15:10Z,True
@imkhan291,"The city will run out of water soon just like Fathepur Sikri, no water in Ravi downstream of Indian border in Narowal.",1,2025-03-14T00:27:02Z,True
@zalgamedev,Yes... but is it SAFE? I'd LOVE to live there and/or Islamabad... but SAFETY is the only roadblock for me and my family...,2,2025-03-13T18:20:14Z,True
@peacesalaam816,"Pakistan smells like petrol too much pollution no fresh air it was suffocating, it's horrible",0,2025-03-12T20:04:59Z,True
@Mr_Baadshah100,You desreved 100m views,2,2025-03-12T19:43:41Z,True
@iqranajam5317,Every lahori miss Lahore,1,2025-03-11T18:41:48Z,True
@wasimnonari5531,"Lahore is a beautiful city ,I want to watch Lahore",1,2025-03-11T18:38:57Z,True
@HabibUllah-z7j,Lahore beautiful ❤️❤️❤️❤️❤️❤️❤️,4,2025-03-09T20:44:50Z,True
@Delartforum06,"Chuttiya Sirf ek mosque hi ghum kar Khush ho gaya ,bekar ,behoda or Ganda shehr Lahore,pendo production 😂😂😂😂😂😂😂😂",0,2025-03-09T05:16:44Z,True
@mahirazeeshan7491,Lahore has become overcrowded now,2,2025-03-09T04:56:50Z,True
@sanobarzking,proud to be true LAHOREEEE,1,2025-03-08T21:29:35Z,True
@malikhamzazikria1395,My Home City #Lahore,0,2025-03-08T19:08:41Z,True
@mushtaqahmad4194,"Weldon dears,love from Lahore.",0,2025-03-08T18:36:41Z,True
@fahaddurrani3947,"Its been year I am in Lahore.

Third class city in terms of living 
1.pollution at its peak 
2. People highly mean
3. Only money is valued here",1,2025-03-08T09:03:33Z,True
@AsimHameed-q9g,What a great vlog behind this videio i really appreaciate your great effort.❤,2,2025-03-08T05:57:18Z,True
@saadiqbal2193,"Looking forward to a vid during smog and difficult to breathe air.
Now whatever position it is on the list of most polluted, that 'attribute' also makes lahore, lahore hai.
Find out how many trees chopped off!
Greenery was its hallmark. 
Lahore became complexed and gradually lost its id.
Shades of karachi (lahoris looked down upon!), it tried to be dubai (palms!!), and metropolitans, that are what they are.
Like singapore didn't strive to be hong kong, or new york.
Poor rich dubai: kitsch.",1,2025-03-08T05:46:20Z,True
@sabasaleem4608,"You describe Lahore beautifully how used Hollywood movies songs, different countries restaurant name on Lahore that’s so wonderful search on Lahore ❤❤❤❤❤I’m real amazed",1,2025-03-07T22:37:40Z,True
@Ajabteridunia,"Lovely video about an ancient city Lahore, what a grace of Lahore❤❤❤❤❤ and your work is great.",3,2025-03-07T21:12:46Z,True
@hiraansar9811,Visit andron lahore,0,2025-03-07T08:59:28Z,True
@saadgujjar814,WELCOME BROTHER TO MY TOWN LAHORE ❤,0,2025-03-07T08:56:16Z,True
@saadgujjar814,i am from Lahore Punjabi i born in Lahore My Father Born in Lahore  ❤,0,2025-03-07T08:54:27Z,True
@asifsohail8472,You captured and shown Lahore beautifully ❤,0,2025-03-07T01:46:32Z,True
@superhikercy3478,thanks a lot man and your team to show my city so cool hi from poland,1,2025-03-06T19:34:44Z,True
@T_KHAN999,Nice vlog lahore is a beautiful city lov from UK,0,2025-03-06T19:27:41Z,True
@haniakhan1979,Oh my city Lahore ❤🎉,2,2025-03-06T17:38:40Z,True
@DrQadeerViews,"I can only say one thing about this city that ""Lahore Lahore A""",1,2025-03-06T16:34:47Z,True
@AllahTawaqal768,Lahore really is Owesam City ❤❤❤❤❤ I love it,3,2025-03-06T15:23:21Z,True
@AftabAhmad-kHaN,My beloved City Lahore 😍,4,2025-03-06T11:20:06Z,True
@HafizHafiz-z5c,Lahore heart of Pakistan,3,2025-03-06T09:11:58Z,True
@The_Withering_Cold,Lahore my beloved ❤,3,2025-03-06T07:02:09Z,True
@NorthWestTimes,"You guys been world's most 🦠 City 
🚮 ZERO ☘️ 🙅🏻‍♂️
It's Fine It's Old But No Hygiene 🤷🏻‍♂️",0,2025-03-06T07:00:58Z,True
@farmanktk3143,My Lahore is my heart Lahore Lahore punjab ka bap our Lahore ❤,1,2025-03-06T06:19:51Z,True
@rukhsanaahmed5623,"Lahore Lahore hai, beautiful city!",5,2025-03-06T05:28:50Z,True
@Ayeshasheraz4567,"Your video is just amazing and you must visit central park society , bahria town which have Eiffel tower and a very beautiful modern mosque , lake view city is also very beautiful which is a town in lahore and proud to be a lahori ✨",4,2025-03-06T03:57:12Z,True
@sgilani7294,"Lahore 💚Amazing ,Wonderful & Beautiful City. Thanks Gilani USA 🇺🇸",11,2025-03-06T03:02:25Z,True
@HamnaShahid27,Hi I'm from Lahore . i live near the badshahi mosque amazing video 🤍,3,2025-03-05T21:56:51Z,True
@Namobudhai,"World s largest beef slater house Lahore 
World s most pollution city Lahore 
World s largest prostitution Heera mandi Lahore 😂😂😂😂😂😂😂",0,2025-03-05T20:52:38Z,True
@salmanm1290,"Lahore is my love and love karachi too.
Pakistan zindabad",0,2025-03-05T18:04:07Z,True
@H.A.azeemi,Lahore Lahore eee ❤,2,2025-03-05T15:51:54Z,True
@kazimHussain85,I miss lahore so much. 2010 i use to live there i use to drive everywhere in lahore. In 2021 i went pakistan but stayed in Sahiwal only went lahore to the airport.,3,2025-03-05T14:40:38Z,True
@humiii100,Great efforts in Video. You deserve millions❤,3,2025-03-05T13:03:06Z,True
@HadiShehzada-l4e,Welcome brothers in lahore .. Happy to see you here in my city 🎉🎉,3,2025-03-05T07:32:34Z,True
@tayyabhussain5277,"Jena Lahore ni vekhya oh jamia ni... (The one who haven't visited the Lahore he isn't born yet) 🤪Lor Lor aeh.🥰""Laa Hore"" means (Get More).",1,2025-03-05T01:32:39Z,True
@faizet2,"Great 👍 video, but you didn’t review Gurdwara Dera Sahib & the adjacent Samadhi of Maharajah Ranjit Singh!!",1,2025-03-05T00:52:09Z,True
@Pardesiurdughar,Lahore lahore hai❤,2,2025-03-04T19:18:04Z,True
@becomecodingexperttelugu6379,"Crap city. Looks like a Tier 3 city of India. Bad infrastructure, old cars/bikes/rikshaws,  poor people, shops with ugly facade, food surrounded by flies. etc.",0,2025-03-04T17:01:21Z,True
@nabeelprince73,Lahore is far from best city Look at Islamabad Look At Karachi😊,1,2025-03-04T14:11:11Z,True
@leofun6143,"Thank you guys, you showcased Lahore very well, a 4000 years city and culture hub of Pakistan 🇵🇰",2,2025-03-04T12:54:07Z,True
@MuhammadNasir-rj8mg,What’s high tea place or location,1,2025-03-04T11:51:43Z,True
@PinkobuttOfficial,❤🎉 lovly 💕💖😘💜❤ welcome to pakistan always have welcome 🤗 great to see you 🤩 watching from Pakistan Lahore,0,2025-03-04T11:26:39Z,True
@PinkobuttOfficial,❤🎉 lovly 💕💖😘💜❤ welcome to pakistan always have welcome 🤗 great to see you 🤩 watching from Pakistan Lahore,0,2025-03-04T11:26:33Z,True
@PinkobuttOfficial,❤🎉 lovly 💕💖😘💜❤ welcome to pakistan always have welcome 🤗 great to see you 🤩 watching from Pakistan Lahore,0,2025-03-04T11:26:18Z,True
@yumnafareed3147,Sara pakistan ka paisa Lahore ma lga kr bhi laohrioun ko insaan nhi bnaya jaska very sad!! Look the vibe coming-out as poor human development from every single face in the streets of Lahore!! Please pardon me on this blunt comment but think if you can that why Lahore still looks poor in manners and gestures even after making huge roads beautiful buildings parks universities shopping centers etc but no vibe of a civilized city!!,0,2025-03-04T09:41:23Z,True
@bakraeidvideos5777,"DHA Raya definitely plays an important part now, to make Lahore a modern city ❤️",3,2025-03-04T08:21:47Z,True
@sajidfarooq2537,Lahore is a dirty city but DHA Most respected factor of LHR Gulberg behria model town these places Most beautiful,2,2025-03-04T07:34:59Z,True
@akvideo8478,"Go to Behra Town Lahore once, you will have a lot of fun",1,2025-03-04T07:19:00Z,True
@ghazalkhazana3262,"The best video of Lahore I have ever seen , your video got me emotional coz I spent my childhood running around at all those historical places with my friends and family .
Thanks for bringing the sweet memories back and god bless 🤲",3,2025-03-04T06:53:28Z,True
@fashionday960,Lahore is really a beautiful city in Pakistan. Thanks for visiting ❤❤❤,3,2025-03-04T06:39:38Z,True
@shahjeeeeeeeeeeee562,Great city Lahore are you referring to smog and air polluted city,1,2025-03-04T05:38:45Z,True
@diversepk,The way you Present Lahore is just Wao 10/10 for you Guys.. ✌❤💯👍,5,2025-03-04T00:59:31Z,True
@Austingrey789,"Lahore is good, but it's no way even close or slightly similar to Marbella 🤨  Marbella is a coastal city and no coastal city of Pakistan is even close to Marbella. idk what you meant by that. Nice vlog about lahore though. Lahore is beautiful in its own way!",1,2025-03-03T23:50:53Z,True
@andregonsalvez9244,Greetings from Canada 🇨🇦  ! My parents and I had wonderful memories living in Pakistan ( Lahore  ) in the mid 70s 😊 .,44,2025-03-03T21:54:10Z,True
@punjabianz999,Where is Mall road lahore 😢 missing,1,2025-03-03T19:03:37Z,True
@MuhammadAkram-Qasmi,Lahore is political  and spiritual  capital of Pakistan .Pakistan Zinda bad,1,2025-03-03T17:12:31Z,True
@FareehaYousaf-r4x,Lahore is a fabulous and ancient city alhumdulilla,3,2025-03-03T16:36:03Z,True
@baberdastgir684,Mashallah Beautiful your video journey of lahore was amazing can't wait to show the world how Beautiful the northern pakistan is ie hunza skardu,2,2025-03-02T19:42:51Z,True
@thûg_gãmër-t4q,You describe lohore culture in one world lahore look like Aladdin movie yes this is right you see tha movie Aladdin and your vlog its same thank you brother you create a beautiful video,1,2025-03-02T19:07:20Z,True
@geniusthekid2310,"Places to must visit.
*Androon Shehr (Old Walled City Lahore)
-Lahore Fort
-Badshahi Mosque
-Food Street
-Wazir Khan Mosque
-Kamran ki Baradari near river Ravi
-Datta Darbar
-Shalimar Gardens 
-Wahga Border

*Malls
-Packages Mall
-Emporium Mall 
-Fortress Stadium
-Dolmen Mall
-DHA Raya fairways 

*Markets for Shopping
-Shahalam wholsale market
-Anarkali 
-Moti Bazar 
-Azam Market 
-Kareem Block
-Gulberg MM Alam Rd(centre of Lahore)

*Towns
-DHA
-Cantt
-Gulberg
-Model Town
-Johar Town
-Bahria Town
-Lake City
-Mughalpura 
-Gari Shahu 
-Saddar
-Samnabad
-Sabzazar
-Gulshan e Ravi 

*Food Spots
-Food Street
-Lakshmi Chowk
-DHA Raya 
-Fortress Stadium 
-MM Alam Road
-Even any ordinary street of Lahore will look like a food street.",2,2025-03-02T17:12:33Z,True
@geniusthekid2310,"Lahore is definitly a place to visit in a life time people are so warm hearted and welcoming , historic and cutural experience best varity of food from ancient to modern day  everything is remarkable. You will not be bored of this experience but be patient with traffic.",3,2025-03-02T16:58:51Z,True
@MUHAMMADSAMNAN,One of the best video about Lahore❤,6,2025-03-02T16:30:13Z,True
@muhammadjamil6436,"Lahore ke koe  b video jo forgner banaty hn un me Shalimar bagh ke aur Maqbra e Jahangir aur  Malka noor jahan nhi dekhaty in 3 building k baghair ye videos udhori hn 
Forgner ko is k bary me b guide krna chaheye",0,2025-03-02T14:41:16Z,True
@KimaHolland55,Ah yes the chaos 😉... We love it and get upset if things get too organized 💖#LahoreMeriJaanLahore,1,2025-03-02T10:20:42Z,True
@Cubified_24,"The next time you come, be sure to visit Bahria Town Lahore and if you want to visit a mall, visit the Emporium Mall Lahore.",5,2025-03-02T10:16:54Z,True
@mustafakhan9193,No doubt lahore lahore hai,1,2025-03-01T22:45:01Z,True
@aishamumtaz,"lol, all taxes spend only on Lahore and ISB , rest of the Pak is no where why they spend cuz watchman and Unclassy babus live there.",1,2025-03-01T20:16:36Z,True
@FarhanAhmed-bz8ej,"I love your vlogs. You make like a suspense movie😂 but a little problem is that I find you a lil bit arrogant, like you don't like rushy areas and crowd and prefer luxurious areas. Anyways it's your choice or maybe I'm wrong. Just enjoy bro",1,2025-03-01T20:03:48Z,True
@tariqchand1228,"Very impressive 
Dream city lahore",2,2025-03-01T17:39:01Z,True
@usmanA-r7r,I like how clean the old city looks .,1,2025-03-01T17:33:19Z,True
@SMakhdoom,Thank you for your Vlog. It's a beautiful window to the vibe of my splendid Lahore.,1,2025-03-01T11:57:25Z,True
@irfanqazi7784,Welcome to my city the city of Love Lahore Pakistan 🇵🇰 ❤❤,5,2025-03-01T09:54:30Z,True
@shahidashraf5700,you put great effort for this video.much appreciated♥️,1,2025-02-28T15:50:47Z,True
@mansoorahmad1489,"Lahore is a mystique. It has a night life that is not like any other city in the world. This night life does not have disco bars or night clubs. It has people sitting on streets and singing folk songs while using kitchen vessels as instruments. Great poets and artists like Nasir Kazmi and Munir Niazi and Saghar Siddiqui roaming on the streets. Spiritual healers moving nonchalantly among ordinary men. 

Well. At least it was like that forty years ago. Today's Lahore is mostly underpasses, overhead bridges and metros and too much traffic . But its charms is still there.",1,2025-02-28T12:50:01Z,True
@Uzbeknationalist3,As a Pakistani I love Lahore but I consider Islamabad as a lahori,2,2025-02-28T08:35:17Z,True
@MazharAli-fz3du,"Dears, you have shown Lahore as it is. Thanks a lot 👍",1,2025-02-28T05:38:22Z,True
@qasimzia1285,13:40 Was this shot deliberate or it just happened in this magical place? 😍,1,2025-02-26T19:02:39Z,True
@AliKhan-c9u-d5s,Mashallah I Love Lohore and You made very Informative Vlog on Lahore,1,2025-02-25T08:06:03Z,True
@BilalAhmad-tw5ee,It’s an amazing video about Lahore i have ever watched. Love your documentary video. Love from Pakistan,7,2025-02-22T15:51:39Z,True
@rajpootrana1277,Nah this editing and videography deserves much more views and likes,4,2025-02-13T05:52:16Z,True
@Pakistani1369,"These two guys are amazing ❤😮, visit also develop sides of Lahore , Bharia town,,cantt, DHA",7,2025-02-10T09:18:22Z,True
@ashiomar9701,"One of the best vd about lahore I hv ever seen.
 Your work is amzng ❤",16,2025-02-08T09:22:52Z,True
@ashiomar9701,So beautifully u guys r cptrd lahore ❤❤,7,2025-02-08T09:17:07Z,True
@Mr.guybro,"Great effort guys, please visit Karachi also. Thanks",2,2025-02-03T19:47:50Z,True
@saadrafique8145,Welcome to lahore,2,2025-01-19T06:39:18Z,True
@lailaameen3467,"Love lahore the city I was born and raised 
Very well presented excellent videography and knowledge provided....❤",9,2025-01-13T11:01:22Z,True
@zubair6069,❤❤❤My heart city Lahore,2,2025-01-03T20:24:35Z,True
@waseemhaydar,"Masha Allah ❤❤
Excellent video 📸❤
Congratulations ❤❤
Also I'm from Lahore Pakistan ❤
Thanks for your beautiful sharing ❤
Watching from Venice Italy ❤",4,2024-12-29T23:50:03Z,True
@All_u_need_channel,"Didn't you try """"Beef Krahi"""" and Biryani?",2,2024-12-26T09:48:20Z,True
@bhuvaneswaranmuralikrishna1041,"Does lahore/pakistan do not have any history before the great "" indian moguls"". Still very proud of your arabian fathers 😂😂😂😂😂",0,2024-12-25T14:23:50Z,True
@everragefaiq7959,Lahore lahore ayyyy love from Lahore 🫀,8,2024-12-21T10:32:11Z,True
@ImmranKhalid1,"Brilliant shots, exceptional work but your Lahore Visit is still incomplete. Bahria Mosque, Canal lighting decoration at night, Museum, Lawrence Garden (Bagh e Jinnah), Lahore has much more to offer to Tourists. Applaud again",1,2024-12-18T00:56:26Z,True
@zulmawani1416,The true worth of Lahore is the timeless Wonders of Mughal architecture. If only in the future Lahore builds on this heritage rather than the “cut & paste” copy of Dubai and its western architecture.,2,2024-12-17T23:10:14Z,True
@Lochschwarz,"Pakistan's Punjab province has banned most outdoor activities and ordered shops, markets and malls in some areas to close early. The rules meant to curb illnesses caused by intense air pollution were imposed on November 11, 2024. Schools and public spaces like parks and zoos will be closed until November 17 in many places including Lahore – a city now considered to have the world's worst air quality, according to live ratings from the Swiss company IQAir.",1,2024-12-16T20:07:07Z,True
@arifnoor100,Lahore is not an ordinary City...its an ancient 2000 years old Rich in Culture...Rich in Mystery...City of Love City of Gardens City of Colleges ...My Hometown,197,2024-12-15T13:49:56Z,True
@FazalHussain-lm1ql,love lahore🤩🤩from india,43,2024-12-15T08:29:13Z,True
@roshaanshahid4397,Beautiful vlog best one for lahore,6,2024-12-15T06:05:50Z,True
@MMS-z8o,Heart of Pakistan is Lahore.,24,2024-12-15T01:01:03Z,True
@texaswild3346,*visit HEERA MANDI of Lahore... 90% punjabi politicians are the products of that area*,3,2024-12-14T21:47:24Z,True
@AbdullahNomani-v6u,I am from Lahore and you should surely visit the museums like Lahore museum and the army museum along with malls like packages mall,6,2024-12-14T07:10:30Z,True
@RasheedRasheed-k6p,"Bank Road Rawalpindi street, and Karachi  DHA phase city ❤❤😊😊",3,2024-12-13T11:35:03Z,True
@Mudassar_Ali_gcu,"Very Warm welcome to Lahore , visit modern sites as well as Historical. Good and Bad peoples are everywhere, hopefully your video will change people's prespective about Pakistan. Once again very warm Welcome.",6,2024-12-13T10:51:40Z,True
@donjames7647,"Lahore The greatest city in the world , only bad thing is to much pollution and smug coming from india",0,2024-12-13T04:58:11Z,True
@hafiz8bp,"Brothers I advice you to try Pakistan best foods like chapli kabab,nehari,karahi and visit qila rohtas district jehlum near Lahore❤❤❤❤",2,2024-12-12T13:03:38Z,True
@SHAZAADA-4-LIFE-UK,theres no place like lahore my favouritr city of pakistan,5,2024-12-12T11:51:43Z,True
@MuhammadAbdullah-ez4io,I’m from Lahore and I’ve lived in Marbella.,2,2024-12-12T02:15:41Z,True
@Fairy-g8h,"Amazing work ❤👏most welcm  
Love from lahore 🌹",3,2024-12-11T20:49:58Z,True
@Nasreen-gk8pb,Very beautiful view of Lahore ❤,28,2024-12-11T10:36:12Z,True
@MALIKBASIT92,❤🎉 lovly 💕💖😘💜❤️ welcome to pakistan always have welcome 🤗 great to see you 🤩 watching from Pakistan Lahore,24,2024-12-11T10:27:24Z,True
@emmarose4367,Another fantastic video. Lahore looks amazing just like the both of you ❤,10,2024-12-10T21:53:53Z,True
@sabijee2612,"My city my people n Ahhhh that scrumptious food 
Really miss everything 
Love from Canada 
Keep up Boyz really amazing vlogs",13,2024-12-10T15:02:01Z,True
@AliLakyari1,"Bro, please explore the unexplored but historical and beautiful areas of Pakistan also like Gorakh Hills Dadu Sindh, Makli Graveyard Thatta Sindh, Princes Of Hope Balochistan, Peshawar Fort KPK, Ranikot Fort Jamshoro Sindh etc.",6,2024-12-10T14:32:01Z,True
@Nasreen-gk8pb,"I have seen this show in wagah border 
There is a wall with border gate which follows the line of Pakistan border i say",1,2024-12-10T09:59:54Z,True
@mudassirgreat,One of the best videos on Lahore by any vlogger I have ever seen. Great shots and lovely presentation. Super crisp picture and great angles to cover the most favorite spots of Lahore.,15,2024-12-10T09:48:43Z,True
@JimySlow-wq9bw,Desian motif architecture mosque look so beautiful terima kasih-thank you for made n sharing this video about amazing Lahore cty salam lots ❤ for you both n Pakistani people from Jkrta,31,2024-12-10T04:25:56Z,True
@INFOWORLD-fl1dj,this video deserves 1B views ❤,58,2024-12-10T04:10:59Z,True
@Nasreen-gk8pb,"Wow what resteraunt u showed in last 
Clean 🫧 and so much items there in Lahore.",1,2024-12-10T03:40:41Z,True
@Nos316,"Wht a lovely, informative video abt Lahore....",21,2024-12-09T21:23:53Z,True
@haroonmurtaza6727,These guys are very hard working and very nice. I have spent a few days in Lahore with Arslan and Julian. Keep it Up Buddy🫶🏻,3,2024-12-09T19:14:08Z,True
@RasheedRasheed-k6p,"Bahria twon city,  Gulbary Lahore,  DHA phase 1,2,3,4,,5,6,7,8,9,❤❤😊😊🇵🇰🇵🇰🇵🇰🇵🇰🇵🇰",5,2024-12-09T17:28:51Z,True
@cuteimmi,"Nice work 👏☺️
Lahore one the best city in Pakistan to visit!",14,2024-12-09T15:22:32Z,True
@saqibzia197,My home town Lahore 🎉❤😊,8,2024-12-09T14:21:40Z,True
@nadeembutt4021,"Lahore is love, this city has everything, you name it and Lahore have it. Culture, history, food, people, gigantic size malls, shopping streets, ultra luxury housing structures, aesthetic views, universities, old part of Lahore is love. ♥ easily one of the best if not the best city in sub-continent.",0,2024-12-09T11:17:59Z,True
@Nasreen-gk8pb,"The famous thing i like to do is to eat mango ice cream there.
I have went to Lahore 3 times",7,2024-12-09T09:45:21Z,True
@Nasreen-gk8pb,Lahore tou Lahore hi Rahega na inshallah,25,2024-12-09T09:34:03Z,True
@MuhammadShaker-z1z,Lots of love ❤❤❤from Lahore,5,2024-12-09T09:01:36Z,True
@ahsanthebest1,Lahore is Love,18,2024-12-09T08:32:23Z,True
@Azeemkhataak,"Pakistan might have lots of problems like terrorism due to it's Afghanistan border, political, it's army and extremism but i still love my country Pakistan 🥺. I wish in next 20 years we become a progressive, secular country where each and every person has the right to live howevever they wanna live 💜🇵🇰",6,2024-12-09T02:17:22Z,True
@99supper,"Great vlog, and beautiful city of Lahore!  I’m looking forward to visiting Pakistan.  Cheers from NY ✌🏻",164,2024-12-08T20:42:45Z,True
@ShorterVersion,my city Lahore. Love from Turkey i am missing my hometown,150,2024-12-08T20:22:53Z,True
