﻿author,comment,likes,published_at,is_relevant
@vibe_allday,Lahaur lahaur hai ❤ mera favourite shahar lahaur hai aur main paida bhi udhar hi hui thi 😊,0,2025-12-06T13:50:53Z,True
@SafiaPerveen-qh6rk,Lahore Lahore ha Karachi us ka shohor ha😂😂,0,2025-11-21T11:20:41Z,True
@Shazadi-t6c,I am big fan❤❤❤❤❤❤❤❤,0,2025-11-18T13:11:24Z,True
@AkhterQureshi-v6f,Yes. Lahore  is. Lahore 🎉🎉,0,2025-11-08T02:25:01Z,True
@kainatshaikh156,Allah pak ap ki sari family ko har buri nazer se dur rakhe Ameen Suma Ameen ❤🫀🫂,0,2025-11-07T15:19:39Z,True
@IbrarIbrarahmed-x5p,Fatima API big fan mein ho❤❤❤❤❤❤❤,0,2025-11-05T12:05:28Z,True
@MuhammadAyaan-p2z8o,Fatima Aapi❤ Lahore mein Rehti Kahan pe ho❤,0,2025-11-02T16:31:14Z,True
@ArifKhan-se9rm,Fatima aapi❤ Lahore Lahore hai Karachi uska shahar hai ❤️🥰😱🤣🤣👌💚😱🙂,2,2025-11-02T11:31:37Z,True
@UmarhayatHayat-w5y,Main aapko milane a rahi hun aap Lahore rahe hain to hamare village Bihar aapko khoob Pyar karoga,0,2025-11-02T07:34:48Z,True
@fatimahalisha1122,my khala rahi thi hai Lahore ma ❤❤,1,2025-11-01T13:30:10Z,True
@SheikhIbrahim-wy9yf,Fatima Faisal is so cute my big fan,1,2025-11-01T10:54:39Z,True
@MajeedChhutta,Fatima API ape bohoth achi ho ape ki family bi so cute sister 😘😍🤩❤️❤️❤️❤️,0,2025-10-29T07:40:18Z,True
@ayeshadanish1020,I know its badshahi mosque 🕌,0,2025-10-28T09:38:45Z,True
@NafeesaFarooq-s5t,Sahi kha Lahore Lahore hai lekin Karachi bhi uska shohar hai beta bhulna mat 😅😂😂,0,2025-10-24T14:29:58Z,True
@HARRY.444HARRY.44,Main aapki bahut badi fan hun Fatima facial aapki video bahut acchi hoti hai,0,2025-10-23T07:14:12Z,True
@Muhammedmaaz-q8d7d,lohar lohar ha sisterology ko anaya ko bhot khail rakity ha,0,2025-10-21T20:24:42Z,True
@AymaAhsan-u1c,This is why Lahore Lahore hai❤,0,2025-10-20T11:02:25Z,True
@ImranBloch-oy2gb,Zainab api ap ki dost so beautiful Small dost Fatima look is so cute and beautiful ❤❤❤,5,2025-10-20T10:29:11Z,True
@BaoFiaz-hn2yw,"Best vloger iqra API 
Beauty queen hira API 
Funest queen Fatima API 
Prankster queen Rabia API 
Foodie queen Zainab",0,2025-10-19T07:44:09Z,True
@Misam-k7j,Fatima api app BTS ka fan ha please please 🙏 batna I am big fan sistrology and BTS ❤❤❤❤🥰🥰🥰🥰,0,2025-10-18T05:38:58Z,True
@WaqasAhmed-t1f9g,Fatima aapki Jaan ke sath pran nakali big lekar uske upar chingam lagakar vah bikane,0,2025-10-18T04:19:10Z,True
@SalmanMehmood-mp4do,Gg Lahore Lahore hai,0,2025-10-16T16:07:58Z,True
@EmaanMalik-w8t,Ha hama pata ha Lahore to Lahore ha,1,2025-10-16T11:24:50Z,True
@FatimaKhan-z5j8x,I am really big fan Fatima API ki Allah Kara mara comment par la or mara comment ki battt vlog ma kar da,0,2025-10-15T16:34:43Z,True
@parirajXofficial-w5,Yes Lahore Lahore h ❤,0,2025-10-15T09:55:33Z,True
@Niazrahimoon-f7j,Fatima Aapi main aapki Sabse big fan hun please mujhe reply karen main aapke liye jaan bhi de sakti hun Agar aapane Mujhe reply kar diya to aapki shaadi aapki Pasand se Hogi,0,2025-10-15T08:49:57Z,True
@Greatshah1966,"Jeenay Lahore ni wakhya oo jamya e ni jeooo
Btw mana bui nhi dakha 😂😂but this line is true bcz Lahore is like our culture❤❤",0,2025-10-14T19:00:20Z,True
@GhulamBuxil,♥️ Sistrology ♥️ family ♥️ ko ♥️ Allah ♥️ pak ♥️ hamesha ♥️ Khush ♥️ rekhy ♥️ Ameen ♥️ Ameen ♥️,19,2025-10-14T15:45:48Z,True
@MuhammadAsifMangat-c4i,Wow ❤ 🎉 very good Lahore Pakistan ❤❤❤❤🎉🎉🎉,0,2025-10-14T14:58:46Z,True
@syedagillanicute5521,Lahore is natural beauty 😍🦋,0,2025-10-14T13:12:34Z,True
@ShahzadKhokhar-w1i,Islamabad  ma cabi aow gi to tuma Lahore sa bi eashiea laga ga 😊,0,2025-10-14T10:59:19Z,True
@nomanshah8676,Lahore lahore hai karachi uska shohar hai😂,0,2025-10-14T09:42:02Z,True
@shamasjutt7040,Lahore  Lahore a yes ❤❤❤❤❤😊😊😊,0,2025-10-14T05:08:18Z,True
@FatimaAli-c4g7t,Lahore Lahore su,0,2025-10-14T03:17:20Z,True
@shamrozkiyani111,Love Lahore Lahore ❤,1,2025-10-13T21:15:08Z,True
@LabinPervaiz,BRILLIANT  SISTERLY  LAHOREE  PUNJABEE  BEAUTIFULL  SMILING  SHOUTING  GIRLS . EXCELLENT  MAKING  FATIMA  FAISAL  AND  SONG   ALONG .,1,2025-10-13T19:13:24Z,True
@ShahzadKhan4385-k2p,Lahore to get the best ending explained,0,2025-10-13T18:51:38Z,True
@AryanKhan-t1x8r,Lahore Lahore ha ❤,0,2025-10-13T18:01:12Z,True
@DeepakManoj-i7y,I love Lahore Sistrology family ❤❤❤❤❤,1,2025-10-13T17:41:59Z,True
@BasharatBasharat-e7c,Fatima per main aapse bahut pyar karti hun real Mein kuchh fan hote hue dikhane ke liye karke lekin main real life mein aapse bahut bahut bahut bahut bahut bahut bahut bahut pyar karti hun please aap mere is comment Ka jawab de aur bole I love u tu,0,2025-10-13T17:28:43Z,True
@Arishaqueensu,Fatima api ap bhot cute ho or apki sisters. Bhi bhot pyari hai 😊😊😊,0,2025-10-13T17:20:21Z,True
@AlfiyaKhan-m7r,Lahore h to Delhi vala gana kyu use kra maaji 💀,0,2025-10-13T17:16:38Z,True
@Nadeembhatti-q6k,Haveli minare Pakistan ke pass hai na ham udhar gaye hain udhar ek uncle bhi gana gate Hain❤,0,2025-10-13T16:37:19Z,True
@Nadeembhatti-q6k,Pakki haveli minare Pakistan ke pass aana ham gaye hue hain udhar song bi gate Hain uncle❤,0,2025-10-13T16:35:54Z,True
@mrprofessor-w9o,Lahore Lahore Pakistan,1,2025-10-13T16:26:11Z,True
@jannatkhurram5134,Our trip went to androon Lahore literally I enjoyed there a lot and I also bought sime tardional things it was so fun I wann go there again❤❤,4,2025-10-13T14:15:10Z,True
@MuqaddasBaloch-e7v,Full Desi vibe🫶🕊️,0,2025-10-13T12:55:37Z,True
@HabibShahid-rm4mi,So beautiful 😍 Fatima api big fan 🎉,1,2025-10-13T12:50:40Z,True
@ShairEman,Fatima api big fan 🎉,1,2025-10-13T12:44:44Z,True
@Mdtariq-r4u2g,I am big fan of Fatima api ❤❤❤❤,0,2025-10-13T12:44:34Z,True
@Mdtariq-r4u2g,I am big fan of Fatima api❤❤❤❤❤,0,2025-10-13T12:44:14Z,True
@Nim1234-o5i,"Beautiful 
First Comment ❤
Like he krdo fatima Mera comment big fan ❤❤",0,2025-10-13T12:43:29Z,True
