﻿author,comment,likes,published_at,is_relevant
@RichardLopez-yy3oc,"Super video.  I’ve watched a bunch of Lahore travel vlogs the last month or so, but yours was the first to note what great shopping (clothing, fancy rugs) there is to be found in the city.  That was surprising and interesting since so many people understandably concentrate on the city’s great food scene.  Speaking of which, sorry you two got sick during your visit but thanks for posting the video.  Good stuff!",0,2025-11-29T22:30:56Z,True
@HaadBajwa-q9n,"All of the food that u consumed was street food, and just eating 1 such dish makes u sick 😫.  You have to have really good metabolism for drinking 🍸 that Lassi, because even wrestlers struggle digesting it! It was the lassi + Almond milk 🥛.  GUARANTEED.  Try it again if u have doubt.  It's dangerous!!!",0,2025-11-28T04:53:20Z,True
@aLoudSi1ence,"I would never advise anyone coming from abroad to eat from random shops. Yes, it may feel like part of the experience, but the cost can be high. Even those of us who live here don’t eat from just any shop or restaurant. The food might taste good, but the hygiene can be questionable. You can enjoy the same dishes at restaurants that at least look visibly clean. 

Avoid eating from random stalls. Even if a roadside stall looks clean, the pollution in the air can contaminate the food and cause food poisoning or other infections, especially if tap water is used. This is simple common sense. Please avoid unnecessary adventures and stay safe. You are here to make good memories, not to end up in the hospital.",0,2025-11-25T18:59:32Z,True
@ArshadAli-cr5pn,She visited Liberty,0,2025-11-25T14:59:04Z,True
@ArshadAli-cr5pn,Palace in Lahore I live in Lahore Pakistan,0,2025-11-25T14:52:59Z,True
@Zafran-v9x,This old Lahore,0,2025-11-25T13:42:45Z,True
@paintbrush0300,He made you wear surmaaaa!😂😂😂😂 im in tears!!,1,2025-11-25T12:34:41Z,True
@hummadam9738,"Make sure you get vaccinated against hepatitis, typhoid, meningitis before visiting Pakistan.
NEVER have tap water, only properly boiled or bottled.
Avoid street food unless thoroughly cooked & not in used old oil.
Never have any procedure done without sterile instruments.
Carry your own hygiene kit with you.",0,2025-11-24T06:43:12Z,True
@MonsoonRain786,"If you want to switch it up from street food life visit Defence Raya  area in DHA Phase 6, Lahore. Lovely atmosphere, some great coffee shops and international restaurants.",1,2025-11-22T21:35:02Z,True
@MonsoonRain786,"I think you got food poisoning from the tap water or lassi, avoid street food dairy! Another tip take Apple Cider Vinegar capsules with you. The liquid is better and it’s available in Pakistan as well. Dilute 1-2tbsp with some water and take a shot. It’s the best thing for nausea, diarrhea and food poisoning. It kills salmonella bacteria and always works 👍🏻",1,2025-11-22T21:20:45Z,True
@usmanbutt6988,is it just me who thinks every forgein vlogger who wants to attract some views visits Lahore for it .,0,2025-11-21T19:56:15Z,True
@terrainofthought,"I live in Lahore and I'm getting food poisoning just looking at all that street food. Bro that much street food is one day? And you don't eat a pan, you chew it a bit and then spit it out. Anyway I a glad you enjoyed yourself. Stay blessed.",0,2025-11-21T17:38:21Z,True
@MIQ6666,"Kachori with lassi in the morning is a stomach upsetting combo. Whenever you visit Pakistan, try to go slow on food. Tap water should not be that bad but I guess it depends on the area. Designer brands are quite affordable and nice quality. I never understood that bird releasing thing, so I don’t do it.",0,2025-11-21T15:54:33Z,True
@BakarJutt-ow6pe,Welcome too Lahore very thanks,0,2025-11-21T09:29:43Z,True
@sakshisharma2961,Pak food quality bad I too got food poisoning in Dubai,1,2025-11-20T22:11:01Z,True
@mad4nexus,"The Pan may be reason for food poisoning as you have to chew Pan inside mouth not to take in and spit out red liquid forcefully idk what you have done after pan bite, pan includes slacked lime , catechu etc ingredients, we also don't like Pan",0,2025-11-20T21:30:08Z,True
@AbdulSaboor1599,Also a very good video showing all Places in Lahore,1,2025-11-18T11:37:11Z,True
@AbdulSaboor1599,Its the Pan that gave you the food poisening. It happens when you eat it first time.,0,2025-11-18T11:35:40Z,True
@karlmuud,Lahore govts have neglected historical sites. Shame really as they've been too busy having their fill current admin included.,0,2025-11-18T10:25:35Z,True
@11Hussain555,So do u like my city 😂😅 m from lahore ❤ and m live nearby badshai mosque 🎉i hope u will never forget this tour❤🎉,0,2025-11-17T23:09:43Z,True
@jawadshinwari2853,"They were no washing dishes 😂😂
They were dyeing clothes (Dopatta) let’s say if you don’t find your desire colour in any part of your dress, go there, tell them your colour, and the job is done.
Ohh by the way welcome to Pakistan 🌹🌹",0,2025-11-17T21:31:53Z,True
@SAEED2HK,Two thing problem for foreigners 1-oily food 2-too sweet stuff,0,2025-11-17T13:48:58Z,True
@hasseebverse,It was the almond drink thing that got you down. Tap water in Lahore is not safe at all,0,2025-11-16T20:32:11Z,True
@baileyhall4531,Sorry about food poising  I'm British pakistan and we  all get stomach problem because of changing of climate/water ect,0,2025-11-16T15:52:42Z,True
@dakhan,tap water cleaner in lahore than karachi,0,2025-11-16T14:53:48Z,True
@darkmatter113,Most of the viewers are from India.,0,2025-11-16T08:45:23Z,True
@mobinalhassan,"I don't know what made you guys sick(food poisoned) but I would say it's normal because as Pakistani living abroad I also gets food poisoning when I visit Pakistan but I still enjoy, It could be anything but my suggession is to use mineral water.",0,2025-11-15T21:13:34Z,True
@tahirehsan2180,"Even if a local eats so varied food in a couple days he is also bound to have stomach problems. We have a rule some foods are not to be mixed and Kachori is a killer, you can't be sure of its meat quality and its freshness.",0,2025-11-15T20:05:21Z,True
@AmjadKhan-mc7jw,The stomach has to get used to the rich foods. The water only drink bottled.,0,2025-11-15T18:13:01Z,True
@MuhammadDaniyalAslam-y1z,"I think u got sick because u eated different types of heavy meals which caused reaction on your stomach
For example u should drink milk after eating fish etc these kinds of food reactions may cause u sick",0,2025-11-15T17:33:07Z,True
@TimbarLand,Excellent Lahore is Lahore,0,2025-11-15T17:11:14Z,True
@ertugrulcadets871,Welcome to Lahore ❤❤❤,2,2025-11-15T08:10:07Z,True
@TheMatriX-e5m,Thank you for showing Lahore. I will definitely not be going there,0,2025-11-15T04:40:05Z,True
@everragefaiq7959,its the almond milk u cant drink that until or unless u r used to it which to be honest i msyelf wouldnt have be and def would make me sick also thats one hell of a fusion of food too much in such a short period of time u see there are categories of food that u can have back to back and u chose the highest richest ones even my dad would get sick a human body aint build that way pancreas would have needed a lot of juices to produce in such a short time therefore ur stomach got upset,1,2025-11-14T17:27:08Z,True
@everragefaiq7959,tbh the best biryani ive had in lahore is Dhaka Biryani coming from Bangladeshi descent istg its so good the best one its in lahore and over many places the one where i go to is near my uni in township if u r still in lahore and a biryani lover u should def check it out,0,2025-11-14T17:17:48Z,True
@chozusmakavelli,"I'll tell you what made you sick:-
with any spice meal you need to balance it with any combination of cucumber, onions, yoghurt or lassi, to balance the heat from spice/meat/oil in your stomach. You need to balance the Geoff you eat.
Spice + spice + spice = explosions.
Raw onions in particular are a necessity with spicy food, they help with digestion. You're supposed to have a strand or two with every bite.
When we eat curry/biryani we alternate one bite with onion, one bite with cucumber.
Nearly every restaurant is on cloud coocoo land, they're supposed to give you salad with everything, but they don't unless you ask them, mofo's are ""dain bread"" (brain dead in ghetto), and goo oblivious to even advise you.
Most restaurants/eateries overload the spices/oil in everything so avoid eating too much spice and too much meat. 
if you get around to having a home cooked meal somewhere you will see the difference - you won't get sick from a home cooked meal.
Also don't overeat, avoid anything with mince meat, keep hydrated, eat plenty of fruit.",0,2025-11-14T09:33:22Z,True
@ZohaibMalik-y7b,Wow pakistan most beautiful country and people's are pakistan also so hospitable and peacefull i think pakistan is very safe and better then India for tourist pakistan culture and food so amazing you should visit pakistani northern areas also,2,2025-11-14T05:53:48Z,True
@saadrafique8145,Welcome to Lahore❤,0,2025-11-14T03:56:44Z,True
@theoadelaidabondocabe7261,"Thanks you so much Miss Oriana Findlay to arrives in Lahore, Pakistan 🇵🇰 to shows those remarkable places everywhere on the streets in peace and joy today 2025❤❤❤❤❤",0,2025-11-14T03:34:35Z,True
@yeahyeahyeahyeah42,You have to explore Northern areas of Pakistan with mountains and scenic views!,0,2025-11-14T03:12:50Z,True
@theoadelaidabondocabe7261,"Love to you guys to arrives in Lahore, Pakistan 🇵🇰 this week to shows those remarkable places everywhere on the streets in peace and joy November of 2025❤❤❤❤",1,2025-11-14T02:49:17Z,True
@theoadelaidabondocabe7261,"Congratulations to you to arrives in Lahore, Pakistan today in peace this week to shows those remarkable places everywhere on the streets in peace November of 2025❤❤❤❤",0,2025-11-14T02:47:21Z,True
@theoadelaidabondocabe7261,"Welcome to Lahore, Pakistan 🇵🇰 to shows those remarkable places everywhere on the streets in joy November of 2025❤❤❤❤❤",2,2025-11-14T02:45:25Z,True
@mahboobalamrana-vt9qh,"LOVE RESPECT FROM ♥️🇵🇰♥️🎎♥️LAHOREL♥️🎎♥️🎈🎈🎈
CRUSH PLZ BLOODY💯♨️🇮🇱♨️🇮🇱♨️🇮🇱♨️💯💯💯",0,2025-11-14T02:44:41Z,True
@SoniaAbeer,Welcome to Lahore ❤,0,2025-11-14T02:08:26Z,True
@HafizIkramullah-hs7eu,Welcome to Lahore Punjab Pakistan ❤❤❤❤,0,2025-11-14T01:28:12Z,True
@khanyali1954,"Paand made you sick. Your not supposed to swallow it. You spit the bits out. Most people dont like paand, only for certain type individuals. You also ate heavy and drank lassi on top. 😂",0,2025-11-14T00:26:52Z,True
@theguyver4934,"Greetings from lahore, pakistan ❤❤❤",0,2025-11-13T23:22:13Z,True
@tiffarshi5525,I get food poisoning every time I visit Lahore,0,2025-11-13T22:50:46Z,True
@MullBatoora-kf6cj,Lahore is the oldest city of Asia compared to Xian China or dimascus Syria.,3,2025-11-13T20:04:52Z,True
@noumanabid789,"I believe people from outside Punjab find it difficult to digest Lassi. They aren't used to such rich, heavy-creamed milk and ingredients, which makes it a challenge for them.",0,2025-11-13T19:57:14Z,True
@JavedKhan-q9v8v,U look like Pakistani sister.. Well most welcome we really love u like our family,0,2025-11-13T19:31:34Z,True
@shahzadaslam384,"yup stuff hot and fresh are usually safe to consume   avoid water, yougets and things on shelf cold, you will regret         but many places in Lahore offer foods very well",0,2025-11-13T18:14:00Z,True
@shahzadaslam384,that sparrow guy should be in jail    he catch those poor animals for money      animals are the most neglected in my city i hope my city will make laws for animals,0,2025-11-13T18:09:14Z,True
@amjidkhan3493,"Beautiful food, beautiful people, beautiful country and I like your video.",0,2025-11-13T17:48:16Z,True
@cidpusa700,Impressive video of Lahore great foods amazing shopping and of course the tea and paratha.,32,2025-11-13T17:04:01Z,True
@Westender11,"Go to Islamabad f6 ,f11 and the foreigners enclave  it’s better than the uk you’ll love it. Cleanest city in Asia is Islamabad . Food unreal and murre and higher up north is more beautiful than Switzerland . I go every year",8,2025-11-13T16:42:20Z,True
@Westender11,Go to the northern areas see the real beauty of PAKSITAN. Lahore and Karachi and choka busy with traffic and dust. Best street food in abbotabad then try MUREE and Islamabad all close by . Clean nice cities great food. Enjoy the amazing food,5,2025-11-13T16:39:17Z,True
@umarsheikhu,The Thing Made you sick in my opinion most probably be the Lassi because its a heavy Butter Milk drink which often is hard to digest if you are not used to it... Anyhow loved your content ,3,2025-11-13T14:03:44Z,True
@gamestonic157,Pakistan needs to take food poisoning seriously.,0,2025-11-13T13:19:07Z,True
@usmantariq8743,"Absolutely amazing video! 😍✨ Lahore truly comes alive through your lens — the food, culture, and energy are captured so beautifully! 🇵🇰💚 And I must say, you are the most gorgeous YouTube influencer I’ve ever seen! 🌟❤️ Keep inspiring us with your incredible travel stories! 🙌📸",9,2025-11-13T13:08:17Z,True
@sahil_official_78,I think you have to upload videos series wise that makes sense and attract viewer to see what's happening in second video but like this you are uploading randomly it's not taking attention like it wants to get it 😕 take this suggestion i am sure you will see change ❤❤,3,2025-11-13T13:04:34Z,True
@Kashi0010,"Could be the mix of too many foods at once — like lassi, chai, and other stuff. Take care!",7,2025-11-13T12:36:33Z,True
