﻿author,comment,likes,published_at,is_relevant
@SULEMAN_10,Hi I am from your city lahore,0,2024-01-25T20:46:07Z,True
@hassaaneditz825,Plz try maja kalji lahore model town dhallah bazar and chana of sheikh which is very old and fantastic,0,2023-09-12T11:21:09Z,True
@pratimasharma468,Yummy!! Enjoy!! Lots of love and best wishes from India!!😊😊👍🏼👍🏼👏🏻👏🏻,2,2023-06-21T07:28:26Z,True
@hab5598,"Wow I am From Karachi, and I am food loves especially Desi foods, InshAllah I will visit Lahore and try all these foods.",0,2023-05-18T21:32:50Z,True
@mohsinjameel2078,Plz improve ur sound quality,0,2023-03-15T19:36:37Z,True
@zohaibayoub2909,"Wahdat Road goodluck bakers ka opposite Naan shop ka sath fakhar sb ""Chana Bong"" try krein 
Bht tasty hn",0,2023-02-20T23:19:50Z,True
@abdullahatif8343,Sadiq halwi chota mufti near khalifa bakery top quality,1,2023-01-12T19:54:14Z,True
@shaistajabeen1342,Cover Daas kulcha lahore,0,2023-01-04T12:10:11Z,True
@madhurtripathi5240,Khana srif non veg hi nahi hota. Your all video is non veg food,0,2022-11-27T18:53:21Z,True
@maliksuleman8252,Bhai yeh sab toh fake hain tum asal jagah ko hath lga kr a gye ho or wahan pr nhi gye is bazar ki original halwa pori Arif sweets ki hai Das kulcha wala k blkl pas hai in sab ka taste farigh hai us ki poori or keema tikki kamal hai us ki video bnao yar ksi asal Lahoriye k sath jatay tou woh kabhi b yahan pr na rokta tumhain q k genuine toh Arif sweets hai,0,2022-11-09T14:07:09Z,True
@MuhammadFaisaljutt876,Jo b pendu Lahore ata h wo asy he videos bata h,0,2022-11-05T22:20:00Z,True
@hazarafoods6667,Good video ji 🌹🌹🌹 Hazara foods,0,2022-11-05T14:58:07Z,True
@experiencetv77,"it's called slow poison.
most of spots like this prepare food in cheapest ghee which is prepared from poultry and others animal intestines and other waste.
these foods are major cause of high blood pressure, diabetes and heart diseases .
YouTubers don't have any concern about your health. they just want to make money from their videos.",0,2022-10-28T02:10:45Z,True
@muhammaddar7336,"Always take small bite, that is mot looking good if you are taking big bite.",0,2022-10-26T21:59:25Z,True
@shafiqahmed3091,Ky 200 years pahla HALWA Puri hotee thee. ? 😜,0,2022-10-26T06:38:26Z,True
@sohailhussain526,Lovely breakfast  yummmmmmi,0,2022-10-22T16:18:10Z,True
@up_36,Gujranwala street food vlog ?,1,2022-09-19T09:23:07Z,True
@asadnisar1677,Saqib Bhai Bhola channy wale wassanpura lahore,0,2022-08-03T19:05:28Z,True
@DilSeBrahmin,Bigg fann from india lucknow sitapur,0,2022-06-19T18:10:22Z,True
@omagame1433,HALLO INDONESIA ALWAYS LIKE YOUR FOODS,1,2022-05-13T19:02:40Z,True
@alisubhan9520,"Haha punjab kae khano mae masala bilkul bh nahi hota 
Btw good vlog 🖒",0,2022-03-19T09:33:54Z,True
@nasirmurtaza143,"looking tasty ...   nice food......,,,,",0,2022-02-18T11:19:15Z,True
@ayazanis4745,Mene is dfa lahore aa k androon ki sari jo apne vdos bnai hain abko try krna mene 😛,0,2022-02-06T17:25:32Z,True
@adra8409,Taste of Indopak couldn’t be found anywhere in the world. Hope Some day Asia would be borderless like EUROPE 🤔,2,2022-02-05T02:05:24Z,True
@aliyawaheed2235,"Assalam-O-Alaikum Saqib Mobeen bhai
Next Mission... Ye try krna hai ab 
Aur 
Chand Shahab Nashta specially Mutton Tikki",0,2022-02-04T01:19:12Z,True
@sehamprince4430,Miya Khan ki haveli rang mahal topi Bazar market fakira,1,2022-01-30T11:04:28Z,True
@hamzakhalid95,Watching this at 2:44 Am ... Uff aisi bhook lagi hai is waqt... Subah aisa hi nashta Karun GA ab insha'Allah 😂,1,2022-01-28T21:45:05Z,True
@aliwAheedABbAsi_1,nice vedio bro i like your food velog,0,2022-01-27T19:45:22Z,True
@bilalgujjarofficial6369,"Saqib Bhai 5:19 pe video mn jinse Aapne qasida bazar k bare pucha wo Mere Mamu hn Aarif GuJJaR 😍😍😍
Yaqin krn Dil phle E Khush tha Aapki video's Dekh k NashtA or Aap ki mithi baton se but Mamu ko Dekh k Khushi mazid zyada ho gai❣️😘",2,2022-01-27T11:58:22Z,True
@FaisalKhan-dx3wo,Bhai swiggy should start inter border services .,0,2022-01-24T18:25:21Z,True
@vgnar,Bhai can u give me food tour on Sunday when im in lahore next?,0,2021-12-23T01:10:21Z,True
@bikerdash27,Fab !  Thank you for sharing. your city and food delights.,2,2021-12-22T21:41:06Z,True
@ratnamukherjee9404,Such yummy food. I wish I could come there and have it. The narrow lanes and food stalls look so familiar.  👍👌👌,38,2021-10-29T07:35:00Z,True
@jaymaakali436,"Khanato ekdam hamare India jaisi hay , delicious 😋",2,2021-10-27T14:01:56Z,True
@amitmishra9624,"Faltu khana hai , Delhi au. Khana khau, Lakin  tumlog mat ana kiyoki sath ma terriost  ajayaga",0,2021-10-26T07:01:14Z,True
@Pakistan.s1,Koi saf jaga dakh kr khana khao bhi,0,2021-10-24T18:56:18Z,True
@Sofiqueiqbal,Big fan of Pakistani food 😍😍,1,2021-10-24T18:23:09Z,True
@aminaali8887,Masha Allah looks yummy 😋,2,2021-10-24T08:26:06Z,True
@cookingcave5481,Looks so delicious,1,2021-10-23T12:15:52Z,True
@vanshikakumar310,"Very poor 
Safai ka koi dhyan nhi rkha jata 
Thanks for nice video",0,2021-10-09T06:26:20Z,True
@cookingclasseswithrupasree9940,Very good video. Delicious food,2,2021-09-23T18:05:45Z,True
@tranzition,"Why dnt u make a video on worst food , need to have a balance of good,bad,ugly food..if everyone making 'good' food then how will people know which one to avoid",0,2021-09-22T19:57:58Z,True
@ajas7851,"Mouthwatering poori chana halwa, Naan, mutton kachori etc..lahore food rocks👍👍..love from india",3,2021-09-18T21:00:36Z,True
@mdmukhtarulhussain2054,"Assalamualaikum , nice VDO but u need to improve sound quality .",0,2021-09-14T10:11:08Z,True
@aniketchatterjee7692,It's delicious and sumptuous my friend.wish to visit lahore and peshwar some day for awesome food ❤️,4,2021-09-09T18:41:42Z,True
@vishalaaron7800,Need to travel Pakistan to eat those desi foods😋,13,2021-09-08T20:35:02Z,True
@usmanbajwa1185,Try Shahbu halwa puri (Pure Desi Ghee) in Heera mandi,0,2021-09-08T15:27:09Z,True
@mrsrsp1054,"Masha Allah 
First time dekhi aap ki video. V.nice. chicken tikki so yummy. Recipe bhi share kro.May Allah always bless you. Like from ahmedabad India 💖",0,2021-09-08T15:19:52Z,True
@ravenclaw1135,It's good to see interior lahore after long time.It's my home land.......miss this yummy bfast so much.,0,2021-09-08T12:49:08Z,True
@ArvindKumar-eq6oh,Lahore tho khane pine k liye vaise hi boht mashoor h. 👍,2,2021-09-07T12:16:57Z,True
@nonamananliferoutine891,Bhai ku tarsa rhe ho mou ma pani arha ha puri or chanay dekh dekh kr 😍😍😋😋😋,0,2021-09-06T08:02:49Z,True
@kishorehinduja8613,"Puri is ok choley quantity is very less, in delhi & mumbai quantity is reasonable",3,2021-09-06T05:48:09Z,True
@shamishami9876,Nice sir but use small mice it will make ur video sounds more good ....! 😊❤️,0,2021-09-05T10:18:06Z,True
@amirdar5825,Akhter Halwai have specific taste,0,2021-09-05T03:25:41Z,True
@mianasiffromeurope7131,"لاہور لاہور اے 💖 I love My Beautiful city Lahore 
اندرون شہر کا اپنا کلچر ہے ماشاء اللہ",1,2021-09-03T23:30:30Z,True
@shivamagrawal3542,"Visit Gilgit part of india, it also have awesome food ❤️",1,2021-09-02T16:43:25Z,True
@coverdrive1798,"Abe is mein kahan se halal dhoond liya tune, halwa puri mein halal kahan se aaya",0,2021-09-02T09:24:49Z,True
@ashishkumar-fz8gj,Tum log kab se.. Veg kahne lage... This is pure Indian food,0,2021-09-02T07:59:14Z,True
@skdelhi2973,"Nice review
Humre yaha bhi  yahi typ ki puri milti hai wo bhi bahut suwad hoti hai
India",1,2021-09-01T18:32:48Z,True
@savant3935,"No difference between India n Pakistan food 
Street n people same Plus food 
Only difference in food non veg joint shown more 
Never ever seen pure veg famous joint or street 
If possible kindly make blog for same",0,2021-09-01T14:27:53Z,True
@MuhammadYasir-cx5ng,halwa puri ka ab dil kar raha hain.. ab main kaha se kahao? :(,0,2021-09-01T11:43:48Z,True
@rashidahmed2875,akhtar halwai great halwa puri keeme wali tikki and chane,0,2021-08-31T21:41:16Z,True
@sushantsingh248,Bhai ek baat to h...musalmano me khana 1 no ka hota hai👌,6,2021-08-31T08:22:40Z,True
@mjk591,Bhai cheaz to bht mazay ki dikhatay ho ap...im fan of ur videos nd food u show all over in lahore.lakin 200saal purani halwa puri???ziada nai hogaya?hahaha...,0,2021-08-30T18:23:38Z,True
@hilhail,"Dear Saqib, you are doing a wonderful job of documenting and presenting the very rich culinary history of your great city Lahore. please continue your good work.",0,2021-08-30T17:43:23Z,True
@mohdjilani1529,Maashallah pakistani all foods very good ❤️,1,2021-08-29T14:45:04Z,True
@jibranali3611,Bhai ap kabhi Nishat Colony ayo apko Halwa puri ka nastha mari taraf say hoga outstanding taste hoga,0,2021-08-27T20:00:13Z,True
@anujmishra2330,It's hindu 🕉️ food.,0,2021-08-27T17:58:43Z,True
@fazaliqbal6080,"A..O.A
Bhai merry kahnay par aap ek Bong paya check Karain... Lahore metro janazga station k pass ek Baba g Raksha par bong paya lagayaty han.... Kamal Ka tast Hy 
8 bajay atay han of 9 bajay tak khatam... Must try",0,2021-08-27T03:49:38Z,True
@noorahmed9947,"You haven't made a video on the most famous naan chanay in lahore  
Goga naqeebia murg chanay model town",1,2021-08-25T23:26:54Z,True
@raajverma1217,Waise isko dekh ke lagta nahi ki ye halwa puri 200 saal purana hai,0,2021-08-24T13:26:23Z,True
@muhammadshafique6470,Very tasty and yummy velog hai ji,0,2021-08-23T18:16:23Z,True
@Jamshed4u,"Assalamu Aalaikum.. Saqib Bhai,
Time bhi Bataya karen ke, Aap Kab Aaye hain Yahaan.. Taakey Rush ka Idea ho Humain,  🕕  🕖
5:31  Saqib Bhai Chacha ko Shukriya Keh dete Meri Taraf se... Kiou ke Lahore mein Kisi ne Sahi Address Bataya hai  😂🤣  Just Kidding - Don't Mind  😉  End mein Samajh Jayen gey ke Maine Aisa Kiou Kahaa  😁
Allah Pak.. Aap ko Kamyabi de aur Himmat de, AAMEEN  ❤
From Karachi  💝  🔫🔫",0,2021-08-23T02:01:29Z,True
@shafiqiqbal9079,Halwa puri wala kis jga hy,0,2021-08-22T19:33:34Z,True
@luqmanbhatti2816,Ma sha Allah video achi hai butt voice thori up karain,0,2021-08-22T19:23:51Z,True
@mohammadshabbir2032,aur Gwalmandi railway road pe Sadiq halwai jo banata hi desi ghee mei,0,2021-08-22T17:58:16Z,True
@mohammadshabbir2032,waise Saqib Akhter hakwai se behter chohatta mufti bakar mei Siddiq halwai ki dukan hai aur woh is se bhi ziyada tasty hai doobara jaao to us ko try karna maza aa jae ga,0,2021-08-22T17:57:15Z,True
@arshadkhan-yx1cr,Yaar tumne to halwa taste karaya hi nahi ...video ka naam rakhdiya halwa puri...,0,2021-08-22T14:30:46Z,True
@muhammadmansoorahmad7189,"Chcha Bassa moon market Lahore 

Best halwa poori mutton tikki",2,2021-08-22T14:04:58Z,True
@usamamughal01,Bhai mast try chacha basa ...!!! iqbal town  un ki desi ghee ki halwa puri or mutton tiki Lahore ki sab sy best hai,0,2021-08-22T13:52:29Z,True
@aargee1965music,Bujurgo ka aashirwad...elders blessings are bigger than any thing else in this world.....And these shops. In old area has own essence....,2,2021-08-22T12:37:24Z,True
@anamfarooq8727,Bhai do try Anarkali sweets in faisal Town lahore. Do review their halwa pori and chai,1,2021-08-22T11:59:30Z,True
@Noorlogs,Good work keep it up...ik baat jo apki videos mein  baqi food review krny walon sy different hai wo yh k baki mostly un places ka review krty jo already famous hain..yh bht acha idea k un places ko explore kiya jai jo famous ni abhi👍👍👍👍👍👍👍,2,2021-08-22T11:59:06Z,True
@hjamal62,AoA … try Jeela chanay wala located on Amir road Shad Bagh,0,2021-08-22T10:48:07Z,True
@Ahanif2607,"Maher Basher Sweets ki Halwa puri or  qeemay wali tikki try kry..
walled city Lohari gate",0,2021-08-22T09:59:47Z,True
@vickykhurmi5823,"Kya baat hai bro , paji sade India ch ehna taste ni milda  , 👍👍",16,2021-08-22T09:56:43Z,True
@umair608,Missing Old Style Halwa puri,1,2021-08-22T09:46:21Z,True
@umair608,Will go for Halwa puri,0,2021-08-22T09:45:45Z,True
