﻿author,comment,likes,published_at,is_relevant
@m.idreesidrees9758,Bekar fish ha..men gya tha...fish ka size bi chota ha..,0,2024-12-16T18:18:22Z,True
@annisaurangzeb8567,This fish is so unhealthy full of debris feed …,0,2024-10-26T05:59:53Z,True
@zabbymemon4093,eating fish at night good?,0,2024-02-04T15:46:48Z,True
@muhammadamanmasood78,Just when u started doing paid reveiws that weren't real and food wasn't that up the par as u said ...trust broke in you.,0,2024-01-06T13:25:06Z,True
@Motivateminds-w8y,rate b bataya kary,0,2023-11-24T14:42:19Z,True
@mohsinnazir9392,Fish looking very beautyful and tasty❤❤❤❤❤❤❤❤.,1,2023-11-24T14:17:01Z,True
@FawadMasud,Blow fish is most overrated and bland fish i have ever eaten. Total waste of money with no consistent flavor of fish. I have tried it three times but not found the same taste of cooking on the fish.  I have always seen it packed but either people are from close locality only and they havent eaten good fish in times.,0,2023-11-12T06:56:28Z,True
@raaaaraaaa90,"Music haram hai , lekin fish iski hi best hai 😂",1,2023-11-02T21:01:54Z,True
@sharmaji2149,Music haram hai yeh imran khan be haram ki pedaish hai 😂😂 kyuki har relly hai usne music lgaya hota hai 😅,0,2023-11-01T20:09:34Z,True
@GurpreetBrar-t8l,Lahore firozpur road sunke dil ni khushi hoyi mittra,1,2023-11-01T14:14:56Z,True
@aabdullah22,"Bhai mere paas laga hua podina dhania,and i atr it with Food.😂😂",1,2023-10-31T03:30:18Z,True
@HafizSubhanspeaks,Saqib bhai aap yakeen nai karan ga mai na apko blow fish pr dekha tha aap video bana raha tha mai bi fish lena aya tha usi din but mana apko disturb nai kia bcz aap video bana raha tha or mai us din sa apka wait kar raha tha ka aap video kab post karan ga😅,1,2023-10-30T18:39:10Z,True
@theGhurabaa,"Sunan Ibn Majah 3349
Miqdam bin Madikarib said:
“I heard the Messenger of Allah (ﷺ) say: ‘A human being fills no worse vessel than his stomach. It is sufficient for a human being to eat a few mouthfuls to keep his spine straight. But if he must (fill it), then one third of food, one third for drink and one third for air.’”",2,2023-10-28T19:57:39Z,True
@arslaniqbal653,Blow fish is very over hyped!,1,2023-10-28T18:53:36Z,True
@shahidsaiyed6936,"Sharm ki baat hai, palestine kai haalat dekho aur tumko khanai ki video banaanai hai. Kuch support bhi dikhaao",1,2023-10-28T14:15:09Z,True
@fahadullah3135,"There is a place in Samanabad named new Mazong, if u coming from samnabad 2nd round about from meat market in new mozong chowk there is a small dhaba offering Tikki, anda tikki and meat balls , try that too.",2,2023-10-28T13:16:08Z,True
@punjabivirsa7981,Salam sir ...sir khana khany ki pori vedio banaia karo....aik do nawalo sy maza ni ata,0,2023-10-27T21:49:34Z,True
@HamzaAli-ed2zr,"MASHALLAH TABARAK R REHMAN,IT'S ANOTHER AMAZING FOODIE VLOG❤❤❤❤❤❤❤❤❤❤❤❤❤❤❤❤❤❤",1,2023-10-27T20:27:47Z,True
@furygaming8853,"you should try fresho foods sajji canal bank  harbanspura ,its so yumm and authentic + flavour full",1,2023-10-27T18:10:10Z,True
@AryanKhan-rp2eo,Billa fish try kren gulberg main bulivard wala....wo bht e achi zaiqydar h,1,2023-10-27T18:05:41Z,True
@aleenaejaz9658,Karachi redrock ka b review kre,0,2023-10-27T17:49:27Z,True
@ChSaeedAshrafSamraa,"Dont teach us Halal & haram , do your job pls. btw who is that idiot who told you that music is haram ?",0,2023-10-27T17:35:57Z,True
@sadiabarkat1057,Meri Ami Jan b JB podina lehsan Hari mirch dhaniya ki chutni bnati ha mtlb kotti ha chatho main. Us main jo lehsun ka taste ATA ha subhanAllah.or sath main sadi Ghar Ki roti ya tarky wale ya aloo wale Chawl K sath ye chutni without dahi K Khane ka Alag hi Maza ha 🤤,1,2023-10-27T17:25:57Z,True
@mandarpatil208,Pomplet ke rate se he pata chala pakistan ki mehngayi,1,2023-10-27T16:14:50Z,True
@tastewithnoman,See food only on karachi,0,2023-10-27T15:33:35Z,True
@dazuotv,"Seafood in Lahore looks delicious, I love it 👍",4,2023-10-27T14:50:12Z,True
@owaisnazeer,saqib bhai ap islampura mai meatex  bbq ka review kro,1,2023-10-27T14:40:22Z,True
@marriumasim3863,Ehsan Tikki New Anarkali lhr,1,2023-10-27T13:23:16Z,True
@clashwithzo,Apko mainy Raj garh main Dekha tha sanda road pe 1 fish wali shop pe hi Kiya apny waha pe bhi video B'nai thi ager B'nai thi to uski video Kabhi tak aygi ??,1,2023-10-27T13:19:52Z,True
@fahda87,Blow fish ki hotel location change ho  gai ha ?,0,2023-10-27T13:10:13Z,True
@fahda87,Dharampura main 1 hidden tikki wala ha. So sab Lahore walo se different ha.,0,2023-10-27T13:07:36Z,True
@anasm6146,1st View 1st Comment 😊,1,2023-10-27T13:01:43Z,True
