﻿author,comment,likes,published_at,is_relevant
@mianrehan123,I thought Younger version of catherine zeta jones visited Lahore 😛,0,2025-11-21T18:41:17Z,True
@harismalik4330,anday wala burger to bun plaster WHATTT!!! 😂,0,2025-08-02T10:54:53Z,True
@SyedHamadai,As living in USA for more than your age ! Did you like Lahore food … ??? I hope do hope so …,1,2025-05-24T07:05:30Z,True
@talhachoudhry6176,Am from Lahore studying in the USA currently really love ur vlog,0,2025-05-24T03:18:27Z,True
@eyemfazykhan,Love From Lahore Pakistan 🇵🇰,1,2025-05-15T20:15:35Z,True
@You-are-gorgeous92,"Nihari is not from Dehli. It's a Mughlai dish and Lahore, just like Dehli was a part of Mughal Empire for a really long time.",0,2025-04-11T07:00:06Z,True
@SamiiAsif,Best food vlogger of Pakistan is only thing funny in this video she is not even the best female food vlogger of Pakistan 😂,0,2025-04-10T21:32:38Z,True
@RealSameerRaza,"The amount of food you have eaten, May god have mercy on your toilet in the next morning. 😂",0,2025-04-05T14:26:46Z,True
@MoizKhan-n3d,Please come to state of The State of Georgia we have some of the best DESI FOOD  in the world. You are real SPICY. 😅😅😅 Yes sir,0,2025-03-31T00:45:29Z,True
@davidgarners,Not cow hooves ... they are goat's ...please correct that ...Phajja makes Goat's only ...,0,2025-03-26T12:54:36Z,True
@inshafaiza,Pakistani is the best food aapko kaisa laga food Achcha hai to comment Mein bataen please Pakistani welcome aapka Pakistan mein ❤,0,2025-03-24T08:13:04Z,True
@Lastinthelegion,"Lahore is second most modern and advanced city in Pakistan after Islamabad in sense of clean hygienic and high standard ambiance in restaurants, Karachi comes third. Overall Lahore is #1 in food",1,2025-03-21T16:57:17Z,True
@jawadaslam2529,"All things you eaten are just famous in lahore, not the best! Best food gems are still to be explored by you.",0,2025-03-20T12:52:58Z,True
@fachifaraz7339,Karachi Foods is Far Far Better then Lahore Foods....There is no Comparison Btw karachi Foods and Lahore Foods .....Love From karachii ❤,0,2025-03-15T21:58:39Z,True
@shahidmehmood5479,"Halwa is best butt,bandu khan ,cake bakes etc made with desi ghee",0,2025-03-14T10:12:58Z,True
@shahidmehmood5479,Old city lahore.waris nahari is better.,0,2025-03-14T10:10:50Z,True
@codeofethics1,i am really fond of food reviews 😊,0,2025-03-09T13:53:33Z,True
@Saqivlogs1,Please come to Abbottabad the northern area of Pakistan a huge mountains and a cold city of Pakistan ❤,0,2025-03-06T13:46:13Z,True
@jiolion-s4y,"she never dreamed of that much views, I may also visit pakistan.",5,2025-03-06T06:59:59Z,True
@Pakistani1369,"Must visit develop side of lahore 
DHA, cantt, gulberg, bharia town",2,2025-03-06T06:21:50Z,True
@DataUniverseBI,"Welcome to Lahore, Oriana! 🇵🇰✨ You are in the heart of history, culture, and amazing hospitality. Lahore doesn’t just welcome guests—it makes them feel at home. Here, kindness is a way of life, making your journey smooth and unforgettable.

Here are 20 amazing facts about Lahore:
1⃣ The Walled City is over 1,000 years old.
2⃣ Badshahi Mosque was the world’s largest mosque for 313 years.
3⃣ Lahore Fort has secret tunnels and chambers.
4⃣ Minar-e-Pakistan marks Pakistan’s independence.
5⃣ Shalimar Gardens were built to feel like paradise.
6⃣ Anarkali Bazaar is over 200 years old and full of life.
7⃣ Lahore is the food capital of Pakistan.
8⃣ Lahore Museum holds rare South Asian artifacts.
9⃣ Gawalmandi & Fort Road Food Street serve centuries-old recipes.
🔟 Sir Ganga Ram helped modernize Lahore.
1⃣1⃣ The Lahore Canal looks beautiful during festivals.
1⃣2⃣ Fakir Khana Museum holds Mughal relics.
1⃣3⃣ Jahangir’s Tomb is a stunning historical site.
1⃣4⃣ Lahore has Pakistan’s biggest library (Punjab Public Library).
1⃣5⃣ Lahore Railway Station was built like a fortress.
1⃣6⃣ Hiran Minar was built by Emperor Jahangir for his pet deer.
1⃣7⃣ Lahore hosts Pakistan’s biggest literature festivals.
1⃣8⃣ The Wagah Border Ceremony is a must-see patriotic event.
1⃣9⃣ Lahore Zoo (founded in 1872) is one of the world’s oldest.
2⃣0⃣ The saying ""Jis Lahore nai vekhya, o jamya nai"" (One who hasn’t seen Lahore isn’t truly born) shows its special charm.

Lahore will make sure your journey is full of warmth, great food, and unforgettable memories. Enjoy every moment! ❤🙌

I am from Lahore, Punjab, Pakistan, and I saw your Karachi video—the people there are truly kind. But I must say, the hospitality of Peshawar and the people of KPK is unmatched. If you visit Peshawar and other cities in KPK, you will experience kindness and generosity that you will remember for a lifetime. Their warmth will stay in your heart forever! Hope you visit soon! 😊🇵🇰✨",0,2025-03-06T01:05:06Z,True
@1234fsdfdsf,You have to point out the hygiene...... Please.,1,2025-03-05T18:41:53Z,True
@dazuotv,Thank you for such a nice video on the Ultimate Lahore Street Food Tour👍,10,2025-03-05T16:33:07Z,True
@MohammadSamirRahman,I have a plan to visit Pakistan just for food 🥑🥝,0,2025-03-05T16:22:11Z,True
@Abdullah-e5i5z,please answer me will you come in faisalabad 3rd largest bigest city by area and also population please visit clock tower of faisalabaad its have eight bazaar around it please come to the city of bazaars and streets enjoy the beauty and food of PAKISTAN.... you will enjoy your trip in faisalabaad also called manchester of pakistan,0,2025-03-05T15:12:43Z,True
@errolmalik9085,"you've got the best food tour guide for you, we love her @amnaashrafff💖",1,2025-03-05T14:43:44Z,True
@zainmubarak6458,"I'm sure the best things you loved about Pakistan are the warmth of the people and, of course, the delicious food! 🤭❤️
I must admit, you're absolutely slaying in Pakistani attire—you've never looked more stunning! 😍

Pakistan is your second home! ✨",2,2025-03-05T14:39:17Z,True
@GraveYard-Gramophone-k5n,I am surprised to see none Pakistanis called her “YOU ARE OUR GUEST” and refused to accept the money perhaps she’s NOT WHITE SKIN if she was she would have gotten special treatment but she’s not so she’s not getting any special treatment,0,2025-03-05T13:56:06Z,True
@ChilledMK,"Way more cleaner, hygienic and tastier than indian street food",0,2025-03-05T13:46:38Z,True
@AndroonArcade,Seriously as a Pakistani i would also take you to these points for the best food experiences. Cheers to girls <3,7,2025-03-05T08:47:00Z,True
@iamghosted-d,4:58 nihari is not actually from delhi its a mughlia dish from mughal kitchen and lahore was part of mughal empire,12,2025-03-05T08:41:48Z,True
@quiz-blasters227,The food looks good.  Thanks for the video.,0,2025-03-05T08:31:33Z,True
@sms.86,Its ironic that u landed in Karachi and did just one vlog which dont cover the diversity of Karachi's food and yet u think Lahore food is the best.. Ironic,0,2025-03-05T07:13:02Z,True
@mhka,Great Vlog and I'm still amazed how you managed to eat all of our Lahori Food in a single day. Best wishes for your stomach xD,1,2025-03-05T06:19:14Z,True
@MuhammedAleem-g8d,"Very good👍💖
Muhammad Aleem
From Lahore Pakistan",1,2025-03-05T06:10:38Z,True
@AhmadZia-s9v,If you like nature mountain fairy meadows definitely visit northern areas of Pakistan stunning views ❤,1,2025-03-05T06:06:40Z,True
@muhammadanaskhan9295,"Nice! There is an ancient quote famous in the subcontinent that ""Someone who hasn't seen Lahore Isn't even born,"" as in he hasn't seen anything. I hope u continue to enjoy!",0,2025-03-05T05:15:36Z,True
@mehararshad4378,welcome to pakistan lahore ❤❤,1,2025-03-05T04:56:02Z,True
@HassanDossi-c4v,Amna my favorite food vlogers,1,2025-03-05T04:44:45Z,True
@workoutroutine.,Karachi food is much more tastier ❤,0,2025-03-05T04:31:12Z,True
@UndoEverything,"The ice cream is called ice cream in Pakistan. ;). Other sweets may look like ice cream but ain't ice cream. I am just watering for Ras-Malai in this cold here in Finland. 
IDK, recently just started watching too many food-logs from Pakistan which is making me homesick. And when I see someone enjoying that heavenly food of Pakistan, it just kills me on the spot. Enjoy it to your fullest.",0,2025-03-04T22:58:10Z,True
@azadipti4499,"Gorgeous girl, nice content, well-made but rather short and a few incorrect information, like hooves of a cow was in fact sheep. ironic that the local guide was clad in third rate western dress while Oriana looked amazing in a traditional Pakistani outfit. Overall video went too fast, far too short which is a shame.",0,2025-03-04T21:32:13Z,True
@haroonsikander6583,"This is awesome !!! Love your Vlogs. Welcome to Lahore and please do try some upscale restaurants as well. You will surely enjoy 😊
Welcome to Lahore...",5,2025-03-04T20:56:15Z,True
@ibrahimmustafa7185,Karachi food is more tasty,4,2025-03-04T20:34:03Z,True
@ruthnamukoko4883,Food looks totally delicious ❤,1,2025-03-04T19:59:09Z,True
@GraveYard-Gramophone-k5n,"Great video. You guys really have big stomachs but the question is that, how can you eat all that heavy food and sweat deserts right after one another. I am impressed",2,2025-03-04T19:03:31Z,True
@litegamerz123,"Was your experience in Lahore better than Karachi u visit the old Lahore, U can also explore new Lahore",1,2025-03-04T19:03:23Z,True
@usmantariq8743,explore Lahore More ❤❤,2,2025-03-04T18:41:17Z,True
@CrystalFindlay,Oh my goodness the food looks divine 🤤 now you need to learn to cook them so we can try too!!,42,2025-03-04T18:04:12Z,True
@ChristopherFindlay-r6k,Food looks amazing and value for money ..beautiful well done can’t wait to try it when I visit,26,2025-03-04T17:55:48Z,True
@SandyFindlay-z6c,The food looks delicious. I would do anything to join you lady’s with gorgeous food and evening. I have to say some of the best food I have ever seen. Also gorgeous ladies ♥️♥️♥️♥️♥️🙏🏻🙏🏻🙏🏻,1,2025-03-04T17:55:24Z,True
