﻿author,comment,likes,published_at,is_relevant
@moviesstudiopk8499,Bohat Khubsorat ap ne Lahore Heera Mandi ka Vlog banaya hai  dekh kar as lag raha tha jise hum khud wahan par hon bohat acha laga From M Saeed awan Nawabshah sindh Pk,0,2025-12-01T07:10:32Z,True
@powerhouse1462,Love life Lahore,1,2025-10-18T16:33:51Z,True
@mansoorzaidi4962,"AoA, Janab, Lahore k 12 darwazay or 1 moori darwaza hai.....
Lohari Gate, Shah Alam Gate,  Mochi Gate, Akbari Gate, Sheranwala Gate, Yakki Gate, Masti Gate, Taxali Gate, Bhati Gate, Roshnai Gate, Kashmiri Gate and Mori Gate",1,2025-08-01T07:00:54Z,True
@tariqakbar1192,Good efforts but lacks lot of information. Film is not  impressive because it requires detail of Sir Ganga Ram and others who put efforts to make this city a real history.but NOT taken care by the authorities ..,2,2025-05-06T13:13:10Z,True
@user-sv3em1ns8bi,"Ma Sha  ALLAH
Sir, Bohat hi umdah andaz se ap visit karwa rahy hain , or sath sath historical background bhi bata rahy hain.. samjhane ka behtareen Andaz, Bilkul Ek Teacher ki tarah... ALLAH PAK ap ko kamyabi Ata Farmae Aameen..
💚💚💚💚💚",1,2024-12-10T18:22:12Z,True
@Genie_01432,"this is the gold mine of lahore if its handled with care like old cities of european countries. the only old lahore tourism with good skilled guides can boost the economy of all pakistan and if they focus on all the heritage sites and cities of this country by there historical importance without hindu - muslim conservative thinking no other country of south asia can match the economy of pakistan because the area of pakistan is not huge as india and tourist can explore all the regions in very short time of period like dessert to snowy mountains from sea shores to highest peaks planned city islamabad to ancient cities mohenjodaro and hadappa civilization, natural mines, traditional & typical culture tribes. with delicious cousins is cherry on top. only if thet made their country a secullar state. european countries has tourist because there tourist feels safe and they dont judge there religions. and also the gun culture of pakistan needs to be controlled and education and grooming of peoples is very important.",3,2024-08-11T15:50:29Z,True
@zubairyaqub7424,Cchacha.  Yazdaaaan.  Koi. B. U. Tuber.  Yea. Kyu. Nahi.  Batata. K. Heeramandi.  Darasal. Shia. Qoum.  Ka. Gar. Hai. Ada.  Hai. Yani. Shia. Mazhab. Ki. Akasi. Karta. Hai. Mujra. Karnay. Wali. Ka. Shia. Hona. Laazmi. Hai.  Heeramandi. K. Har.  Kotha. Per.  Shia. Ka. Kala. Flaf. Lohay. Ka. Panja. Ka. Nishaan. Aap.   Ko. Laga. Hua. Milay. Ga.  Shia. Mazhab. May. Muta. Kar. Sakttay. Hain. Yani.  Chudaaaai. Is. Liay. Heeramandi. May. Mujra. Aur. Chudaaai. Yani. Sab.  Kuccch. Hotta. Hai. Dekh. Lo. Yea. Sab. Shia. Hain.  Mehdi hasan. Nooor jahaaan. Ghulaam ali. Rajab ali. Ghulaam abbas. Pervez mehdi. Amanat ali. Naseebo laal. Nooraan laal. Mehnaz.      Reema. Meera. Madhiha shah. Sangeeta. Kaveeta. Aalia be gam. Nisho be gam. Firdous begam.  Nadra. Neeli. Anjuman. Gori. Nigo. In. Sab. Ka. Taaluk.  Heerandi. Say. Hai. Log. Shia. Ko. Kanjar. B. Kehtay. Hain.  Zardari. Kanjar. B. Shia. Hai. Is.  Liay. Hamara.  Mulk. E. Pakistan.  B.  Heeramandi.  Bun.  Cchuka. Hai. Chacha. Yazdaaaan. Such.  Bolna. Seeeeekho.    😮,0,2024-06-09T22:01:30Z,True
@Exploring_My_Pakistan,Sound very poor quality,1,2024-05-09T10:20:54Z,True
@sadiasher-u8e,Tawaifoun Kai Ghar ander sai bhi dekhaien or in Kai interview bhi,2,2024-05-09T09:15:50Z,True
@toobakhan6914,Ab koi esa vlog banai jis m buildings haveliyan dikhen jo a b heera mAndi web series m dikhai gai hn jese malika jan ki haveli waghaira,2,2024-05-08T21:12:16Z,True
@uwu_ujalarajput5590,"Thanks
Amazing views dekhane ke liye ❤",3,2024-05-07T19:38:00Z,True
@Mhmfunkids,Sari life lahore men guzar k b etefaq nhi hua in elakon men janeka.bohat shukria apko,2,2024-05-02T00:02:18Z,True
@vimlapaul8832,After partition these houses have become properties of Pakistanis but it is very sad these new owners have not  made any efforts for proper upkeep  of these  beautiful properties of yore.,2,2024-05-01T17:10:07Z,True
@muridkazam2207,lahore ka badbu dar area.,0,2024-04-10T11:57:34Z,True
@muhammadayaz344,Time waist kia ha fazool v log,0,2024-03-31T16:59:07Z,True
@GiorgioArmani-r3r,very interested info of lahore interior,2,2024-03-29T02:01:57Z,True
@AsmaAnsari-dn7xw,Video quality ko beter bnaen. Cameray boht ghuatey hain koi cheez clear nazar nahi aati.,2,2024-03-04T18:30:34Z,True
@zeshanshani7578,Ma sha allah video bhut hai ache ... Sir kia yaha asaa gaid mil sakta hai jo waldan old city hamin ghuma sake plzz tell me,3,2024-03-03T19:06:55Z,True
@salimlove6540,phely insani chamry ka kam hota tha ab leather ka kam hota hay,3,2024-03-02T09:52:29Z,True
@michaelmassey3973,Thanks so much for the best visit. I was born and grew up in Lahore and now in Canada.,12,2024-03-01T05:31:24Z,True
@NisarAhmed-db4hg,These  beautiful historical buildings need some attention.  We need to spend some money on renovation and preserve them for our future generations.,9,2024-02-29T15:10:13Z,True
@TayyabRana-q8y,Androon Lahore Shia community boht zyda he,5,2024-02-02T00:22:24Z,True
@UrduBriteTv,"Like124,MA SHA ALLAH brother bahot hi zabardast,bahot hi informative vlog share Kiya apnay hamesha Khush rahein ameen I am your new friend stay connected to ❤❤❤",5,2024-01-28T21:41:57Z,True
@qasimaslam60,"Just as the jeweler used to set the price of the diamond in those days. Orhira was also called a beautiful girl. Which in those days, Nawabs used to come from far away and set the price. That is why it is called Heera Mandi, Taxila Gate Lahore was not all Heera Mandi. Many noble people used to live here. Yazdan TV Valve you don't know anything about Taxilagate. You are just talking about 30 years old things. And you don't know the real things or you are too afraid to say them. We have been residents of Bhatigate since 100 years. The diamond market is built by Muslims. Before the creation of Pakistan, the diamond market used to be held in Anarkali when the British saw that Muslims were so luxurious. And would come there and watch songs and dances and commit adultery with those girls. When the British stopped the Muslims from doing such work in the darkness of the night, they did not stop. Do it so that you feel ashamed, but they did not feel ashamed even today these are the people of Pakistan.",3,2023-08-07T10:08:33Z,True
