﻿author,comment,likes,published_at,is_relevant
@Cyber_Gamerz-fr5hz,Usama Butt ‏ *لَبَّیڪ لَبَّیڪ لَبَّیڪ یَارسُول اَللّٰهﷺ  *تاجــــــدارِ ختمِ نبُوّت ﷺزندہ آباد❤️❤️❤️‏ *لَبَّیڪ لَبَّیڪ لَبَّیڪ یَارسُول اَللّٰهﷺ  *تاجــــــدارِ ختمِ نبُوّت ﷺزندہ آباد❤️❤️❤️,0,2024-07-23T16:32:23Z,True
@chandchandu8594,Usama Butt ‏ *لَبَّیڪ لَبَّیڪ لَبَّیڪ یَارسُول اَللّٰهﷺ  *تاجــــــدارِ ختمِ نبُوّت ﷺزندہ آباد❤️❤️❤️‏ *لَبَّیڪ لَبَّیڪ لَبَّیڪ یَارسُول اَللّٰهﷺ  *تاجــــــدارِ ختمِ نبُوّت ﷺزندہ آباد❤️❤️❤️,0,2024-05-30T13:26:43Z,True
@chandchandu8594,Usama Butt ‏ *لَبَّیڪ لَبَّیڪ لَبَّیڪ یَارسُول اَللّٰهﷺ  *تاجــــــدارِ ختمِ نبُوّت ﷺزندہ آباد❤️❤️❤️‏ *لَبَّیڪ لَبَّیڪ لَبَّیڪ یَارسُول اَللّٰهﷺ  *تاجــــــدارِ ختمِ نبُوّت ﷺزندہ آباد❤️❤️❤️,0,2024-05-28T12:11:04Z,True
@Amir1Azam,Waqai bohat rush hai 😜,0,2022-02-16T14:58:11Z,True
@usmantariq3992,"Tried this today,  just ordinary taste 
Lots of khawari, zalalat and no sitting arrangements.only hype i can say.Ghani paye are far more better and with good sitting arrangements.not recommended at all. Awein 4 bjay paye khanay chalay gaye 🙄",0,2021-12-28T15:46:25Z,True
@lalluthakur781,Khoty k paye,0,2021-10-16T22:46:30Z,True
@muhammadasad3625,Desi chicken he brings from his mother's cute,0,2021-10-12T19:41:21Z,True
@behindthecurtain5762,A drma sra a apny log hn tmry baba g se pachti pta phr clta drmy baz log Sri rat jhot q bolty hn log if allah,0,2021-10-10T22:59:30Z,True
@MaamayKhan,"BEWARE OF THIS PLACE. THEY ALWAYS MAKE INCORRECT BILL AND OVER CHARGE YOU. 

Below average taste of Paya. Over priced. Pathetic service. You literally have to beg for service.",0,2021-10-05T03:02:03Z,True
@khurrammalik4624,In sb ka baap haji abul ghani sri paye Gujranwala,0,2021-07-13T13:06:14Z,True
@azmatbilali5979,She said 2 hour open hote hai shop but owner saying 5 to 9 😂😂,2,2021-06-26T18:05:38Z,True
@atharshafi3005,Only filthy people can eat such food. No difference between animals n Lahories,0,2021-05-09T11:59:38Z,True
@dezinur,"Sahi phuddu bana rahi hen sab ko, na banda na bandey ki zaat or nashta krney k liay saari rat jaagna pare ga hahahahaha",1,2021-05-06T13:44:03Z,True
@highwayman3348,Ummmm yummy siri paye i love it.,0,2021-04-26T19:52:51Z,True
@reemaasif2739,Guys kisi ko pta hai k sehri may ye kia time tk hotay hain plz ans me plz,0,2021-04-24T21:43:38Z,True
@mixsir7301,"Fraud Bhee Kamal Hota Hai Yaha
400 Per Paya Bata Ke 500 Laitey Hain
Advance Mai Passey Le Ke Order Pora Nahee Kartey Ye",0,2021-04-20T20:58:23Z,True
@bilalgul4564,Ye sab fake hota hai publicity kay liye hota hai ye,0,2021-04-10T16:12:20Z,True
@ayyanjaved5375,Mein pak aya tha 2 month pehle to pehli bar lahore aya to dosto ne khilaya thy mujhe OMG mein bt nI skta kitna Enjoy kiya mene khaty howy,0,2021-03-28T17:24:36Z,True
@mohammedarshad1461,Paye wala bolra 4 ghante tum bolri 2ghnte jhoote,0,2021-02-28T11:02:27Z,True
@HasanAli-rx4rs,Isa ki Location kahan hai Lahore main?,0,2021-02-24T08:34:24Z,True
@MuhammadAslam-iu4dq,"Good
         Best food",0,2021-02-02T17:10:52Z,True
@wajahatraj4025,Khyal karna madam ji kahee khuta paye na Kha lein wasay b Lahore main kutay khotay sab chaltay Hain 🙈🙈🙈,0,2021-01-21T19:24:08Z,True
@chakno05,Gher main bna lo itni konsi musebat pari hai. Bazar k gandy mandy pta nai safai b thek sy ho ya na ho😊😊,0,2021-01-12T06:38:52Z,True
@haseebtariq7560,"Nahkray 100 %
Taste 6/10
Sahi zaika hn par itna nahi k itna hight milay
Personal experience",2,2020-12-16T20:50:44Z,True
@sunilrajput20021,Yaar ah paye jehde tusi bade swad la la k khande ho eh kis janwar de ne asi tey paye sirf bakre de hi khande a tey milde vi sirf paye hi a sirri nhi mildi di juban ta koi vi khanda hi nhi na hi mildi a mgar fer vi eh video bohat hi wadiya lgi sanu,0,2020-12-07T16:54:23Z,True
@shanvlogs9200,Hahahahahah.itna anchor ka jhot Pakda gya uncle nai bola k wo dukan 4 baje kholtay aur 9 baje band kartay hai .aur rush wala jhoot to ap k samne agya bs . thumbnail bna na tha aur bna liya wo bhi jhotta,0,2020-12-04T15:10:37Z,True
@HaseebKhan-tt7cu,allah barkt dale lkn pata nhi kya hai aesa in payo mai boht he simple aur normal sa taste hota hai 2 bar try kiya hai fazol hype bana hoa hai,0,2020-11-29T22:13:05Z,True
@syedaaroosanisar8772,Namaz k keay to log jagtay ni or paay khanay k keay jaag ray hai kitnay dukh ke bat hai rab ko to razi ni krtay or khanay k leay kuch b krtay hai,0,2020-11-22T12:08:25Z,True
@pakistanzindabad1450,"Jhot 
Breakfast 🥐 Kay lea sari raat kahtay hain",0,2020-11-21T18:27:57Z,True
@azmatali9053,"Mano khud bara batmeez hai. Or is ka beta b  bara batmeez. Camra me is tara lag ray hai.
Naki ka kam tu kabi kia hee nai.
Me kud kafi dafa breakfast karnay gia hu.
Me b wa pey rahta hu.",0,2020-11-21T17:43:56Z,True
@PardesiCooking,"Kya baat hai ,yummy, geo ustad g",0,2020-11-18T20:11:29Z,True
@souravjoshivlogs._.fanclub2.0,Bhai jan ghr k khano k siwa koi acha nhi hota,0,2020-11-08T18:03:45Z,True
@faisalshah8352,koi zrurt ni na jagny ki fazool tareen taste,0,2020-10-15T15:12:00Z,True
@asimarrain84,Ye video dekh kar gaye hum.thursday tha.pta chla k aj to murgh chanay hain paye ki 2 din chutti hoti hai,0,2020-10-11T08:57:22Z,True
@FazzyKVlogs,"Siri paye ke liye raat bhar jaag sakte hain hum log... Magar fajr ki namaz ke liye nahi. 
Allah taufiq de hume",0,2020-10-08T14:44:14Z,True
@KhanBuilder1,Unhealthy food only lahories eat I d rather sleep hungry and praise Allah,1,2020-10-07T16:45:40Z,True
@ishtiaqahmedqamar8771,"We are all fond of these food items,but who cares for the prayers and the poor???",1,2020-10-07T08:26:42Z,True
@Lucky-kc6sc,anarkali paisa akhbar Lahore main nasir k paye khaien sub bhool jaien gay. lakin nasir hud tu mar gya hai allah janat main jaga day. ab pta nai koi chala raha hai ya nai.,0,2020-10-05T16:30:33Z,True
@ranabilal5870,Bhai lahore wallon pr koi yaqeen na kera ya peai gada ka na hon 😂😂😂😂😂😅,0,2020-10-04T05:03:51Z,True
@666goldman,Big lies 14 years my foot,0,2020-10-01T18:20:08Z,True
@Newspoint15,Nice resepi waoo mazaye,0,2020-09-28T18:58:49Z,True
@qadeermalik3554,Nice taste he,0,2020-09-27T12:10:50Z,True
@khawajaanjum7615,"looks yammi, where is that shop in Lahore",1,2020-09-24T23:10:32Z,True
@rashidahmad2449,These foods of SRI PAI are highly dangerous for health And this can cause various heart diseases.,0,2020-09-22T15:16:22Z,True
@taseerahmedrehmanfromgerma9747,kohte ke siri paye 😀😁,0,2020-09-11T01:45:31Z,True
@Life_Enjoy1,Haqeeqat hai main bi last year gya tha manu ke paye khane👍,1,2020-09-08T23:57:31Z,True
@RaziaSultana-rh6nz,"Nahain khayin gay tu kiya mar jain gay, musalmano ko itna dunyia ki raghbat zaib nahi deiti, zinda rahny ko khana chahye na k khany ko zinda ho insan",0,2020-09-08T19:28:57Z,True
@imamasiddiqui6909,Donkey k to nhi hein bhae lahore ma buhat aam hein,0,2020-09-06T18:13:43Z,True
@ayyankhan1180,Kisi kam k ni hain rate b extra laita logo say,1,2020-09-06T11:18:24Z,True
@letsseeeuropewithme5312,"I’ve had lots of times when I I live in Lahore it’s 100 percent true story 👌
And I really miss ustad manno paay ❤️",7,2020-09-06T06:01:45Z,True
@zafarkhan833,I love siri paye,0,2020-09-05T17:36:16Z,True
@shafeeqshad8247,Juti dhoka wala to bool rah  5sy 9bajy tk kholi hoti hi ...kyn apni emman zaya kr rahi ho,0,2020-09-05T09:23:55Z,True
@shaziakhan907,Boht acha nashta hota ha hum khty hn good👍👍👍♥️,0,2020-09-05T06:35:37Z,True
@nakhudamohammed9619,I love saree paye but I did not understand much of restaurant's owner interview due to different language.,1,2020-09-04T13:41:24Z,True
@asmairshad7148,"Last me aik bazurg bethay Thai, unka b review lena chahye tha",2,2020-09-04T12:49:08Z,True
@arslanrauf656,Baba mnno nae kha 5 sae 9 bjae tak shop kholta ho yae host kah rae ha 4 sae 6 ka time ha jhot bolna chor do,0,2020-09-04T10:29:53Z,True
@muhammadkashif4677,Wo bol rha h 9 bj tk bnd krta h ye bol ri h 2hr e shop khulti h agr 4 bj shop khuly r 9 bj bnd ho to 5hr bnty hn  ksy jhot bol ri h yr,0,2020-09-04T05:07:45Z,True
@iluilu556,Best paye ever.,1,2020-09-04T03:03:31Z,True
@ashash7038,"mai kha kar chek kar chuka  hoon
normal siri payee hain..",0,2020-09-03T21:20:51Z,True
@alihussnain1666,"Here in UK,  I am missing these delicious 😋 foods",3,2020-09-03T20:05:34Z,True
@asifnaeem7009,bohat rush how raha hey bhaii ..,0,2020-09-03T19:41:32Z,True
@malikmazhar5149,Mn ny yahan nashta kiya h,0,2020-09-03T18:08:09Z,True
@educationchannelyt3082,Lahore ma kis jhga,0,2020-09-03T17:36:17Z,True
@hammas.j309,"Ghr k bilkul samny , mano siri paye Sultan pura 😊",9,2020-09-03T16:35:20Z,True
@lifeloglifevlog9742,Haha fazool information daiti ho lagta hai ap k kisi relative ka hotel hai jo advertiese krwa rhe hain,0,2020-09-03T16:34:38Z,True
@luvhacker3821,kia fzooooooool video bna k upload krte o yar tum log ye video bnane ka kia ka kia faida jitne saalo se marzi b krein poore mulk mein aisi hazaaaron shops mil jati hain,0,2020-09-03T16:07:47Z,True
@kitchenwithhifra8413,"Jo jo mera comment ko par raha hai uske parents hamesha healthy and happy  rahe Ameen
Guys me ek small youtuber hon or bohat mehnat se videos bnati hon .cooking ,editing, intro ,thumbnails and etc.bahut mehnat lagti hai video banane me plz ek bar mere videos dekhlo plz .....Kitchen with Hifra",0,2020-09-03T15:12:28Z,True
@fashionpoint1108,I like it with family's vlog,1,2020-09-03T01:45:01Z,True
@islamicvideo1772,Pagal log hai jo jahgty hai paye kay liyeh kuch sharam karo  namaz kay liyeh mat jagna Allah maaf kary hum sub ko tofeeq dey namz parhny ki ameen....,0,2020-09-03T01:43:31Z,True
@Abnormalbusiness,Rush to ha nai wo 8 9 bjy ki bt kr raha or ye bibi zbrdasti 6 bjy bnd krwa rahi ic s ziada rush to aam thelay pe hota ha fzool,0,2020-09-02T22:33:38Z,True
@marrykhan1866,kabi ao na peshawar khushbo laga ke ap se ustad manno bhool jayega peshawar me manno se bohat he alaa siri paye he or price be is se kafi kam yahi plate peshawar me 150 ka milta he,0,2020-09-02T20:17:57Z,True
@MuhammadShoaib-ip9ik,Bohat acha nashta hay laikin fajar se pehle Jana parta hay time per pohanchane k bawajood bhi kabhi nashta nahi milta khaas Tor per magaz uncle ka lehja talakh hay Thora laikin lalach nahi karte zyada kamanay ki daily aik hi quantity sale karte hain aur in ka kehna hay k nashta Karne ka time bhi yehi hay 9 baje k baad konsa nashta hota hay,0,2020-09-02T19:01:22Z,True
@aamirmahmood6667,Sahi baat ha bht zyeda tasty paye r murg chane ha Lahore Lahore ha,0,2020-09-02T18:18:35Z,True
@muhammadabidkhawaja6901,"Reporting ka itna ghalat tariqah.
Namaze admi k lia kya mushkil subh sawary nashtah karna.
Apny girbanon man jhanko rat ko 1 bjy sony aur subha 10 bjy uthny walo.",0,2020-09-02T17:35:15Z,True
@hassanbutt8955,Bohat zaberdast taste hai or waqai bohat mushkil say milta hai..khaas toor per magaz to bohat mushkil say milta hai. Raat ko bartan day jao ya subah bohat jaldi aao.,0,2020-09-02T16:27:08Z,True
@sherazchoudhry4537,True we both with taste,0,2020-09-02T15:40:32Z,True
@Ahsankhan-bd9fh,yar jhot to na bolo k 4:30 bjy hen itni roshni k 6 k bad ka time h,0,2020-09-02T15:37:20Z,True
@Faizkhan-vi4fr,Muslim namaz k lye jage .Lahore e .nashty k lye.,0,2020-09-02T15:22:43Z,True
@ahmedalialibaba2778,jhoti orat wo 9 bjy band krny ka bol rha he.tu wesy hi jhot bol rhi he,0,2020-09-02T14:03:57Z,True
@sultana8188,Wahan par tu khota ka jata Hain ya tu phir halal Hain 🤣🤣🤣,1,2020-09-02T13:12:03Z,True
@evilshadowgaming653,"Who dont like paye 

Me only?",4,2020-09-02T13:11:58Z,True
@raiqamajid2583,Mashallah. aghar emandari se karobaar kary to esy hi barkat hoti hai.,0,2020-09-02T10:44:41Z,True
@muhammadzohaib5020,kitna rush h nazr arha h chawlena na mara kro,2,2020-09-02T10:27:44Z,True
@unlimitedbakchori,Jitni tareef kar rahi hai baji.. Etna rush nazar tuh nahi aa raha. Video ko kum us kum adha ghanta ko tuh laga ho ga,1,2020-09-02T10:26:39Z,True
@designer-865,"Paindooo paiy kay shuqeen hootay hain , 
Paiy khanay kay liye saari raat jagtay hain 
Bund say pagal ...........Paindooooooo...",3,2020-09-02T10:25:04Z,True
@JShah9,Uncle bolta hai 5 bajy aty hai 8.9 bajy jaty hai or aap ki jhot khatam nahi ho rahi 4.30 par aty hai or 6 ya 6.30 par jaty hai 4.5 dafa aap aesi boli ajeeb baat hai insan sy aik time mistake hota hai,0,2020-09-02T09:42:43Z,True
@zmrnsr3571,Where is the model interview have you deleted that daily pakistan,0,2020-09-02T09:18:06Z,True
@meharaamir7488,Where is the interview of Model Urooj?,4,2020-09-02T08:44:04Z,True
@ikramkamboh2633,"Kismat ki baat hai, taste wale aur b bohat hain Lahore main",1,2020-09-02T07:41:12Z,True
@hashamofficial558,Heh this is Absolutely Nothing . Come to Ghani Siri Paye Gujranwala,8,2020-09-02T07:29:21Z,True
@talhakhan6479,Lahore main kis jaga pi hai yah is k location btaa dyn plz,0,2020-09-02T07:28:59Z,True
@ayeshaalifoodtips2412,Ayesha ALi food tips,0,2020-09-02T07:27:01Z,True
@ayeshaalifoodtips2412,Ayesha ALi food tips,1,2020-09-02T07:27:01Z,True
@ayeshaalifoodtips2412,Ayesha ALi food tips,0,2020-09-02T07:27:01Z,True
@uzaiributt5066,"Hyee mazay,... 😋😋😋",1,2020-09-02T07:24:25Z,True
@Usama84,1st viewer 💪,1,2020-09-02T07:24:11Z,True
