﻿author,comment,likes,published_at,is_relevant
@samiaali-by1ho,hamza ki wife paindo hai lahore k log ese paindu kyon hotey hain 😂,0,2025-12-12T13:09:14Z,True
@samiaali-by1ho,aunty bohot boring hain,0,2025-12-12T13:04:21Z,True
@MUJAHID-VLOGS.01,Thamnail AI se Genrate kia,0,2025-12-12T12:20:37Z,True
@SairaASKhan,"Hamza apko chairs pr baithny k lye ahtiat krna chahye thi, apk backside pr hi big cooking pot tha or incident hony m dair nahi lagti. Welcome Turkian in Pakistan. Maha is looking like a cutie pie… it seems like good news is on the way.",0,2025-12-12T11:09:32Z,True
@funkars12,Uff  I am missing my Lahore. Can’t wait to see turkyan trying haji ki nehari . It is indeed the best,0,2025-12-12T10:15:24Z,True
@ZahidZahid-il4gw,Aj R.H.S k Sath ap ka vlog bohat acha lga KYn k in ko hr point ka pta hota he or ap ne APNA itna chota trip KYn rkha 1month ya is se b zyada ka trip hona chahye tha itni jaldi khatm b hogya Allah ap ko humesha khush rkhe Ameen 🤲,0,2025-12-12T09:09:37Z,True
@saqlainamirhinjra,Yai bus doniya mein khane peene k liyai aye hain.pakistaniyon ki yahan phatti pari hai jo halat pakistan mein hain.yai bus husna khailna or khana peena.yar ager Kuch ker nhi sekte.plz khane peene k elawa kisi or cheez per vlog bena lo.ache insaan ho ap sub.,0,2025-12-12T08:50:27Z,True
@fouwad123,PAKISTAN IS FULL OF DIBEBTES AND STROKES AND HEART ATTACKS DUE TO THIS FOODS DONT EAT THESE FOODS IN THE MORNING. IN UK BRITISH PAKISTANI DONT EAT THIS STUFF THIS FULL OF OIL AND BLOCK YOUR ARTERIES.,0,2025-12-12T07:24:15Z,True
@fouwad123,in the morning should be having eggs and coffe light meal this is unhealthy,0,2025-12-12T07:22:09Z,True
@fouwad123,this unhealthy food am a pakistani uk guy this is disgusting and unhealthy and will give you a heart attack and in uk brithish pakistani don't eat this this nasty stuff In the morning,0,2025-12-12T07:20:52Z,True
@bookstagram456,Itna lazeez khana😭💋😋,0,2025-12-12T05:53:01Z,True
@drcocomo,Zaka bhai bechare ne thanda nashta khaya ….. zaka bhai is love .. zaka❤️turkan =best couple,0,2025-12-12T05:35:32Z,True
@Symie59,"Turkan next visit pe gujranwala ka khana try krna
Bht mazay k khanay hotay
Ghoshat specially bht mazay ka milta",0,2025-12-12T05:03:23Z,True
@AbdulMoeed-q4n,Turkey aty vlogs my favorite Lahore nashta nice,0,2025-12-12T04:27:23Z,True
@foodloverkhan,"You worked very hard to lose your weight. These foods can make you gain it back quickly. Hamza seems like he was born just to eat! And Maha is thinking, “When will their nonsense end so I can finally attack the food?” She looks quite uncomfortable.",0,2025-12-12T04:24:27Z,True
@sairakamran4177,Aoa.turkan and hamza Bhai dono aik saath dekh ker maza aya.subha ka nashta halwa puri wah Karachi main to Sirf Sunday ko he puri milti hai Baz jagah per.,0,2025-12-12T03:51:58Z,True
@ThePeoplesPerson-EK7,Taj Mehal's nashta is by miles the best. Always the best and their khoya halwa daal halwa in the night is amazing. Poora is also next level. Taj Mehal ❤,1,2025-12-12T03:30:36Z,True
@mariaaqeel5281,Rhs k sary reveiew ajeeb hotay han jo cheez achi hoti hy wo inhy achi ni lagti..turkan main ap ki tara sara mix kar k khati hoon halwa achar or chanay mix one bite,0,2025-12-12T02:56:31Z,True
@ichanmk404,Two best foodies ❤,1,2025-12-11T23:12:21Z,True
@ichanmk404,foodies united ❤,1,2025-12-11T23:11:56Z,True
@parikhan1734,Asslam o alikum ❤️ turkan atay bhabi ❤how are you 💖 beautiful vlog Masha ALLAH ❤️ yummy 😋 Lahori nashta 🥰,1,2025-12-11T22:24:58Z,True
@muhammadrafi4872,Maa shaa allah maha kia hi ayk bachi ki trah dekh rahi hay kah nashta ki shidat say intzar kar rahi tahi but maha allah ap sab ko khush rakhe our raho ameen,1,2025-12-11T22:23:36Z,True
@KinzaSaif_Observer,Hi. Aoa. I saw you in UCP lahore many times. I was also in the same university. 😊,2,2025-12-11T21:39:22Z,True
@raja-xt3et,Welcome RHS best food volger and Host❤,0,2025-12-11T20:04:09Z,True
@raja-xt3et,Welcome RHS best food volger and Host❤,2,2025-12-11T20:04:02Z,True
@Hurremart2006,Masallah sab bhot achac lag hai❤❤❤❤,2,2025-12-11T19:27:19Z,True
@Agha-5,🫡 Pakistan Ka Taste 💨🇵🇰,1,2025-12-11T18:47:50Z,True
@basitsaleem7087,Sir sub say best channa Sargodha min ambala k channy gool chok k outclass,3,2025-12-11T17:35:30Z,True
@Yariqqahmed,"Assalamualaykum turkan , Loved all of these videos from paksitan, and this vlog is one of the best of yours as seeing hamza bhai after so long in this video. In India his account is suspended I cannot watch him without vpn but seeing him in your video felt amazing. May Allah bless you and bless hamza bhai and his family. Do post content often gutted that this was your last vlog in Pakistan but looking forward for more videos from you now from turkey. Much love and respect from India.",1,2025-12-11T17:29:36Z,True
@AbdulQayyum-xg7bo,Dear daughter your vlogs compelled me to visit Turkey. Your Country is a small Paradise.,6,2025-12-11T17:28:44Z,True
@SairaManan-s7z,I'm so happy ky RHS apni wife ky sath aj androon city gye me isi cheez ka wait kr ri thi ky kb ap apni wife ko sath ly ky jayien gy is jagha 😊,1,2025-12-11T17:25:41Z,True
@tajamalrafiq3651,Turkan ate halwa puri right way ❤,7,2025-12-11T16:48:38Z,True
@ejazkiawaz,Ustad MOTA G k CHANAY is the most delicious breakfast in Lahore. There is no parallel.,0,2025-12-11T16:33:35Z,True
@harisahmad78,"We really enjoy watching your videos, but they’re always a bit too short. It would be great if you could make longer videos, and we would also love to see more videos of just you instead of collaborations with other YouTubers, like in this one. Keep up the great video!",0,2025-12-11T16:22:50Z,True
@RizwanJutt-q7w,Papu k chana b accha ha Chaa Mera Refat  clinic k pas Rat 9 sa 1 Baja tak hota ha,2,2025-12-11T15:31:08Z,True
@HassanIndriver,3 year me Istanbul turkey rha danki lga k gya tha mera interview kro sister,1,2025-12-11T15:16:27Z,True
@HassanIndriver,Me Turkey Istanbul me 3 year reh kr aya ab lahore me taxi chlata hu indrive,1,2025-12-11T15:15:17Z,True
@asmarabutt3345,Two flavours poeple❤,0,2025-12-11T14:32:33Z,True
@GkKg-h8j030,Türkan is so desi 👍,4,2025-12-11T14:29:44Z,True
@KnowMadPK,"Oh man, Lahori nashta is very fulfilling. If you have lasi after it, then you can sleep all day.😊",3,2025-12-11T14:25:06Z,True
@LionKing-nt5bf,Love and regards from Lahore Pakistan.......,1,2025-12-11T13:48:46Z,True
