﻿author,comment,likes,published_at,is_relevant
@sitara73,"Itifaqan video dekhi r phir is ko mukamal dekhy bina reh nahi saki balke 2 , 3 bar dekha . Itni fazool videos k dermiyan ap ne bohat informative r khobsoorat maloomaat den . Thank you . Maza a gya.",0,2025-11-19T21:04:34Z,True
@78maany,"You are doing a good job, and should document the history by get the DNA test from bones to find the origin of this human. Try to gather bones in a human shape to find more about it. Carbon dating could be helpful to find the accurate age of the pots and other buried item. Try to arrange a drawing of fountains so that new generation could enlighten with the rich ancient Indian history.
Good job and thank you",0,2025-11-18T13:53:59Z,True
@fazalhussainmd2007,"Lahore Fort is a treasure trove and an archaeologist’s paradise. I really hope the authorities engage professional archaeologists to explore its hidden treasures with dignity and authenticity. Countless mysteries are waiting to be uncovered through evidence-based research rather than hearsay or speculation. It holds immense potential for scholarly work and publications, as its walls have witnessed extraordinary stories and historic events that make it one of the most remarkable archaeological wonders in the world!",0,2025-10-21T21:37:37Z,True
@sofisofu6383,Lahore fort is indeed a mystery ❤,0,2025-10-15T16:52:00Z,True
@Myediterwørld,Hamara archeology department in historical buildings ko international standard pe nahi maintain karta. Pakistan in historical places se billions rupees earn kar sakta he but result is nil.,0,2025-10-05T16:52:06Z,True
@syedaashraf1733,India hyderabad mai bhe gol kunda mai bhe bhot bara qela hai 1980 mai dekha tha,0,2025-09-08T03:18:48Z,True
@Peacefulcitizen,"AAP K AIK AOR NEWS YE HAI K, hathi paon ki stair k middle main jo wooden double door aap ne dikhaya hai. wo main ne khola huwa dekha tha jab k meri age 8/9 years ho gi yaani 45 years pehlaiy ki baat bata reha hoon. main aor meraiy marhoom father is darwazaiy k bahir pohnchaiy to dekha k hathi steps walaiy wooden door k andar se lohaiy ki chains k sath jo manual crane type big pipes wali crane thi. jis main chain k zariay aik takht (throne) total gold color ka nikala ja reha tha basement main se.. brighly chamak reha tha aor 6 feet length to ho gi. wo aik royal throne lag reha tha. baad main wo kahan gaya pata nahi.",0,2025-09-07T13:37:15Z,True
@taqveemqureshiofficial4322,Very informative video thanks for your efforts.,1,2025-09-04T12:04:25Z,True
@falakmotivation,Es py puri trah research honi chaiye,0,2025-08-20T19:02:05Z,True
@zaffarquadri5825,Bahut  acche  dhang  se  aap  is  mahal  ki  tafseli  vedio  banaye.   Phir  bhi  kayi  raaz  baki  hai  is  mahal  ke.. Jyse  buzrug  ka  mazar..... Bharat.,0,2025-08-20T10:34:37Z,True
@Myediterwørld,Hamari govt. tarikhi buildings ki care nahi karti. Ye International dtamdard k mutabiq historical places ki renovation nahi kartay.Agar aisa azeem virsa kisi aur country k pas hota to wo iss se billions earn kar rahay hotay.,0,2025-08-15T16:36:33Z,True
@prasantapathak7724,"Very good vdo, exposing the unknown. Though the constructions are worth seeing, but I fail to understand how many were users of such huge constructions. I condemn all these Mughal constructions  as the Mughal kings wasted crores of money just for their limited number of family members, their relatives, the servicing recruits and the securities. They sucked blood of ruled people by imposing heavy taxes or by illegal occupation of their lands and properties to punish. They led luxurious lives and spent crores on wars. They stole costly belongings of people of other religions. They stole valuables from Hindu  temples,  Hindu Kings and other rich Hindu people. They destroyed all beautiful Hindu temples and other considerations.All those rulers were selfish giants and occupied India for making it  an Islamic country. Shame!!",0,2025-07-25T07:13:13Z,True
@trulysalman84,"Bohot aala video, zara please ye bhi batayen ke itne andar teh khano me Mughal dour mein kese roshiyan ya diye ya mashaal rakhy jate thy. Kiun ke aaj to wahan modern lights lagayi gayi hain. Lekin zehen ye sochta hai ke uss dour mein kese mehel ke andar tak mashaalei lagayi jati hongi koi asaar agar mili ho usko bhi dikhayen.",0,2025-05-27T12:03:01Z,True
@Noorulain-tz9qs,"Ye yahaan Khazane dhoond rahe hain. Agar yahaan Achhi development kerdi jaye to obviously zyaada Income generate ki ja sakti ha. 
Govt. Need to think about this",1,2025-05-15T08:19:48Z,True
@dryasermufti1,Gud work and effort thimbs up for bringing comprhensive knowledge,0,2025-05-11T19:00:12Z,True
@RaiSaysS,I really liked the details in this video and the way it has been narrated… looking forward to watching the more interesting stuff,0,2025-05-05T08:13:29Z,True
@wajahatali557,Anarkali may be buried here😂😂😂,0,2025-05-03T13:49:28Z,True
@neeloferkhan2517,Deeawaron k b kan hotay hein...esi lye bna ye mohawra 😊,0,2025-04-27T10:41:37Z,True
@80seren,Information and perception are not Correct they didnt need Privacy or Protection Most Powerful literate and Own world 60% economy...,0,2025-04-20T18:49:33Z,True
@ghulamrabbani6262,MUGHLO NY BUHAT HE KUCH KIA INDIA PAKISTAN ME OR BADDI BADDI IMARTY BNAI JO QABIL E TARIF HY OR AJ BE DUNO GOVT ESY PYSA KAMA RAHI HYN .OR MUGHLO KA PYSA BRITISH KY FARANGIO NY LOTA IR BRITISH LYKER GAYY .AJ BE ES DUOR ME GOVT APNY MUKHALFIN KO MARTI HY QATAL KERWATI HY OR SAB GUNAH MUGHLO PER DALTY HY . MUGHAL KY BACHY INDIA OR RANGON ME GHURBAT KE JINDAGI GUZAR RAHY HY JESY SULTANA BEGAM OR ROSHAN ARA SAHIBA OR KHANDAN KY LOG .OR LAL QILA BADSHAI MASJID SHAHI QILA LAHOR SY AJ KARORO RUPIA GOVT KAMATI HY OR MUGHLO KY BACHO KO NAHI DYTY,0,2025-04-20T11:51:13Z,True
@ZARA-o6q4w,"Mughal badsha kaise bane  ye batao  Afsos ke mayn badsha nahin ban sakta  Garib  budha  kamjor hun  ,,,, Na kisi ki aankh ka noor hun Na kisi ke dil ka qaraar hun  jo ujad gaya vo majaar hun",0,2025-04-11T16:43:39Z,True
@kabirascollection7793,"Hayraat hai sir apko qila Lahore mai kuch b purasrar feel nahi hua 
Jb k mai jab b jati hun. Yahan kuch na kuch zaroor hota hai mery sath. 😢",0,2025-04-07T03:24:05Z,True
@kabirascollection7793,"Hathi paon ki tarf jo darwaza hai wo mujhe bht achi tarha yaad hai. Ye khula hua tha. Mari umer 16 saal thi or ham pori family k 20 members k sath qila Lahore aye thy. Mujhe purani emarton say bht lagao hai. Mai akili in siriyon say nichy ai baqi sab abi siriyon k pas thy jab k mai esi darwazy k samny khari thi. Ye darwaza ake side say band tha or dosra pat 2 balish jitna khula tha suraj ki roshni mai bas chand qadam tak hi naxar aa raha tha. Mai ny darwazy k bilkul qareeb ja kar zoor say kaha 
Koi hai
Shyad koi yaqeen na kary lakin mujhe kisi ourat ki zoordaar chekh ki awaz aai mai wajan say 2 qadam pichy hui or apni jagha say hil b na saki tb tak mari family b nichy aa gai. Mai ny apny bary bhai ko sari baat batai or kaha k andar koi larki hai. Kuch hai andar. Lakin kisi ny yaqeen nahi kia. 
Aj b mai ye jagha dakhti hun tu mujhe wo waqaya yaad aa jata hai. Agr ye jagha public k liye open hui i will must visit in this place.",0,2025-04-07T03:21:17Z,True
@عبداللهمیرذا,Wasting of money,0,2025-04-02T05:05:51Z,True
@DarkJustice2025,"Excellent 
You are lucky guy had this visit.
Is it opened now for common person.
Artificial intelligence can play a vital roll in full video development.",2,2025-03-29T19:32:36Z,True
@ZafarKhan-zr6gt,Insan kethna be Jan bachai laken moth sey nahi bach saktha.,1,2025-03-28T17:37:01Z,True
@noamaanahmad1595,I don’t remember if it was open to public or not. But when I was little me and my family went down there with a tour guide. My dad had to pay him quite a lot of money to take us. A few other people came as well that’s way,1,2025-02-18T12:30:22Z,True
@sahilabbas5398,"I was born in 1975 in outside Lahore, I never see this MAHAL before",1,2025-02-07T13:29:56Z,True
@hafizmuhammadkamransabri9025,Boaht hi alaaa kaam kya hay aap nay ....But Sadly hamari awam ko pata hi nahi aur is ki views dekh kay afsoos hota hay kay log kya dekhna chah rhay hain,0,2025-01-22T12:32:58Z,True
@WEAPONSLOVERR,YE LAHORE FORT KA LOWER RESIDENCE AREA H OR KUCH BHE NEHE,2,2025-01-04T17:38:27Z,True
@hassu89,"Afsos hota h jb Shahid qilaa ko dakhta hu ..rox ba rox tot fud ka shikar ho rhi h .... govt Kuch ni kr rhi ,..",0,2024-11-29T16:03:43Z,True
@yasminchishti6275,"This is amazing.I think Muslims r born engineer
Because I visited many
Mughul buildings in Pakistan 
and IndeaI think Muslims r
Engineer  some of them show
their poetry in form of beautiful buildings.",9,2024-11-03T18:54:04Z,True
@positivethinker9840,"I like your videos, you don't claim to be an expert and don't give false information. Your videos are short and to the point. I have seen many other vloggers who fantasise about the buildings and in doing so, give away some false and fairy tales. Keep up the good work, the best thing to happen to Lahore in the last few years is the Walled City Project.",3,2024-10-24T12:08:30Z,True
@shakilabegum8680,Amazing. How water was going back to the tank as there were no electric pumps. It should be renovated and should be opened for visitors. This will become a big source of income.,1,2024-10-22T09:57:01Z,True
@tanouliskitchen5475,Very good effort. Thank you.,3,2024-10-16T17:32:25Z,True
@yasirhussainqadrijilani4499,"Very underrated.
But keep it up",0,2024-10-14T16:46:38Z,True
@AliMehdi85,mughals are persian. aur is layia tab sarkari zaban farsi hi thi . ajj bi iran chalay jao to wahan ka culture hy kay loog week main ek baar with family ghar seh kuch bana kar outing ka layia zaroor jatay hain is layia app ko iran main bagh bahoot milay gee usi zamany main hind main jab mughals periods tha to app ko yahan us time ka bagh milay gain jo ab lahore main bas thoray hi hain humara khadmay ala show saab nay bas lahore ko atina bara kar dya lakin koi new bagh nahi koi new govt hospital nahi bira gharak kar kaay rakh dia hy,1,2024-10-08T08:18:39Z,True
