﻿author,comment,likes,published_at,is_relevant
@kittybennett,Do they have western foods or big supermarkets in Lahore?,0,2025-11-27T08:42:51Z,True
@farhanbadarvlogs,"Jeda lassi over rated hai 
Feeqa lassi way better then him",0,2025-11-26T00:38:13Z,True
@SharmeenShaikh-l4u,I am from India but I love lahore meri buuhat badi khwahish h lahore ghumne ki,0,2025-11-01T17:01:06Z,True
@claudiapatriciaflorezolier458,"Amo Pakistán,  especialmente Lahore ❤",1,2025-10-11T02:22:49Z,True
@AnkitMishra-dw4iz,"lahore city lagta he nhi hai,SLUM lagta hai😂😂😂😂😂😂😂😂 lag rha tha  SLUM ki vedio dekh rha hu😂😂😂😂",0,2025-10-03T13:18:55Z,True
@WaqarHasan-rc9rt,Bohat mazaydaar khaanay!,0,2025-09-26T15:44:08Z,True
@WaqarHasan-rc9rt,So tasty foods!,0,2025-09-26T15:43:52Z,True
@WaqarHasan-rc9rt,Bohat khoobsurat sheher aur video aur hotel aur restaurant aur mazaydaar khaanay aur lassi aur taaza sabziyan aur nazaara aur qila and masjid aur pathar aur taareekhi imaaraat aur makaamaat aur dukaanein aur mochi darwaza aur mandir aur guruduara aur mughaiya sultanat aur architecture aur mehmaan khana aur Mughaliya daur!,0,2025-09-26T15:33:29Z,True
@WaqarHasan-rc9rt,So beautyfull city and video and hotel and restaurant and tasty foods and lassi and fresh vegetables and view and fort and mosque and stone and historical buildings and places and fort and mazaar Shareef and garden and Mughal empire and architectures!,0,2025-09-26T15:28:22Z,True
@ShashtiVlog,Video achchha laga Lahore ke bare me jankari mili jo mujhe malum nahi tha aapki  presentation aur narration aachchha hai thank you,0,2025-09-06T12:24:44Z,True
@sonnyb67587,"Greeting from London UK,  my grandparents (Sikh/Hindu) were born in Lahore, this was before 1947. I want to someday see the beautiful city of my ancestors. 

I visit India few days times a year but I must come to Lahore Pakistan.",0,2025-08-25T22:28:53Z,True
@Harryskickoff1906,Lahore is the greatest city in Pakistan.... lively people,0,2025-08-22T04:39:46Z,True
@amjadansari1502,"Assalamu alaikum 
Bai me ap ki har video Bohat shook se dekta hn
Great information video hoti ha ap ki
Me Faisalabad se hn",0,2025-08-19T05:00:11Z,True
@SunilKumar-ws8yn,"Lahore se best too india ka ek village hai
Konsi सदी  me ji rha hai pakistan",0,2025-07-21T16:03:16Z,True
@AkashMaqboolbhatti-s7k,Bhai bhot hi acha vologe the har AK view  good 😊 the thanks 😊,0,2025-07-15T17:30:21Z,True
@Bro190,"Yes tbhi to kehty k jisny Lahore ni wykhiya o jamiyah ei nhi ....

*ہائے لاہور تیرے کیا کہنے... 🌆❤️*  
ہر کسی کو بس تُو ہی آیا نظر 😍  
بات ہو شاعری کی ✍️ یا سہانے موسم کا اثر 🌧️🌤️  

چائے کی خوشبو ☕ ہو یا تاریخی مقامات کی بات 🏰  
ہر منظر میں چھپی ہو، تیری اپنی سوغات 💫  

یار کی بات ہو یا یار کی یادوں کی رم جھم 💭💔  
تُو ہے دل کا شہر 💖، جذباتوں کی ہم دم 🫂  

تیری گلیوں سے جو گزرے 🚶‍♀️، وہ اکثر بن جائیں خواب 🌙  
یادوں کی طرح چھا جائیں دل پر 💌، بن جائیں کوئی حساب 📖  

کبھی بارشوں میں بھیگی سڑکوں کا منظر 🌧️🚗  
کبھی شام کی دھند 🌫️، کبھی انارکلی کا ہنر 🛍️  

کہیں قہقہے 😂، کہیں خاموشی 🤫، کہیں عشق کی کہانی 💘📜  
لاہور فقط شہر نہیں 🏙️، یہ دل والوں کی نشانی 💞  

یہ خوابوں کا نگر 🌟، یہ جذبوں کی رہگزر 💫  
یہاں ہر موڑ پہ ملتی ہے یادوں کی ڈگر 🛤️  

*ہائے لاہور… تیرے کیا کہنے! 🌆❤️*
                                                        عزا شعیب",0,2025-07-15T12:49:56Z,True
@duaa-j9r,LAhore is Lahore ❤❤,1,2025-06-21T06:12:40Z,True
@zaffronmannoth7133,Car iski jo nahi hoti,0,2025-06-07T19:34:38Z,True
@zaffronmannoth7133,Opar cheeze hoti ha maunudin chisti ke miti kia ho ga pate ki baat koi nahi gher mehfooz.,0,2025-06-07T19:24:58Z,True
@zaffronmannoth7133,Hamari wohi baat hoti hoti ha sugar.quality less than.,0,2025-06-07T19:23:24Z,True
@BotVsProBots,Mahi I Hope You Are Watching my Lahore,0,2025-04-20T13:38:20Z,True
@gauravlodha6305,Purana Lahore 🤝 purani delhi,0,2025-03-16T05:19:18Z,True
@wlamia,Ay jo lahore sa mohabbat hay ay kesi or sa mohabbat  hay ❤❤❤❤❤❤,0,2025-03-14T13:43:59Z,True
@aditya__verma_045,"Lots of love from 🇮🇳India to you and your people in Lahore. I cannot go to Pakistan but through your videos I am able to see some of the cities of Pakistan. One of them is Lahore. Actually Lahore itself is one of the ancient and historical cities. Being an Indian, I would like to share a sentence with you, Lahore is another famous city of Pakistan. It is culturally considered the heart of Pakistan. It is famous for its historical heritages, such as Badshahi Mosque and Lahore Fort. According to Hindu beliefs, the ancient name of Lahore was Lavpuri, which was settled by Lav, son of Lord Ram.
 I eagerly wait for your every upcoming video. Thank you🙏🇮🇳❤️🇵🇰🫶",5,2025-03-11T17:31:29Z,True
@Yourstodiscoxer,Sada lahore ❤ never been in lahore pr jdo wi lahore nu photo ch dkhde aa ta ronaa aa jnda sade dady baap ethe hi bachpan nikle ik wakhri dil judea aaa lahore nal ❤,1,2025-03-04T16:39:35Z,True
@NawabZada-p3z,Please bta skty hain lahore mai konsi language bolty hain... Punjabi konsi wali bolty hain,0,2025-03-04T08:23:45Z,True
@Mr_I3ilal,Family k sath ghumna safe hai,0,2025-01-20T12:12:07Z,True
@Godisloveandpeace-m,"These buildings are priceless and irreplaceable oh my God😍😍😍😍😍. I hope they restore that girls school also. The window is falling. 30x30cm could be around $2000,-. Keep it clean and safe. ❤❤❤❤❤❤❤. Hello from the Caribbean 🌴🥥🌈😘😘",0,2025-01-10T08:51:56Z,True
@Islamic_vibes_official.542,Bhaii sb tk h lkn aesa nashta or lassi phr fhumna phrna bc paisa bhii hona zrurii h 😢😢😢,1,2024-12-25T06:41:51Z,True
@pulkitsharma2345,Beautiful lahore. It was part of India but was snatched by dog jinnah.,0,2024-12-05T11:09:26Z,True
@sharjeelkhan7437,Centre of corruption of Pakistan. Lahore.,0,2024-12-04T10:42:15Z,True
@TravelByNeeraj,Very beautiful Lahore ❤️❤️❤️❤️🇮🇪,1,2024-11-10T08:35:33Z,True
@satyammishra2090,"Lesser Known Fact:

There’s a small town on KPK’s M1 called Lahor near Swabi. 

Known by few to once have been an ancient town on the Indus carrying immense historic importance for the Hindus, Buddhists and Muslims of South Asia. 

A town of scholars, monks, and warriors 1/n (🧵)

Lahor, also known as Chota Lahore, is a small town lying near the confluence of the Kabul and Indus rivers in KPK. 

However in the ancient times this town was known as Salatura, home of the grammarian Panini, the Monk Marananta, and the last town of Al-Muhallab’s foray.

Panini was an ancient Hindu grammarian from Salatura who lived between the 6th and 4th centuries BCE and was one of the first people in the world to work on descriptive linguistics and certainly the first to write a treatise on Sanskrit grammar.

His work consisting of over 3000 aphorisms, the Astadhyayi, marks the transition from Vedic Sanskrit to classical Sanskrit and was used for centuries after him and won him much acclaim even from modern linguists. 

There was apparently a statue of him in Salatura at some point.

Marananta was a Buddhist monk from Salatura credited to be amongst the first to introduce Buddhism to the Korean Peninsula in the late 4th century. 

Using the Silk Road, Marananta is believed to have travelled from Gandhara through China to reach the Korean Peninsula in 384 CE.

Marananta travelled to the kingdom of Baekje and preached Buddhism to the royal house and with support of the ruler built the kingdom’s first Buddhist temple and trained 10 monks. About a century and a half later, Buddhism in Baekje would reach its golden era.

Though pertinent to mention is that by further research I’ve discovered the generally accepted theory of Marananta being from Salatura to have a rather weak basis. There needs to be further work conducted by Korean and Pakistani archaeologists and historians in this regard.

Salatura was also one of the few south Asian cities to be mentioned in the early Islamic historiographical work the “Futuh Al-Buldan” and also one of the first towns in the region to witness Muslim activity due to the foray Al-Muhallab.

Al-Muhallab Ibn Sufra was an Muslim general who led the first charge of the Muslims into today’s Khyber Pukhtunkhwa in 644 CE during the rule of the Huns. 

The historian Baladhuri mentions 2 cities: Al-Bannah (Bannu Basin) and Al-Ahwar (Lahor/Salatura).

Though the attack was successful, no permanent hold over the region was made but an important possible strategic aim was achieved. Forces of Zabulistan were possibly scattered and barred from regrouping against Ibn Samura’s siege which lead to the fall of Kabul to the Muslims.

Though due to a dearth of information we don’t know how large of an effect this foray till Salatura had but the existence of early Islamic tombs, mentions of Muslims traders in Hund and the later tomb of Sinan Ibn Salmah show us that the Muslim activity in the region increased.

Though Salatura would find another possible mention later on by some historians, it’s importance vaned even further with time. 

It is all but a small town on the motorway now, a small town with a small secret of its extremely illustrious past.",0,2024-10-22T14:17:18Z,True
@ravijnu163,Lahore me sare empire isliye the kyunki phele Lahore India ka hisa tha par Britishers ne india se pakistan ko alag kar diya,0,2024-10-15T16:46:05Z,True
@shamshuddinshamshu3401,Lahore kithna khubsoorat shehar.merakku bahuth pasand.,0,2024-10-07T18:39:44Z,True
@dagestani.dons7,Bhai can you please brief how much is the expense for an indian to visit Lahore and spent a couple of days there,0,2024-10-02T09:46:20Z,True
@SyedMubarakOfficial,Anybody from Lahore watching it,1,2024-10-01T03:51:49Z,True
@NayelaUakub,Lahore Lahore ea❤,0,2024-09-28T00:51:25Z,True
@santoshdsh,Tum Pakistani ek vlog bhi dhang ki nahi bana pate ho,0,2024-08-20T15:26:45Z,True
@TARUNYADAV-ri7lb,Old delhi and lahore❤❤,0,2024-08-02T21:36:43Z,True
@AbdulSamad-h7e,"Im talking from TG Tech Solution, where we specialize in graphic designing, video editing, and website development.",0,2024-08-01T16:08:28Z,True
@bhupinderkumar5091,"*I have read, realise and reflect Lahore throughout my life...in school and college times...I read Lahore in history books, later I read Lahore in literature, then in religion, geography and in dreams and feelings.... yes! I love the city of my genes and ancestors...❤❤❤*",12,2024-07-31T14:18:41Z,True
@Shorts_with_muba,Bhai Lahore is city of punjab and Pakistan not a capital,0,2024-05-31T05:01:28Z,True
@freehit12346,"I am indian, but i want to travel once in lahore . Most beautiful city i had ever watch .😢",0,2024-05-08T06:26:26Z,True
@cpk2063,I'm here after ruhi çenet video in lahore and it was so disgusting to see every normal place in the city,0,2024-05-03T14:59:07Z,True
@Maverick31290,I don’t but Lahore has something its a vibrant full of live city if a depressed person were to visit Lahore the person’s depression will end immediately,0,2024-04-26T10:11:19Z,True
@dhruvkhichi7119,Same log same environment same art same language fir kha seh do alag alag desh,0,2024-04-26T05:41:51Z,True
@elearningassam4582,"I am a Indian🇮🇳. Basically I am from North East India(STATE:ASSAM) . I have never been to lahore.but I want to go once.  I had studied history of punjab, since then i am excited to visit punjab🇮🇳,🇵🇰 and lahore.",18,2024-04-24T07:33:16Z,True
@HandsomeAsif-ys5ll,Shalamar garden nahin .. yun shalimar garden mere bhai,0,2024-04-20T05:52:59Z,True
@sahilmishra1473,Lahore will be part of India one day,2,2024-04-18T19:30:05Z,True
@prateekkumar1350,Lahor shikho ka hai khalistan ki capital lahore hi hai,0,2024-03-30T07:01:26Z,True
@srajaltripathi5316,"love from india,bhai qabil e tareef,especially aapke yeh cinematic shots, maine toh screenshots le kr apna wallpaper bana liya h great work,i wanna see more of pakistan's tourism",0,2024-03-26T11:03:01Z,True
@MasoomBarbhuiya,Thanks abrar Bhai ap k waza seee Lahore dekhe hum love from Assam silchar india,1,2024-03-22T19:43:44Z,True
@AkashRajput-ce5jn,"Lots of love to our Pakistani brother ........love to see my ancestors land they belong to village pilla tola ,shakargarh ..........yakeen hi nhi hota ki 70-75 saal pehle sb mil jul k rehte the ek sath 😢😢😢😢😢😢",1,2024-02-29T17:47:30Z,True
@LahoreVibes123,Beautiful and lovely pic of Lahore ❤❤❤❤,0,2024-02-27T05:58:48Z,True
@Darkness_7252,"Good team, script,  video,  background music,  everything is very good ... bs places ki details or shots kuch k hai ......🎉🎉🎉🎉",0,2024-02-27T03:11:34Z,True
@DeepakKumar-po4kl,I like Lahore.      ❤,0,2024-02-23T16:54:36Z,True
@prashantsharma6879,Laanat he esse logo pr jo apne origin ko bhool gye...Lord Lav ke mandir ki haalat dekho jinke naam pr Lahore city he fir bhi unki khidmat nhi ki jaa rhi... Beshak naamuradi aur ehsaanfaroshi he...,0,2024-02-12T03:47:05Z,True
@prashantsharma6879,Laanat he esse logo pr jo apne origin ko bhool gye...Lord Lav ke mandir ki haalat dekho jinke naam pr Lahore city he fir bhi unki khidmat nhi ki jaa rhi... Beshak naamuradi aur ehsaanfaroshi he...,0,2024-02-12T03:47:05Z,True
@tamaldattachowdhury3061,LAHORE BOHOD ACHCHI SAHAR HAI I AM SEIKH MOHAN AHMED FROM INDIA WEST BENGAL,1,2024-02-06T14:09:35Z,True
@frehatipu9187,Thank you for all your efforts. This vlog is behtereen. Can't wait to return to Lahore inshaAllah,0,2024-01-31T09:39:20Z,True
@barjinderkaur8111,Love for Lahore,1,2024-01-29T18:23:33Z,True
@ashokyayavar1895,Hajuri baag front is almost same as Red Fort Delhi just Color different,0,2024-01-14T16:34:17Z,True
@shamsheeralip6681,At least both country must allow citizens to visits their ancestors places …. I wonder how a 3rd country  (British) 21:56 stops us to meet each other and put on us to stop contact …. If You visit Delhi and Agra (UP) you must have visit Lahore too … hope One-Day both country gonna become one like old days ….,1,2024-01-12T18:37:23Z,True
@ghazi-786-a,"In India Saffron 🚩 extremists and terrorists like Modi and Yogi wiping
the Mughal architectures, buildings and identities out even from books because of they were Muslim rulers.

It's on Pakistan and Pakistani people to secure our historical Mughal identity...
It's was Mughal reign under which Islam flourished in the continent .

Urdu , foods, architectures, administrative systems and related to our culture innovatived...",1,2023-12-28T19:00:30Z,True
@imham984,"The city where I went to college: The Government College, Lahore.",0,2023-12-23T03:28:15Z,True
@pogonews1803,The history of Lahore is incomplete without the son of Lord Ram,0,2023-12-16T13:24:05Z,True
@vajubhaisindhav3060,Thanks for Lahore watching  from your Post. 👍👍👍Vajubhai P SINDHAV KESHOD district junagadh Gujarat INDIA,0,2023-12-13T17:16:29Z,True
@mubashir5509,"Beautiful Lahore 
I am basically from Lahore but never visited historical places which you had shown ❤❤
Impressive, thanks for your efforts",0,2023-12-11T22:42:55Z,True
@Evening_time001,I am an indian but I have a great desire to visit pakistan l😢😢😢,0,2023-12-10T01:15:44Z,True
@kamleshkumari975,I have visited Lahore beautiful city from India,0,2023-12-06T07:18:06Z,True
@mruman4888,Lahore is not the capital of Pakistan tour info is wrong Sir.,0,2023-12-04T19:08:12Z,True
@digilearn8050,Thanks a lot Abrar to make us more eager to visit Lahore. I m  an Indian but my wish is to visit Lohore once in life. I love to visit Lahore the dil of Pakistan,0,2023-12-02T13:12:49Z,True
@sarojkumarbiswal8845,Ranjit Singh Aya thaa.... Abe bhikari tuu chutiya kon hota hai tuu laga kar Ranjit Singh koo bolane wala ... Atankistan,0,2023-11-28T17:49:13Z,True
@jasmeetsingh6749,Lahore was known for capital of Great Sikh Empire and sher-E-punjab Maharaja ranjit singh jii Was it greatest King ❤️👑,1,2023-11-26T07:51:59Z,True
@paulwilson2225,"Shut up Abrar stop your nonsense all these monuments are build by hindu kings see those designs and structures jihadi Aurangzeb just modified them building those white color gumbas on top. He did same like babri masjid and lot of temples in India.
JIHADI ANIMAL AURANGZEB
There will be no pakistan on world one day.
You ANIMALS will reap for the bad deeds of Jihadi Mughals",0,2023-11-25T17:12:24Z,True
@jagbhushanjagbhushansingh2111,Lahore bhawgan ram ka beta luv 💞🌹 ka shear ha ja ha real history islam iss kheta ma bhut baaad ma aya 800 centuries ma.,1,2023-11-14T11:20:34Z,True
@jeweljibishponnu1365,My friend doctor Ammar from lahore .nice people I like u people ❤ from India,0,2023-11-13T13:07:55Z,True
@australiasehoo,"I am watching from New Delhi, India🇮🇳 I really liked Lahore city all things are beautiful but the bikes of Pakistan is embarrassing Pakistan government should think about it❤",1,2023-11-02T11:17:47Z,True
@tamiltamill9130,I'm Raees from India and I hv'nt seen the great Akbar sultan of Hindustans another fort and im really wanna visit and politicians divided Akbar's tradition into 2 ind-pak but if it's a same nation as hindustan there may not be any border to cross,0,2023-11-01T05:12:28Z,True
@muhammadzubair5988,Nice coverage of old Lahore,0,2023-10-31T12:14:12Z,True
@gaijin_simar,Greetings to Lahore 🇵🇰 from Amritsar 🇮🇳,1,2023-10-30T10:05:11Z,True
@Suri_Nayak09,"Maratha aaye aur Chale gye, kaha chale gye bhaii..........Pura pakistan hi India ka hissa tha to lahore ki kya baat kr rahe ho",0,2023-10-28T16:41:10Z,True
@pammibub2021,Disgusting Makhiyaan flying on food,0,2023-10-26T22:23:00Z,True
@preetpalsingh724,Lava Nahi Lav (love) tha name Jin k naam par Lahore city ka naam rakha geya Aur Kush ke Naam par Kasoor ka Naam rakha geya hai,1,2023-10-26T17:20:43Z,True
@Ravidhuria,"Lahore me hai Delhi gate, or hamari Delhi me hai Lahori gate... Its very nice thing which i have notice❤❤ jai Shree Ram🚩🚩🙏🏻🙏🏻🙂🙂",1,2023-10-25T08:25:08Z,True
@Ravidhuria,"Very beautiful Lahore city, bohat Sohna Lahore✨ Jai shree Ram ❤🚩🙏🏻🙂",1,2023-10-25T08:23:25Z,True
@pawandeepkaur2074,Sikh ayee nhi they je pehle sare sikh hi they .1947 ki partitions time alag ho gye or muslim bneya gyea in logo ko forcefully. They are migrated people's.,0,2023-10-24T17:51:29Z,True
@amanexperiment7941,Kash Lahore aj bhi India me hota,0,2023-10-24T04:43:15Z,True
@lokeshsharma243,India m hota Kash.😢,0,2023-10-10T06:12:03Z,True
@rockon7437,Roti par makhiya bhin bhina rahi thi😂😂😂 unhigen people city lahore becword city lahore janver people,0,2023-10-08T04:20:37Z,True
@Butterflywings28,Thank you sir for this vlog and making us emotional for our brothers and sisters living in that part of border line..😢 also making us proud of our rich cultural heritage🙏 you said right badshahi mosque is really the twin sister of Jama masjid here in Delhi. I am wondered to see the exact same architecture🙌. Much much Love and GOD bless from India. 🙌🙏 hope travelling will be normalized in both the countries.🙌,0,2023-09-30T11:27:37Z,True
@satyamtiwari5548,"History of Lahore, inferred by historians that Lahore was actually founded by Loh e son of Rama, characterized as the Hindu god in Ramayana.",1,2023-09-28T04:42:48Z,True
@vandebharat5921,"One is real another is manipulation Lahore historical name was Luv who was son of Lord Rama. That is being erased from history in Pakistan because they simply don't like Sanatana Dharma or Hinduism that's it  

I saw there were Elephant 🐘 art on the walls, Islamic people never design Elephant 🐘 or any other wild animals if you carefully watch their mosque.

Simply few structure and monuments are refurbished with Islamic scripts just to show that belongs to ISLAM.

Truth is bitter but it's truth never hidden",0,2023-09-27T16:42:05Z,True
@Siraj_Patel,Nice to see Lahore. love from India. ❤,1,2023-09-24T15:06:50Z,True
@sinthiyajahanpori7748,"Wow ❤❤ Lahore so pretty 😍 heyy Pakistani friend i am from Bangladesh 😊& main Pakistan me Lahore, Karachi Kashmir ye place muje jada pasand hain😊😊love from Bangladesh 😊",0,2023-09-24T10:26:47Z,True
@rudrapakar,Lahore Punjab bharat ka hain anpad ..aur chinta na kar yugi jee ko aane de 😢😅😂,0,2023-09-22T13:42:29Z,True
@DJVISHAL-d5j,nyc location lahore,0,2023-09-20T05:26:52Z,True
@shamimkhan-kf1jx,Jitna khubsurat batware men diya thaa aj tum G20 ke layek bhi nahi rahe tumra ek chota tukra Bangladesh tum se agee nikal gaya aor kiya ab bhi akadh hae chhi chhi,0,2023-09-11T15:23:54Z,True
@raajjansood4267,🎉nice info nd also  vry nice shots luv frm India 🇮🇳,0,2023-09-09T19:20:36Z,True
@sofiyasama3924,It's delicious lahor food in Ahmedabad guj also delicious nihari & all nonveg food. Nice lahore documentry film.nice driveline superb photography 📸 video ❤❤❤,0,2023-09-09T12:55:28Z,True
@rajeevKumar-rv9bo,Gandgai ka ambar khana me bhi makhi laga hua hai,0,2023-09-09T06:14:51Z,True
@comicappa,I am indian..🇮🇳 but i want to visit lahore..its so amazing..i hope i will come to pakistan..The people in pakistan is also kind..Love from india..🇮🇳,77,2023-09-08T21:24:08Z,True
@visheshholani6925,"Bhagwan Ram Ke betey lv Ka shaher, aap log sanatan hindu hi they magar buri saubat ke chaltey non vegetarian ho gaye khudaya sudhar jao🚩",0,2023-09-07T10:28:28Z,True
@ashokmarchande8127,Bahoot khubsurat hai Lahore ❤❤❤,1,2023-09-06T11:56:59Z,True
@narinderpalsingh-zy7ox,Jine Lahore nahi dekhea.                    Oh Jamaya he nahi,1,2023-09-03T12:42:52Z,True
@strykergamingleague4814,Nihari khane ke baad lassi. Falahari ho joggi,0,2023-09-02T13:19:35Z,True
@brj4773,"I must say for the first time I have seen Lahore city filmed so beautifully. There are other bloggers too who have made videos on Lahore tourist places. However, your video really does justice to Lahore city beauty. 

Drone shots have been taken wonderfully and edited crisply.",0,2023-09-02T06:43:54Z,True
@wowchannel7489,"With your eyes I have just completed this video of LAHORE City of Pakistan. You are trying to introduce this nice city, explaining about Badshai Mosque, Moghul Empiror Jahangir Maqbara, Delhi Gate, Maharaja Ranjit Singh's Palace etc. Taken some street foods especially ""Lassi"" showong Day & Night city of Lahore. Well I am from West Bengal, Dum Dum, Kolkata, really I don't know can I visit this LAHORE City or not, firstly your & our nation ever long problems, Secondly frankly financial inability. Why both nations  till sustain this disturbance, I am a general person don't know,  for that most of Indians are not able to visit at that place. As a tourist if someone want visit Pakistan from India may be he or she have to faces many obstacles. Well, your  City Lahore introducing is very nice. Expect more videos to see with your eyes. Thanks.",1,2023-09-01T09:40:55Z,True
@altafkhan49,"I love Lahore And also love Lahore girls , love from India ❤❤❤",0,2023-09-01T09:35:47Z,True
@Allah_wale_786_92,I am Indian my name is Shahadat Ali Lahore very amazing,0,2023-08-29T14:48:07Z,True
@rc5074,Very nicely Explain 👌 thank you so much 🙏Beautiful place Lahore ❤️ love from India 🇮🇳 😊,5,2023-08-29T07:18:02Z,True
@titlee1969,Such a beautiful city 😍 yar mera tu Lahore janien ka kafi dil krta hai,1,2023-08-28T10:15:33Z,True
@Ranjeetsingh85427,Bahut achi video Bhai Jann pora Lahore dikha dya beautiful place Lahore ❤❤❤(from Punjab),1,2023-08-25T09:58:36Z,True
@waleediqbal4024,"Data Di Nagri Lahore Data Darbar was important which you have not seen Abrar bhai
ok",0,2023-08-25T09:33:00Z,True
@waleediqbal4024,lahore lahore hyyy,0,2023-08-25T09:11:33Z,True
@MohammadBilal-u2z,"Watching this video because recently I broke down in a relationship she was from Lahore and I'm from Delhi , I'm feeling so lonely I don't know what to do , i want to feel you around me my dad is not with me my mom doesn't have much time  , no one in this world i trust that much except my mum i really loved you i don't have anybody to share this I don't have a single friend had one he died a year ago , that's why writing this .",0,2023-08-23T17:12:00Z,True
@shivsankar6842,I am Hina Rajput from India m Hindu hu mera bhut MN krta h Lahore aane ka pta nhi ku m tb baby 🍼 the tbhi se Lahore Pakistan jante hu tb mera first time school 🏫 m Addmission hua tha tha mare sir n pucha hum konse country m rhate h mane bola Pakistan Lahore sir n bola kis n bola aapko mane bola kise n nhi mujh pta h sir n bola ab aap India  m hu Noida m beta vo bhi aapna h but vo to bhut dur h vo spna mujh hmisha aata h log bhag rhe h hr traf firangi sardar h Aaj bhi m azan ke abaj sunte hu kuch yad aata h Gurudwara dakh kr pta nhi kya h asa lgta h vo time mane bhut kreeb se dekha h log mujhse Frist time milte h samne se bolte h aap Muslim ho  m bolte nhi. I am Hindu Rajput bolte h ek dum ase lgte ho Gori ho Sundar ho hd se jada .,0,2023-08-23T09:34:24Z,True
@Ameliatherobloxfairy,Abrar bhai maza aa gaya Lahore dekh kar. Ye bilkul sahi hai jinne lahore nahin vekhiya o jamiya hi nayin. Lahore aakar bhi itna maza nahin aata jitna aapka video dekh  kar aa gaya. Ab batao pakistan aaun ya nahin. Waise meri paidaish Peshawar mein undivided india ki hi hai.,0,2023-08-23T06:39:41Z,True
@SyedAsif08,Mashallah mashallah bahaot zabardast hai bhai lahore .waise mai india se hu.,0,2023-08-17T11:08:29Z,True
@Techrehan1,Agar Lahore india me hota to or bhi jyada khubsurat hota Love from india....,0,2023-08-14T06:22:34Z,True
@AmitSharma-yt4le,Pahle jinna ne history khatm ki phir waha ki political party ne culture ab to Lahore Mai kuchh nahi bacha pure Pakistan Mai jidad or murkhta ke alawa kuchh bhi nahi hai,0,2023-08-04T09:37:10Z,True
@prabhasharma5294,Jisne lahore nhi dekha usne jnm hi nhi liya,0,2023-08-03T11:04:52Z,True
@jayantbhalerao8440,Lahore hamara hi tha in shaitano ne desh ke tukde kr ke rakh diye,1,2023-07-28T10:55:42Z,True
@Joe-Hawks,"Pakistan me bahot gurbat hai 😢😢
Log building me plaster hi nahi karte",0,2023-07-27T08:00:26Z,True
@soumyadiptrivedi8164,Lahore ka hero Sahid Bhagat Singh 👏👏👏👏,0,2023-07-25T16:03:01Z,True
@soumyadiptrivedi8164,Lahore ka bachha Sahid Bhagat Singh hai,0,2023-07-25T16:01:53Z,True
@gniharika-vii7524,It's a very sad that Lahore is part of Pakistan..it belongs to india,0,2023-07-19T15:49:50Z,True
@gniharika-vii7524,Food in Pakistan iis worst..All are non vegetarians..So Pakistanis are behaving like demons..,1,2023-07-19T15:47:22Z,True
@gniharika-vii7524,"Lahore..peshavar..ravalpindi..Entire Pakistan belongs to India..All Pakistanis are indians..Insha allah Pakistan ,india Nepal lshrilanka,Burma, All nations should be united ..N it should be named as United nations of india",2,2023-07-19T15:45:15Z,True
@hibasjourney,Good to visit lahore abrar bhai,0,2023-07-17T16:07:18Z,True
@madhurajpoot2855,I wish to visit Lahore soon,0,2023-07-16T07:56:17Z,True
@amarkumaranthony2189,Poora kachra kr rkha h lahore ka,0,2023-07-14T05:09:20Z,True
@ShivVishnuNarsimha,"Lahore and Amritsar city of Sikhism❤
Bahut Old dhikh raha hai Lahore proper Renovate karna chahiye",0,2023-07-13T05:58:01Z,True
@shubhamshuklashukla5469,Hygiene ka khayal rakte toh aacha rehta,0,2023-07-09T07:41:51Z,True
@vajubhaisindhav3060,I have like your blog I love lahore aftr visit your blog. Earlier I visit North India seen Atari/Vagha bordar I see milestone that lahore 19 k. M. Away from India..... &  was thrilled is it true that lahore is 19 K. M. away......Vajubhai P sindhav keshod District junagadh India,0,2023-07-03T17:24:44Z,True
@VivekkumarMishra-kc9ng,Bura n maniyega lekin aisa ganda khana hamare yaha janvar bhi nahi khate hain,0,2023-07-01T14:57:55Z,True
@Peeyush5805,"Punjab  Heart'  Lahore Is A Very  Beautiful City
 Of History's  
      Very     Beautifully  Friends  People",2,2023-07-01T06:09:02Z,True
@pokarmalgupta1194,Lahore India may taabut aibe Pakistan gaya punajb kaa thod dieya gaa😢 aaj be punajb vala bhai kaa sath dhok kieya gaya Kass fir say ek ho jaa,1,2023-06-30T09:28:34Z,True
@ParveenKumar-ws1gr,Lahore is very beautiful....am Indian,0,2023-06-28T03:39:28Z,True
@jafferhusainbadribadri7582,Wow most amazing I wish to visit once this Lahore city really a most beautiful and historic place,1,2023-06-26T12:52:56Z,True
@ravihanwate.,Bhai breakfast nihari kha rahe ho or plate me makki dhik Rahi hai ... hygienic bhi kuch hota hai,0,2023-06-26T06:42:57Z,True
@bidyuutbikaash5856,"Karachi = Mumbai
Lahore = Delhi
We shouldn't be divided
If we stayed together we will be jn the top of the world now",0,2023-06-25T16:02:24Z,True
@usmankamboh2301,Kamboh from Lahore❤❤,1,2023-06-15T19:16:25Z,True
@aakashchouhan9430,Abe hamare yaha Indore apke lahore se acha hai,0,2023-06-12T19:01:00Z,True
@mohammadaqib8899,Anarkali tomb ka video bnaye bhai,0,2023-06-12T07:52:43Z,True
@TahseenRaza-bp7ur,very beautiful video on lahore city.  Keep up the good work!,0,2023-06-09T14:29:36Z,True
@divyata.a4540,"See…,.he has used same frame for lahore and Delhi…….no Indian will do that…..this is difference…..,basic thinking is corrupt and dishonest……Delhi is my city……I will never ever say a single word for your city lahore……I will never compare……leave punjabis…..migrated in 47……we are always here……so correct your mindset first…..otherwise we’ll not give visas to you and your types…..I don’t want any visa for your city Lahore….,,okay……learn decency 👍",0,2023-06-09T09:06:56Z,True
@gogoiready6853,Kash Pakistan aur india ek hota... Yeh pubojo ka vul tha jo ek mul ko do vag kar diya,0,2023-06-08T20:11:02Z,True
@kk-wp7gj,"There is a saying in punjabi i.e. ""jinhe Lahore ni dekheya oh jammeya ni"" Shukriya humme Lahore dikhane ke liye.🙏 your viewer from Indian punjab",7,2023-06-07T17:57:17Z,True
@GurpreetSingh-rf6gm,Lahore lahore e a,1,2023-06-07T12:40:25Z,True
@ninjapirate123,I've heard that Lahore was the most polluted city in the world,0,2023-06-06T05:12:14Z,True
@HariKumar-dl1md,"*_Lahore kile mein dekhne layak kya tha_*
*_Mughe to 2 bakwaas, 2 kaudi ka laga_*

*_Rajasthan k  kilo--mahlo  se to dur-dur tak iska comparison he nahi banta_*

*_Kuch had tak, per_*
*_Delhi ka laal kila bhi isse 20 guna jada khubsurat hai_*",1,2023-05-31T13:13:43Z,True
@HariKumar-dl1md,"*_The City of the Son of  ""Lord Ram""_*

*_Lahore is the city built by  ""Lav"",  the son of  ""Lord Ram""_*  🙏🚩",2,2023-05-31T12:44:22Z,True
@NatureOfficial93,Delhi me to Hindu monument bhi hai Muslim monument bhi hain lekin Lahore me to Hindu or Hindu monument ko to Mita hi diya gya hai,0,2023-05-26T14:55:34Z,True
@qwzx4404,"At the time of partition, 80% of Lahore business used to be owned by Hindus and Sikhs...City cultural, intellectual, educational and commercial landscape was dominated by Hindus and Sikhs..Now they are non-existant in such a short apn of time..Heitage since time immemorial lost in a jiffy.and How Poor Lahore became without its Hindus and Sikhs..Just imagine those people existing in Lahore in their pre partition circumsatnces.",0,2023-05-26T13:31:25Z,True
@tasnimazam7866,"Lahore!!!!!! Once upon a time it was a part of my country, our old capital. Lots of dream to travel Pakistan the land of pure, the land for which we both East and West fought together. We both mashriki and magrib ( east and west) killed the hope of new Madina. Have a bright future Pakistan. May allah enable the strength of brotherhood of Pak Bangle. Lots of dream to explore the old land. Love from Bangladesh.",48,2023-05-25T08:39:20Z,True
@gopu.liverpool,Especially the food from karachi marjan's mutton pilav was awesome..i used to eat when i was in dubai. I love more than hyderabadi biryani,1,2023-05-20T03:41:13Z,True
@chandrabhansharma8603,Jisne Lahore nhi dekha Usne jnm hi nhi liya,0,2023-05-18T04:35:51Z,True
@bhaskarpuvvala5849,"Pity how do they have totally wiped off the roots of Lahore.
Whatever faith u maybe and whichever generation it may be this place has that positive vibe.❤",0,2023-05-17T08:09:42Z,True
@SAJJADAHMAD-uy3hu,"Kitna khubsurat h Lahore bhi yaar bilkul Jaisey Agra ka Tajmahal, Redfort",0,2023-05-13T12:05:37Z,True
@zaidsultan7310,"Lahore, city of gardens and dreams,
Where history and modernity gleams,
With treasures of art and culture so rare,
And a soul that's vibrant, alive and aware.

In the ancient walls of Lahore Fort,
Mughal grandeur and glory still court,
While Badshahi Mosque stands tall and proud,
A marvel of faith, beauty, and crowd.

The bustling bazaars of Anarkali,
And the lanes of Food Street so jolly,
Are a feast for senses and appetite,
With flavors and colors that ignite.

From the stunning Shalimar Gardens' grace,
To the peaceful Wazir Khan Mosque's embrace,
Lahore's architecture is a sight to behold,
A blend of past, present, and stories untold.

The people of Lahore are warm and kind,
Their hospitality knows no bind,
With a love for food, music, and dance,
And a zest for life that's infectious, by chance.

Lahore, city of gardens and dreams,
Where every corner a history beam,
A city that's alive, with a heart so true,
Lahore, I can't help but fall in love with you.",0,2023-05-12T03:52:53Z,True
@AytezazAhmed,Lahore ❤❤ Pakistan ❤❤,0,2023-05-08T19:56:30Z,True
@RaNaArsLan5560H,i M From Pakistan's Live LaHore AllhumdulilaH 😊❤💯😍👌👑 Love LaHore 🥰💋 2:56,1,2023-05-04T20:59:45Z,True
@baleshwarsejwal1634,Lahore WAS historical and cultural capital of Punjab not Pakistan,0,2023-05-03T07:22:18Z,True
@dhruvpachauri8597,lahore is the capital of destroy of other culture like hindu and sikh. Islam ke naam per sab to khatm ker diya. ye desh jaha keval ek soch rahti ho. vaha culture nahi hota ha history jarur hoti hai kahi dabi huyi ya mari huyi.,2,2023-05-02T16:08:50Z,True
@rjf4726,"The geography and landscape of Karnataka is such that it serves as an ideal destination for diverse and enthralling tourist locations and landmarks. Located in the midst of Western Ghats, Deccan Plateau and Kannad Coast, Karnataka is home to various forests, beaches, waterfalls, coffee plantations, lakes and all the bounties of nature.
The state also boasts of historically significant monuments and structures that attract visitors from far and beyond.
Also culturally diverse and ancient, Karnataka has a historic past and rich heritage for the travelers to explore.
Following is the list of 15 carefully chosen tourist spots that has something for every vacationer.
1. Bangalore – The City of Diverse Existence
2. Bandipur National Park – In Harmony with Nature
3. Coorg – Queer but Captivating
4. Hampi – An Architectural Marvel
5. Mysore – City of Old World Charm
6. Shivanasamudra Falls – Nature’s Fury and Peace
7. Gokarna – Tranquility at its Best
8. 
Jog Falls – Will leave you Spellbound!
9. 
Dandeli – Get set for Adventure
10. Udupi –Taste of Authentic Karnataka
11. Nandi Hills –Reach the Zenith of Beauty
12. Chitradurga Fort – A Fortified Marvel
13. Bijapur – Bask in Royalty
14. Chikmagalur – Never ending Fun
15. Belur and Halebidu – The Majestic Temple",0,2023-05-01T03:35:45Z,True
@freethinker9524,There is no cleaning in lahori restaurants. Very dirty place for european tourests.,0,2023-04-30T16:50:27Z,True
@ataturkkamalpasha4306,"very nice, I also wish to visit Lahore once, thanks",0,2023-04-28T08:43:46Z,True
@ajeetverma8017,Lava nahi  Luv  bhagwan Ram ke 2 bete thy Luv or kush or Luv ke Naam par Rakha Gaya Lahore.. isse tumko pta chal jana  chaiye ki pura Pakistan hinduon  Ka tha... Tum sab convert hue Ho Hindu se Muslim me Talwar ki jor pr Aurangzeb ke time ..,0,2023-04-26T08:53:34Z,True
@kalpeshNai-b7q,abrar bhai i am from india i love with lahore i want to visit lahore ones time in life,0,2023-04-25T04:42:51Z,True
@Grassrootanalytics,"Very much interesting vlogs just like your other vlogs. One thing i have noticed that Lahore has great infrastructure just more than so many other cities of the world but unfortunately under rated just because of our govt policies and restrictions. 

The most disturbing lines by Abrar bhai , ""there was too much restrictions in Lahore that you never experienced at any other city around the globe"" . Allah hamari hukoomat ko hidayat Atta farmay. Ameen

At the end, Keep exploring bro, you are doing great Masha Allah",1,2023-04-23T06:29:37Z,True
@anishdk8971,Ganga Ram Agrawal father of modern Lahore .What do the present generation of Lahore know about Mr.Agarwal ?,0,2023-04-22T10:58:37Z,True
@njaveri37,Hinduism is Vadhatu al Vajud,0,2023-04-19T17:28:16Z,True
@ShahEumi,Lahore is a historical city MashaAllah,0,2023-04-19T15:02:05Z,True
@myopinionchannel4577,I'm from India but i liked your vlog of lahore Pakistan,0,2023-04-18T11:56:01Z,True
@RahulMishra-nz4dm,Lahore is like delhi,1,2023-04-18T06:02:35Z,True
@TreBonjour,Lahore - city named after son of Lord Ram..!!,0,2023-04-13T01:15:52Z,True
@akhilshah-wtf,"Ram k bete ka naam ""Luv"" tha lava nahi aur lahore pehle luvpur se jana jata tha ab lahore pad gaya hai. Isliye humari history judi hai bhai lahore is the emotional capital of India 🇮🇳 ❤️ 😍 💖",23,2023-04-12T10:00:51Z,True
@NinjaThinker,Bohat diffrent vlog of lahore ❤,0,2023-04-12T06:27:03Z,True
@Shehsavar,"Thank you Abrar Bhai, My father's family comes from Lahore. They migrated before the partition to India,",1,2023-04-11T23:54:24Z,True
@prasadkunjam7821,Katora citi Lahore Pakistan 😃😃😃😃😃😁😁😁🥱,1,2023-04-11T15:01:47Z,True
@narinderwaraich7442,Undivided Panjab da Dil lahore❤❤❤,9,2023-04-10T02:11:11Z,True
@sandeepvadera9453,"Thanks Abrar bhai for giving us this great tour of Lahore - the city where my grand father and my Dad came from. They migrated to Lucknow during partition. I live in the US now and have a desire to visit Lahore one day God willing. 
Best wishes to hard working people of Pakistan - may God bless your country and let its people realize their immense potential. Khuda Haafiz",2,2023-04-09T01:07:02Z,True
@noobgameplay5767,Bhai lassi Indian Punjab m to ap khtm hi kr paoge 😂😂,0,2023-04-09T00:14:33Z,True
@insafkhanmansuri1170,Ye Badshahi masjid toh same to same bhopal madhya pradesh ki Taaj ul masjid hai so beautiful love from india,0,2023-04-01T20:33:12Z,True
@purvishah2297,Very fortunate to live in lndia,0,2023-03-11T05:13:54Z,True
@kishankumarsingh6461,Aisa lagta hain kaash ki lahore India main hota bina in jehadiyo k..,0,2023-02-18T17:30:04Z,True
@ashish_p_s,Heart of PUNJAB #Lahore,0,2022-12-13T18:36:36Z,True
@Muneeb7877,Best video on Lahore i ever seen great Work Abrar Bhaiii 💞💞,1,2022-12-12T14:35:16Z,True
@SonamSingh-fm8hx,Sir please 🙏 help me please bohot important h please 🙏🙏🙏🙏🙏 sir,0,2022-11-08T16:07:03Z,True
@sangamb8429,"Lahore ka to culture hi Hindu tha😐 aur aaj tum Pakistani ise apni cultural capital bata rahe ho, lahore ko sundar hi Hindu businessmen ne banaya tha.",0,2022-10-21T18:54:39Z,True
@khanswat8911,Bhai jaan mey apka bohot barra pan ho pleas hamara wadee swat ko explore karo thank you 🙏🙏🇵🇰🇵🇰👈,0,2022-09-24T06:39:03Z,True
@ezeeusb,"ji sarkar Lahore, Lahore aey.",0,2022-09-24T03:06:32Z,True
@harshmavi9357,wish lahore should be have part of india,0,2022-09-15T04:31:06Z,True
@haditv5228,Kmaal video hoty hai apki boht maza ata hai dekh kr,0,2022-08-14T15:09:16Z,True
@hassnainhaider7809,"Lahore is not the capital of Pakistan , Pakistan""s capital is Islamabad for your kind of information",0,2022-07-29T00:46:06Z,True
@mohammadnaz1828,"Abrar, You remind me of Lahore I visited with my wife in 1963 on our Honeymoon when I was in PIA Engineer in Karachi. Now I am in London, Retired with a full Pension in England what a life.",4,2022-07-28T16:32:57Z,True
@awaisgujjartlp9159,Aap lahore ki bohat sari chize miss kr ge ho bro,0,2022-07-24T18:16:41Z,True
@amitgoyal6139,Aren't there any hindu temples in lahore which is in a good form. 🤔🤔,0,2022-06-02T07:18:48Z,True
@farooqishify,Good job. I did get turned off by the litter and flies all over the food,0,2022-05-11T16:52:27Z,True
@melodystatus8441,Lahore cities not balanced everywhere crowded but some places are beautiful 💖,0,2022-04-14T08:55:14Z,True
@jvjp6066,"Lahor pyor hindu culture lohpur tha.
Lahori oki pardadi,parani , o ke upar samuhik balatkar kiya gaya the jabran islam thopa gaya tha.yah sachhai hai
Library me jake bhot books milegi jara padh lo.",0,2022-03-27T11:14:25Z,True
@mr.bharat8410,Bhagavan Ram ke Bete Lov se Lahore nam ho gaya tha.1947 se Bharat hi tha.Raja Dahir singh Ranjit singh ye Acche Raja the.,0,2022-03-25T07:25:03Z,True
@Anjum.Thanvi,"Gr8 to see the Lahore  from. New Delhi. ... It's a beautiful city in terms of palaces, gardens and of course food... 
That's why someone has rightly said, Jisne Lahore nahi dekha, woh janmeya hi nahi...",1,2022-03-19T05:46:05Z,True
@vishnugawande7565,Bahot badhiya 👌👌,0,2022-03-08T13:54:33Z,True
@Arslan_Shahid_Official,"Excellent video about the heart of Pakistan - The majestic historic Lahore City!
Brother which camera is used?",0,2022-02-09T18:39:10Z,True
@fuunyboyasmr9892,thanks amazing video i like it abrari  i love my lahore,0,2022-02-02T18:05:24Z,True
@azraat7751,May Allah bless you and family Aameen,0,2022-01-15T23:34:36Z,True
@azraat7751,MashaAllah beautiful photography! Great job 👍,1,2022-01-15T23:33:52Z,True
@sobhit7768,"Jaisa desh h mera waisa hi h tera, 
Naa jaane kyu mujhe lahore delhi jaisa lgta h, 
Love from 🇮🇳🇮🇳INDIA",153,2022-01-13T06:40:37Z,True
@naveenabhandari1624,My uncle was educated at Khalsa school near Mohini road and after that at the Sanatan Dharma school. Wonder if the schools still exist and if yes what have they been renamed?Is there a map with old and new names of streets or roads??,0,2022-01-07T16:15:20Z,True
@hsnexplores5877,"thanks for getting so good shots of Lahore
Big Like",0,2022-01-05T20:33:50Z,True
@mayankgupta8198,Great shot dude 🇮🇳!,0,2022-01-03T19:26:35Z,True
@pearlie501,"This is beyond beautiful video . I have this wish if travelling to this beautiful city which my grandmother talked about her memorable shopping trips  with happiness on her face & tears in eyes . through her I know about her beautiful time spent at Lahore ,talk Hazara and Karachi . thanks for showing the beauty of place of ancestors. Hope we could visit without restrictions . Love from Punjab in India.",31,2022-01-03T15:21:46Z,True
@villagebeautykpk987,Wow amazing documentary on Lahore. Thanks for sharing such great videos.,0,2022-01-03T08:49:43Z,True
@nasirbasra,Lahore ❤️ heart of pakistan 🇵🇰,0,2022-01-02T09:21:21Z,True
@jaspalsingh2121,"Thanks to you, today saw Lahore also. Glad to see the very historical Fort, the Mosque and other buildings. Assi vi hun jam gaye haan :-)",11,2022-01-02T01:56:51Z,True
@strong-1-man,maani bhai   lahore pakistan,1,2021-12-31T12:58:59Z,True
@virendra1971,Lahore ka tour karane ke liye sukriya... Love from India,9,2021-12-30T15:58:26Z,True
@officialvehlamunda,Veere gurudware aandr kyo ni jaa sakda? dharam krke ja management walo permission ni?,0,2021-12-30T09:51:45Z,True
@rizwanejaz8738,Lahore is the greatest place in Pakistan,0,2021-12-28T15:48:28Z,True
@musharrafsulemani,Wishing you happiness and love from India 🇮🇳...Lahore is holding its unmatchable culture and innumerable history!!   most majestic thing from history & geographical aspect is peshawar-torkham border as it used to be the world's most popular gateway for ancient rulers from central asia and europe to south east asia...,21,2021-12-28T04:16:14Z,True
@boizdaniel2817,That's called quality/premium content🔥🖤,3,2021-12-27T15:01:00Z,True
@manuasvalayan3459,My absolute favorite topic. I’d love to visit Lahore someday. Love from Indonesia. Is Pakistan issuing visa to Kenyan passports?,3,2021-12-27T13:21:35Z,True
@MayWeRemainFriendForever,Pakistan banne k bad lahore kachra ho gya h,0,2021-12-26T21:39:51Z,True
@UmairMinhas98,Lahore Is Love!,2,2021-12-26T14:00:08Z,True
@sachinmishra7337,"LAHORE THE LAND OF SIKH 
NOW CONVERTED MUSLIM 😏🙄",0,2021-12-25T08:36:59Z,True
@zeshansajjad8187,"Sir your this vlog so impressive and attractive , i love your way of talking and telling history about Lahore",0,2021-12-24T08:32:26Z,True
@Sweetdreamadventures,Best ever Vlog video of 2021 ❤ Huge respect for your efforts and supporting team.,0,2021-12-24T03:28:48Z,True
@amerbashir3203,"Great drone shots of Badshahi masjid and Lahore Fort.  I like your vlogs a lot and looking forward to your more vlogs in Pakistan.  Keep up the good work.
Best regards from New York. AMER.",1,2021-12-23T06:35:18Z,True
@DrUTB,Lahore Lahore aiii💯,0,2021-12-23T05:13:24Z,True
@samakhtar6155,I was born in lahore but my family moved in America so iam to but I miss lahore a lot thanks for abrar brother he is showing all historical places which even I don't see when I was there very nice brother,4,2021-12-22T17:10:00Z,True
@drdr73,Jis Lahore nai dekhya o jamyya nai!,0,2021-12-22T16:03:35Z,True
@ManishKumar-ol2lw,In Indian history we always study about Lahore it's really beautiful 🙏,92,2021-12-22T13:52:36Z,True
@trueshow11111,"Everything looks good but the harsh reality is that the population of Minorities has been decreased because of the Islamic mindset and Forceful conversion and it's very much clear after seeing the ""LUV Temple"" and its current status on whom the Lahore has been named. It's really a shame for you guys that you guys did not keep your heritage and ethnicity safe as your ancestors had kept. Maharaja Ranjit Singh Ji is the greatest person of all time who introduced Lahore in front of the World. One suggestion for you guys is to stop harrasing minorities and live in peace. Jai Shri Ram brother😊",1,2021-12-22T13:38:34Z,True
@Awaisbutt108,LAHORE LAHORE AEY.....,0,2021-12-22T09:47:11Z,True
@funduclasses3211,"Stunning City - would love to visit and eat its great food...wait a minute, it should have been part of India.. ;)",0,2021-12-21T20:10:19Z,True
@shakeelss62,"The best documentary about Lahore, I have ever watched. Thanks!!",1,2021-12-21T16:44:33Z,True
@adnansgarage,bhai 1 vlogg mein Lahore cover nahi hota,0,2021-12-21T15:06:55Z,True
@paktrvl,ibrar bhai me apka fan  hu or mjy pta chala k ap waris nehari par aye wahn e meri shop hai pass me mjy pta hota me apse milna chta tha,0,2021-12-21T10:37:35Z,True
@dereke12000,"Bahut shukriya bhai for such a beautiful video from Lahore, it brought tears to my eyes.",5,2021-12-21T08:05:18Z,True
@asinh1100,lava nahi lav...lav kush judwaa bhai..lahore kasur,0,2021-12-21T07:05:15Z,True
@UmarLaiq.,"Thank you for such a lovely little documentary on City of Cities “Lahore”
Simply loved your commentary and sub titles 👍👍",2,2021-12-21T06:59:28Z,True
@amaanali4258,"weldone bro
mgr data darbar k bina vilog na mukamal ha ap darbar ko or darbar ki histry ko kese mis kr skty hen",0,2021-12-21T05:04:13Z,True
@usmanmaqbool3597,"You should visit data darbar ,always loved your content 💖💖💖",1,2021-12-21T03:53:08Z,True
@littlezkidsclothingstore6216,"Please dont eat ,eat in Lahore. You never know if its dog, rat or wild boar.",0,2021-12-20T23:26:58Z,True
@DeebaFS,"First time I saw Lahore this beautiful due to drone footage 
Love it 
Many thanks",2,2021-12-20T22:07:18Z,True
@sadzb4609,Lahore lahore hai 💃,1,2021-12-20T22:01:48Z,True
@keshavtadia7179,Teri baaton ka hi shor acha lgta hai aur tere sath hi lahore acha lgta hai. Love from Jammu (India) 🙏🇮🇳🇮🇳🧡💚,1,2021-12-20T18:00:10Z,True
@fatehkhan4106,Video bahot Accha hai. Bas ek hi shikayat hai ki Kisi Mugal Emperor ya Maharaja Ranjeet Singh ka Naam Respectfully nahin lete aap. Please thoda khyaal rakhiye. Shukriya.,0,2021-12-20T16:54:24Z,True
@umairfarooq656,Big fan sir❤️,0,2021-12-20T16:49:59Z,True
@asimhabib1483,Aslam walikom abrar bhi camera sahi nahi ha video saff nhi dhekta ha dhund dhund dhikta ha bhi camera ka khoch karda mogha ap ka videos bahot achalagta han,0,2021-12-20T16:11:27Z,True
@HRaza143,"I really appreciate your work! Lahore kafi bara he or aap ne pori koshish ki is ko ek video me cover karne ki lekin abi bi kafi kuch baki he. Me normally itni lambi video dekhta nai ho lekin aap ki 27 minutes ki video kab khatam ho gai pta e nai chala... Great Work & Best Wishes for you :)

BTW I'm from Lahore as well 😃",2,2021-12-20T16:07:43Z,True
@muhammadnaeem3049,Abrar g vlog adhoora hai  it's like only 10% to 15% you have to make an hour vlog to cover Lahore may be.,0,2021-12-20T14:54:01Z,True
@bi6235,Loved this video. One of the best ones I've seen on Lahore tourism. You have a wonderful manner and style. Plus love the choice of music.,3,2021-12-20T13:21:24Z,True
@zeeshansa8866,Wow Ibrar Bhai you do amazing food 🥘 reviews am impressed keep it up and continue to food review all over the world 🌍,2,2021-12-20T09:36:38Z,True
@Gujjersaab1,Abrar bhai lahore pe 2 3 vlogs aur bante hyn,0,2021-12-20T07:30:07Z,True
@gul8446,Jinnay Lahore ni vekhya jamya ni 😏,0,2021-12-20T04:20:55Z,True
@salmansiddiqui4936,Great beautiful Lahore video 👍👍👍,0,2021-12-20T04:16:20Z,True
@abhisheksinha9375,Very nice city Lahore City & very nice place Lahore Fort.....,0,2021-12-20T03:31:38Z,True
@EliteCycleWalkWindsorCanada,26:03 Abrar is from Pakistan. Why someone would like to go to Pakistan if there are so many restrictions in the main cities like Lahore. We are not talking about remote areas. This is not a welcoming news for any traveler.,1,2021-12-20T00:37:50Z,True
@longlivepakistan1496,I love Lahore,0,2021-12-19T22:59:58Z,True
@saleemraza1855,"It has been proved, mughals k time main Hindustan technology main bahut advance ho chuka tha Shahi hamaam is a big example but British nay a Kar Sab destroy Kar Diya even logo ki brain washing Kar k angrez ko acha bana Kar show Kiya, but reality main agar British na atay to bahut taraqi Karni thi India nay aur shayad devide BHI na hota",0,2021-12-19T20:37:14Z,True
@Orientalvlogger,Vielen Dank Abrar Sahib ein Video von Lahore zu uploaden ich dachte du wuerdest es nicht herstellen.,0,2021-12-19T18:17:57Z,True
@thebreadpan35,Wow I have never seen this Lahore before thank you Abrar👍,0,2021-12-19T16:58:47Z,True
@deepakbajaj537,"welcome in SANATAN wishav ka ekmatar dharam, n BURKA n trpl TALAAK n HLALA n hi koi KHOOUF bs mojan💃🤝🕺 hi mojan sade naal rahoge te aish karoge zindgi de sarey majey cash karoge BRRUA",0,2021-12-19T16:11:54Z,True
@syyedaaffusyed6686,"Assalaamu alaikum bahut ache se bataye hai aap bhai sara lahore, hats of to you 👌👍😊🎉",0,2021-12-19T16:05:12Z,True
@rajeshkjakhar,Sir ur  proagraemme  on  lahore  is  verry  intresting  and  reminds  us  of  our comman  heritage,2,2021-12-19T14:07:44Z,True
@Jimmy-gk2vj,Lahore is love,1,2021-12-19T14:04:20Z,True
@rahulmargaje,Love u Bhai I am one of the Maratha from india maharshtra pune and I am continue watching your videos as you are wondering multiple cities at Pakistan Afghanistan Lahore and I really like and love you the way you are showing basic cultural of City it is really nice please keep it Up ..we are watching your videos regularly.... expecting reply from your side so at least We come to know you are aware some one from india is  watching you,28,2021-12-19T13:47:33Z,True
@binteayesha2172,Mn aap ki videos dekhti hun aur being a traveller ko bhi bohot shoq se dekhti hun .really aap log bohot achi videos banatay hn .aisa lagta he hm bhi asp k saath hi sb kuch dekh rahe hn .ab wahan janay ki zaroorat mehsoos nahin hoti .,0,2021-12-19T13:21:24Z,True
@graphicdesigningandittrain239,BEAUTIFUL Video i have not seen such video about lahore i search lot of video about lahore but finally got good video such video not seen on youtube till now about lahore ....,0,2021-12-19T12:37:05Z,True
@pakiatanzindaabad9103,Mera sohna shehr lahore .. Luv from Malaysia,0,2021-12-19T11:58:28Z,True
@rahilvirani7016,My wish to visit LAHORE increased after this vlog.... Thanks GOAT,14,2021-12-19T11:50:21Z,True
@ichosemurad,Indeed Lahore is a heart of Pakistan🇵🇰🇵🇰,1,2021-12-19T10:43:00Z,True
@subhashjadhav8513,"Dear Abrarji.
Thanks for ur nice nice vlogs. Beautiful footages, droneshots, pics n storytelling.
I like ur Punjabi mix Urdu talks, soft n clear in nature. U do lots of research n show maximum scenic n sightseeing spots.
I am following u since ur Germany to Pakistan ride. An epic n interesting, scenic ride. Thanks for all.
In this vlog u hv mentioned about son of Prabhu Ram (Our God).
Just I want to correct u in pronouncing the correct name. Prabhu Ram had 2 sons, a twin. Named Lav n Kush. It is Lav (pronounced as 'Love' in English).
Sorry for this correction thing but this Lahore historic city vlog is quite informative n nice.
Thanks again.
Subhash Jadhav, Pune, India",16,2021-12-19T10:16:09Z,True
@tauqeerahmed8661,Your efforts for tourism are commendable. Best pk series on yt.,5,2021-12-19T10:04:12Z,True
@PicturesShooters,Best Historical Episode Lahore Love,0,2021-12-19T09:25:15Z,True
@jaffirkhan9946,"City of gardens, city of poets, city of culture, city of fragrances, city of art and city of mine LAHORE.",12,2021-12-19T08:58:52Z,True
@nayabahmed7418,this is to all lahori girls who got married outside of lahore..  miss u my city <3,4,2021-12-19T08:19:30Z,True
@muhammadaamirvlogs5408,Great Abrar bhai.. lahore.uff.....from india,0,2021-12-19T08:06:28Z,True
@theonewhosmokehard,Lahore is my city  you are my favourite vlogger and your blogs are best in world😍❤,0,2021-12-19T07:45:02Z,True
@anasawann,"One vlog is not enough for Lahore Abrar bhai, every vlogger captures Old Lahore City only. Vloggers should also cover other side of Lahore also in my opinion.",1,2021-12-19T07:20:25Z,True
@Ammaranjum,i love my lahore,0,2021-12-19T07:19:23Z,True
@truethat7681,"I wish to see the day when Indian and Pakistani tourists can visit the two countries through the Wagah Attari border. A day when there are multiple rail , air and bus connections between the two nations. Right now both countries are being governed by radical political parties so I don't see that happening anytime soon however if Pakistan can recognize Jammu and Kashmir as an integral and inalienable sovereign territory of India then I think that both countries can achieve sought of breakthrough. We also need to start trade in goods and services. Pakistani medical tourists are welcome to get medical treatment in the very best Indian hospitals.",0,2021-12-19T06:54:58Z,True
@Nassirkhan0987,Ariel views are just 🔥,0,2021-12-19T06:43:26Z,True
@iramwaseembutt9136,"Abrar bhai thanks ,ap ne bhat ache se Lahore ki historical place ko clearly dikhaya .❤️❤️❤️❤️👍🏻👏🏻",0,2021-12-19T06:39:48Z,True
@prakashmena2519,"beautiful drone views and wonderful art wall and carving. always nice video bhai sir.
love from Ahmedabad, India.",3,2021-12-19T06:25:39Z,True
@Inspiringquotestips,Thanks Abrar Bahi yes your right Lahore is very interesting place love from sialkot a family vloger,0,2021-12-19T06:23:03Z,True
@tehreemjameel2898,Lahore is love. Great content. Well done 👍,1,2021-12-19T05:39:00Z,True
@KiranGanga,"What an amazing place, has been explained well, drone shots awesome really mesmerized,",6,2021-12-19T05:23:13Z,True
@Sumi922,Lahore and Amritsar were considered to be sister cities before independence and still both are the same in culture or food . Boundaries have divided but people are the same. thank you for showing us the true picture of Lahore. And we eagerly wait for your tour of India. Love from India and see you soon.,46,2021-12-19T05:21:42Z,True
@mohsinvlogs1331,Bhai apky vlog buht achy hoty ha .mein lahore se ho uk me rehta ho ajtk mein ny itna acha andron lahore ka vlog nhe dekha tha .even ky lahore ka ho ky mein ajtk andron lahore nhe dekha .par apny dil kush kr dia inshallah next trip mein zarore me andron lahore jao ga.,0,2021-12-19T03:45:13Z,True
@amazingyashworld6233,Mash Allah Abrar bhai lots of love from Tharparkar District,0,2021-12-19T03:27:04Z,True
@MyNeighboursYards,"Very nice video💖😍 God bless u and your family. Thank you for making us happy and smiling... Keep rising and shining... sending lots of Love and care 💕from Sydney, Australia.",2,2021-12-19T03:07:19Z,True
@BIslamic777,Haha kehty hn lahore k nashty mn makhi na ho to nashta complete ni hta🤣😂🤣😂,0,2021-12-19T02:59:55Z,True
@rexsingh22,Awesome videos Abrar bhai & I am sure ur as person also awesomeIt brings a lot of happiness to me to see ur video.Kudos to U & UR team.visited Lahore by sitting in my room in india.Thanx Brother & regards,9,2021-12-19T02:57:00Z,True
@IT_Waale_Paaji,Woow bhai jaaan ❤❤❤ . Please btadoo music  ye YouTube wala hi use krte ho aap? And please list dedo. Kitna bdiaa audio use krte ho yar aap background m 🔥🔥🔥🔥😍😍😍 big fan from India🇮🇳,0,2021-12-19T02:34:16Z,True
@toseewithatwal,"Love( Lahore)son of Sri.Ram chander
Khush ( kasoor )2nd son of Sri.Ram Chander ji",0,2021-12-19T02:23:45Z,True
@inder123rawat,your all videos are excellent. Thanks for your efforts,0,2021-12-19T00:47:11Z,True
@sherkaan5714,Lahore jaisa koi shehar nahi poori duniya main. Zinda dillon ka shehar :),1,2021-12-19T00:22:38Z,True
@iBhullar13,"Paji sanu v lai jao Lahore
Lots of love from amritsar, punjab",1,2021-12-19T00:09:12Z,True
@yasirvlogsofficial3677,Mashallah bro welcome to lahore ♥! U r best vloger I watch ur all videos. Best wishes!,0,2021-12-18T23:58:21Z,True
@syedshah2447,"A grateful mind is a great mind, which eventually attracts to itself great things.
Thanks Alot Abrar Bhai for making great content.",6,2021-12-18T23:34:10Z,True
@naheedkhan4474,"Beautiful video Thanks ❤️
I am from Lahore 
Love you Lahore 😍😍😍😍",0,2021-12-18T23:34:04Z,True
@cuckoomunnu7306,"Welcome to Lahore 👍
لسی پینے کے بعد ہیوی پن محسوس ہوا  ؟",1,2021-12-18T23:05:48Z,True
@nikhilthakran,Well presented and showcased the vibrant city of Lahore. You have presented and shared really fantastic tourists spots in Pakistan. Anyway Good job and best of luck for more wonderful videos!,18,2021-12-18T22:27:21Z,True
@najamtahir8807,Abrar Bhai Aap Karachi Bhi Tu aaye na Karachi is biggest city of Pakistan,0,2021-12-18T21:51:57Z,True
@Dimpalpsharma,"It’s making me happy when seeing your vlogs as I never see that part of Pakistan. I can relate history with what we studied in our school at India. I could wish if you have divided the lahore visit in 2 parts and if you have covered more inside views/details. Though appreciates your efforts of covering Lahore and tried to give associated details as much as possible. I am sure if situations are good between our countries then thousands of indian like to visit lahore to see these beautiful monuments and visit their own history. By the way, ram’s son name was “luv” and not lava (the way in english you pronounce love).",59,2021-12-18T21:40:11Z,True
@thgaming1314,Just amazing......aj tk hm ne Lahore aesa nahi dekha ap ka vedio bnany ka Andaz he nerala he.we proud of you.....,0,2021-12-18T21:26:41Z,True
@haiderasif,Lahore love hai yr 😍,0,2021-12-18T20:59:50Z,True
@manhafaisal1523,What about the new city lahore,0,2021-12-18T20:52:41Z,True
@knoore,Lahore is so beautiful! God bless.,5,2021-12-18T20:47:28Z,True
@anaitali8256,"Greetings in Islam Sir.
Masha’Allah, May one compliment yourself on, once again, a most informative and enjoyable video. 
To use a quote from an inscription in Delhi Gate, Delhi, ‘If there is a heaven on earth, it’s this, it’s this’ it’s this’
Subhan’Allah.
May Allah (swt) grant the Mughal Emperors and their descendants the highest abode in heaven, may their graves illuminate and have the aroma of roses, and may the populus of Lahore continue to live in peace and prosperity. Ameen.",1,2021-12-18T20:24:00Z,True
@lallysingh6735,Amazing team work perfect background music its our history also king s  name MAHARAJA RANJIT SINGH Not RAJA RANJIT SINGH thanks for showing us incredible LAHORE good work,8,2021-12-18T20:01:11Z,True
@shahidajamal2495,Wslam mashallah Allah pak sehat salamti wali lambi zindagi de ameen sum ameen meri family hum sab ap k sare vilog dekhte hain mein or meri family ap se melna chaye hain hum ap k pas hi rahte hain,0,2021-12-18T19:55:51Z,True
@sunny98012,"Baut acha lageya Lahore baare ena kuch jaanke, te ik maayoosi vi hoi ke in person jaake dekh nahi sakde. Struggled with a few Urdu words. overall, intrigued even more by the beauty of Lahore",15,2021-12-18T19:41:03Z,True
@theshiningstar1366,Are u still in Lahore? Will you be back in Germany by bike again?,0,2021-12-18T19:34:05Z,True
@famillylycly5917,Très jolie Lahore,1,2021-12-18T19:02:41Z,True
@MuhammadAli-nl2ro,Thanks Abrar Bhai! It was one of a fantastic tour of Lahore!,3,2021-12-18T18:57:13Z,True
@MrBazilrashid,Abrar bhai hum wait krr rhay thay kai app rangeeli pai lahore visit karain gai ....,0,2021-12-18T18:44:33Z,True
@haidderalimalik1730,Hi brother how are you. Are you in lahore. ? I really want to meet u,0,2021-12-18T18:41:01Z,True
@coolkidlol12,Hey Abrar that day we met u in food street and gave a special guid book of Lahore did u like it? And plus u didn’t added that clip but that’s okay🥰✌️,0,2021-12-18T18:34:40Z,True
@nadeemhussain7515,lahore  sa  tu dunya   tanq aye ha ap lahore ko explore ker raha ha us sa acha koi  pa sota howa bana ta  tu perfect tha,0,2021-12-18T18:31:48Z,True
@narayanmazumdar1831,"Your commery and. Photography is 
Osam",1,2021-12-18T18:30:22Z,True
@Jayapullani,"Wow, the architecture and intricate design and colour are another level, nothing but admiration for the craftsmen/women, artists involved in creation of these fabulous places, they really reflect an earthly paradise.",27,2021-12-18T18:18:17Z,True
@samalatv7528,Lagta hai Lahore me ap se molaqat ho jay ge,0,2021-12-18T18:07:54Z,True
@roarbalch4061,Nice sir..apka hard Work sbko dekhai de rha he..aur me trust se kh skta hn..jitna travelling and nTural beUty se apko piyar he..osko koi byan ni kr zkta..mjhe bhi natural beUty se ishq be..Lahore beautiful city he....z,1,2021-12-18T18:06:06Z,True
@muneebmubashir6448,MERA LAHORE ❤,1,2021-12-18T18:03:23Z,True
@gps199eb2,"Abrar Bhai... please make a separate video on modern Lahore like DHA, gulberg, model town, bahria town, canal road areas , could be worth watching for foreigners to travel in Lahore. Should also cover food in these areas.",41,2021-12-18T17:55:36Z,True
@naathnaath6377,Best fish..Lahori gate...urdu bazaar..,0,2021-12-18T17:48:11Z,True
@qureshi701,Heera Mandi k tour k bagher Lahore ka tour adhoora hai😊😊,0,2021-12-18T17:40:33Z,True
@waseemdass5542,Wow you have Covered the the areas with best shots I have ever seen of this part of Lahore thank you so so much Waseem tahir Nottingham uk 🇬🇧,1,2021-12-18T17:32:04Z,True
@gulshanrai4111,Purane bjureg khte they jis ne lahore ne dekheya us ne kuch ne dekheya,0,2021-12-18T17:19:28Z,True
@pankajdubey5823,Please show us some veg food also,0,2021-12-18T17:15:52Z,True
@Yatri234,"Superb episode, showing us the beauty of historical city of Lahore / back ground music of flute / sitar / tabla was also very soothing.
Thanks for this episode.",5,2021-12-18T17:10:20Z,True
@yassermasood3423,"city of colleges, city of gardens, city of poets, city of culture, city of fragrances, city of art and city of mine LAHORE",130,2021-12-18T17:09:44Z,True
@clothandkambal2264,*Love* 😍 *Lahore*,0,2021-12-18T17:07:53Z,True
@6643dssdt,Hi. Can you tell about the ceiling designs and painting @18:50 . Is it the real paint work of Mughal Empire or renovated?,1,2021-12-18T17:07:50Z,True
@sscwanders,Bahut ala (word grasped from wicket keepers) Abrar Bhai. Behtareen Vlog. Bahut cheezo ka pata chala. (Insaan agar insaan reh gaya hota sadiyo se toh hum inn sab cheezo ko dekh nahi paate). Bas Aman barkaraar rahe insaano mein.,0,2021-12-18T17:06:25Z,True
@1rfan_saeed,Too much teal and orange color grading,0,2021-12-18T17:05:12Z,True
@sanju4282,Pakistan mein drone fly Karne mein problem ni hoti aapko.,0,2021-12-18T16:58:28Z,True
@ranawaqar3011,"One episode not enough to cover Lahore,hence to be extend  to another episodes.so many places,histories,personalites can be add.",7,2021-12-18T16:55:20Z,True
@iTSiRFU0709,"Walekum Aslam wa rahemtullhi wa barkatuhu ♥️

Abrar bhai 😍😍
Ya Allah pak aaj ka din acche se gujarna 
Bahot acche se gujarna 🤲",2,2021-12-18T16:52:09Z,True
@rajeevkapoor1669,Abrar ji our Grandmother told jina Lahore nahi dekha wo janma hi nahi I ❤ lahore bcs our families belong to Lahore ❤ from Delhi,101,2021-12-18T16:46:39Z,True
@mushtaq0268,"Abrar Bhai , this episode is amazing, I live in Lahore but never saw it as you have explored. Ex nankanvi",4,2021-12-18T16:46:01Z,True
@mohamedfarhathulla9162,"Thanks Abrar Bhai! It was one of a fantastic tour of Lahore! We are from India, it's a great opportunity for us to visit through your professional camera!!",28,2021-12-18T16:35:09Z,True
@manishgehlot8863,Nice & love to explore Lahore.With Dream hope to visit in future..with love from Jodhpur Rajasthan  India.,15,2021-12-18T16:26:55Z,True
@jibrantaj2227,Big fan of your videos Abrar Bhai.. You have been a true ambassador of Pakistan and potrayed the real beauty of Pakistan... With lots of love,1,2021-12-18T16:23:00Z,True
@sane_guy,Sabh se best hain aapke aeriel shots aur un se bhi best hai aapki smile throughout the video. Thank you for letting us witness our beautiful neighbourhood through your lens. Love from India ❤,59,2021-12-18T15:58:45Z,True
@parvez9582,Assalamualaikum  ABRAR MIYAAN SUCH M AAJ KA VLOG SABSE SHAANDAAR HAI WAAH KYA KHOOBSURAT HISTORICAL BUILDING HAI LAHORE M MAZA AAGAYA AUR FOODS WAS VERY LAZEEZ HAI  AUR AAP N ZAROOR LUTF  LIYA HOGA EK BAAR PHIR S ZABARDAST VLOG AAJ TAK KISI N ITNA LAHORE KO EXPLORE NAHI KAR K DIKAYAA HAI,0,2021-12-18T15:51:08Z,True
@MrKhattki,Lahore Lahore Ay 💕,0,2021-12-18T15:40:02Z,True
@Bibi-xn5rn,Watching from New York. Cold and ⛈  day here  today. I enjoy looking at your vidoes.Beautifuland interesting  place.I love the food and culture of the  people.,6,2021-12-18T15:37:52Z,True
@FunTravelLondon,Pakistani people are amazing and loving and Pakistani food is Tasty and Delicious. I am really enjoying my trip in Pakistan these days. 💗💗💓 Stephanie,317,2021-12-18T15:30:23Z,True
@naeempushia,It's great to know that there are YouTubers out there who take their videos seriously and put in a lot of effort into making them look good. I watch your videos just for the aesthetics - they're really well shot and edited. Keep up the good work! It's great to see such high-quality content on YouTube. Thanks for making my day a little bit brighter. :),132,2021-12-18T15:19:52Z,True
@nlvlogs9378,"Abrar Bhai Welcom to Lahore 
❤💖💝",0,2021-12-18T15:19:29Z,True
@nlvlogs9378,Lots of love and respect from Lahore wolton road,0,2021-12-18T15:17:49Z,True
@izharkhattak4088,Nashta bhare maze ka tah 😜😜,0,2021-12-18T15:14:53Z,True
@amirshahadvocate6475,Abrar Bhai are you in Lahore today?,0,2021-12-18T15:12:52Z,True
@tayyabbutt4430,We always pray for you as explore Lahore and other places of Pakistan. Appreciate your determination,6,2021-12-18T15:12:02Z,True
@shadabperveen6712,I am living In Lahore Can We Meet?,0,2021-12-18T15:11:25Z,True
@Bakhtawar854,Aslam o alikum love from Hyderabad Sindh I am big fan of you.,2,2021-12-18T15:06:40Z,True
@IndjanTraveler,Come visit India bro🇮🇳 It's not far from Lahore🙂🙏,0,2021-12-18T15:05:53Z,True
@sharkistar7784,"Love from  Sindh ,Ghotki , Dharaki",7,2021-12-18T15:05:02Z,True
@BilalHassan-gc2ne,I am from Manga mandi Lahore,2,2021-12-18T15:04:59Z,True
@sharkistar7784,"Love from  Sindh ,Ghotki , Dharaki",2,2021-12-18T15:04:49Z,True
@Guddupilka-tk6ik,Bhai Jan bahot bychani se ap ki video ka wait karta hon love u bhai,1,2021-12-18T15:04:42Z,True
@BilalHassan-gc2ne,Lahore mai hai to mil saktay hai,0,2021-12-18T15:04:40Z,True
@hussainzameer4642,Finally you made a video of Lahore ♥️,1,2021-12-18T15:03:31Z,True
@UNIVERSALVIDEOS2023,Sargodha bhe aou abarar bhai,0,2021-12-18T15:03:23Z,True
