﻿author,comment,likes,published_at,is_relevant
@MuhammadAsimGpv,"Payan maza agia, sada shehr Lahoreeeeeeeeeee",1,2025-12-06T07:01:42Z,True
@greenworld-y8g1q,"Really Lahore city is so beautiful, clean and safe to travel and the hospitality is so much good❤🇵🇰💝",1,2025-12-03T15:25:00Z,True
@ShakirAhmadBettani,I love Lahore city from kpk ❤❤,0,2025-11-09T14:36:33Z,True
@MaazaAli-c1y,Main bhi Lahore Mein rahata Hun,1,2025-11-07T04:05:18Z,True
@Zohaibpenduofficial-n4c,Tum Johnson is city Lahore mein rahte ho tumhari paidaish kya ISI shahar Lahore mein Hui hai,0,2025-11-06T00:49:34Z,True
@MuslimVoice-id3ux,I am form Lahore Pakistan 🇵🇰❤,1,2025-11-03T16:43:29Z,True
@user-xr8ou7up8b,I love Lahore from karachi,0,2025-10-31T06:43:21Z,True
@KamruSanknal,❤ Mashallah Subhan ❤. Beautyful ❤Lahore City,1,2025-10-20T13:08:08Z,True
@muzamiltariq524,Mujhe to aaj pata Chala Hai aap bhi Lahore sy  ha,2,2025-10-14T14:10:28Z,True
@shahrukhamir3447,Lahore zindabad Pakistan dabindabad Lahore World best City,0,2025-10-03T11:42:17Z,True
@wajahatali7086,Stay true bapa Rawal called Ram chunder who was founder off chitore ghar witch is one of biggest casal all of Asia,0,2025-09-26T09:53:26Z,True
@MuhammadArshad-r7s,I need hotel and restaurant place in Lahore,0,2025-08-31T13:27:52Z,True
@harisnaseer2793,"Khubsurat zaberdast video 
I Love Lahore,,my city,
I love Pakistan",4,2025-08-24T07:08:10Z,True
@RajuRaju-v5u,Sidhaa bolo 95 parsent Khotey rehnde ne,0,2025-08-19T10:25:17Z,True
@233Mani,"I must say this one of the best documentaries i have ever seen on you tube. Excellent documentary on Lahore, Pakistan.",0,2025-08-18T22:05:05Z,True
@muhammadali-dx9lm,Outclass video Lahore ki or bhi bhot dekhi hai magar is ka tu jawab he nai ap ki awaz or her area bhot zaberdast lagta ha kisi cheez ki kami nai lagti congratulation ❤,1,2025-08-15T05:59:21Z,True
@RanaNabeel-ic9kj,Please make vedio  on sargodha city,1,2025-08-14T09:56:17Z,True
@mumtazhussainSyed,Assalamualaikum Bhai  Lahore py ak or video buno Lahore ka Bazar hor bhi cheza Daria,0,2025-08-08T20:59:43Z,True
@karndeosingh9689,You are top quality IDIOT. Without naming SIR GANGA RAM you are briefing about Lahore. Do the proper research and then only try to communicate any thing. Munfiqat se bahar aao jahil.,0,2025-08-08T16:24:02Z,True
@BalaramsarangiSarangi,Show me the rural of lahore,0,2025-08-08T11:29:28Z,True
@chandrasenbagal3824,Good information of Lahore city of Pakistan .,1,2025-08-07T18:00:16Z,True
@infospark-q9b,khotay bhi shoq se khaaty hai is shehr k log 🤣🤣,0,2025-08-06T14:35:19Z,True
@Salar-x1x5k,It hub ban rha hi Lahore,2,2025-08-06T12:09:14Z,True
@um12466,Lahore city on the name of maharaja luv who was the son of krsihna God in Hindi religion 7000 years ago,1,2025-08-06T05:59:09Z,True
@balwinderratti3739,"MULO TUMAHRE SARE POORVAJ HINDU THE 
IS BATT KO SAMJHO
ISLAM SIRF EK POOJA KI PADTI HAE 
IN THE WORLD  ONLY ONE DHARAM  DHARAM  SANTAN
JAI SRI RAM",0,2025-08-06T03:59:45Z,True
@rkdalhotra1492,Bhai iska nam pehle Lovepur tha fir same ke sath Lahor rakh diya aur kasoor ka nam  kush jo ki prbhu Ram ke chote bete the je sabh unki Raj gadhi thi,1,2025-08-06T02:25:23Z,True
@moquitusman2405,Dirtiest city even in dha  dhair gund ke paray hain could never be Europe,0,2025-08-05T15:37:59Z,True
@MithunKumarRoy143,Aaj bhi Pakistan Bhai bangladesh Desi Bhai and Indian Bhai ek sath khade Ho chup chap Koi bhi nhi bata payega ye Indian hai Bangladeshi hai Pakistani hai   fir chand neta aur kuch Dharam ke thekedar ke chalte Aam insaan ek dusre se kiu lade  Kisi jamane me sab ek sath Desh Ko Aajad dilai goro se Aaj Apas mein Hi lar rhe hai 😢😢😢😢😢😢😢😢😢😢,1,2025-08-04T20:14:55Z,True
@vinaymaheshwari3074,Lahore originates from French word La hore.,3,2025-08-04T16:34:22Z,True
@bharatmaa7826,Lahore is also home of terrorist Hafeez sayeed😅,0,2025-08-04T15:50:39Z,True
@ThefactoMania178,Sir aap lahore me kis jaga rehte han ye bhi btaden 😅,2,2025-08-03T20:55:18Z,True
@SaleemKhalidofficial,I love 💕 you Lahore,1,2025-08-03T16:55:40Z,True
@HaiderAli-fg3vz,Ma bi Lahore sa ho  I love my Lahore ❤❤❤,1,2025-08-03T15:30:29Z,True
@ZaraFiona,I Love Lahore Noor from Bahawalnagar,1,2025-08-03T10:29:46Z,True
@SAIMMUNEER-35,Lahore lahore aye,2,2025-08-03T10:09:28Z,True
@hanfitube,Kiya aap apni video me voice over AI se generate karte hen?,1,2025-08-03T07:56:27Z,True
@My_Believe78,Lahore Lahore ha ❤,6,2025-08-03T06:40:34Z,True
@colourcloud65,❤ so beautiful video ❤ lahore Pakistan 🇵🇰  💋 😘,0,2025-08-03T04:07:27Z,True
@WaqarHasan-rc9rt,Bohat khoobsurat sheher aur video aur taareekhi imaaraat aur makaamaat aur khauffnaak haweliyan aur baagh aur hamaam aur mazaar Shareef aur makbara aur qila aur meenaar e Pakistan aur baagh aur restaurants aur hotel wagheira!,1,2025-08-02T21:17:09Z,True
@WaqarHasan-rc9rt,So beautyfull city and video and historical buildings and places and haunted hawelis and garden and hamaam and mazaar Shareefs and mosques and view and hamaam and fort and meenaar e Pakistan and temple and guruduara etc!,3,2025-08-02T21:12:44Z,True
@BeyondTop10X,insha'Allah Lahore Paris bane ga❤❤❤,5,2025-08-02T18:32:26Z,True
@Mangrol1Player,Walaikumasslam Bhai ❤Masha Allah Bhai aapka city Lahore bahut beautiful hai Subhan Allah.  Nice Information ❤😊 Bhai Please Next Video..  In.  Islamabad ❤,5,2025-08-02T18:06:52Z,True
@RehanaOedairamsingh,"Zo mooi,maar wel heel druk,helaas ik kan alleen maar Nederlands and Engels praten , ik zou wel willen zien❤❤😊😊",1,2025-08-02T17:59:07Z,True
@MuhammadUsmanmusa-m123,Mein lahore hao ga apse bhi milne hao ga  0:23,2,2025-08-02T17:48:39Z,True
@crickethub-w7c,Sir ap Lahore Kon see  jaga pr han,1,2025-08-02T17:18:39Z,True
@DawoodKhan-on6by,1st view 1st like 1st comment 🎉,1,2025-08-02T17:03:47Z,True
