﻿author,comment,likes,published_at,is_relevant
@TheJazib,idher say to smash burger ka shortcut tha,0,2025-10-13T03:39:36Z,True
@msosw3108,Bhai choti se raod hai n 4 -5 hotel hain .,0,2025-10-12T18:13:25Z,True
@hknphknp4843,This is how modern cities provide facilities to its citizens.I hope that practice would spread to smaller cities of Pakistan as well..,0,2025-10-11T16:00:09Z,True
@Nasirali-tx6zj,ichara bazar or anar kaali bi asi he honi chaiya,0,2025-10-11T10:51:08Z,True
@usamamaqsood169,InshaAllah Lahore Day by Day 🎉🔥🔥🔥,1,2025-10-11T06:36:17Z,True
@ModSheikh,3:24 Good progressive...most intelligent person of all the interviews 👍,2,2025-10-10T23:28:05Z,True
@TheVibe-i4r,"SHE IS RIGHT , ASY CITIZEN  MEN JO ANTI SOCIAL BEHAVIOR  KA DEMO KARTE HIN UN KI WAJA SE ONLY FAMILYS KO ALLOW KARIN,",0,2025-10-10T19:04:54Z,True
@HAK737,Punjab k youtiyon par heran hun inko PTI ka CM chaiye ye punjab ko bhe KPK jesa banana chahty hain 😅,1,2025-10-10T14:55:24Z,True
@lynnbhatti9179,"We need secure 🅿 parking 🅿 
please please  please  please",0,2025-10-09T20:35:28Z,True
@javaidiqbal9106,Lahore punjab kaa aik city hai baqee cities kay baray main bhee bataoo 😢,0,2025-10-09T17:05:58Z,True
@AbdulHye-i4r,CM saiba NY logo k enjoy krny acchi jaga bnaei ha.lakin Yahan parking ka ko intazaam na honey k wja Sy awaam ko bohat mushkil ha,0,2025-10-09T11:13:29Z,True
@mehakali3007,Waled city main b kuch krwa dyn sab kuch gulberg dha me krty rehty hyn bohat,0,2025-10-09T09:53:17Z,True
@MuhammadSaleh-z6f,Only pmln .baqi Sbn bakwas.....Pti Punjab dushmn Lahore dushmn,0,2025-10-08T16:42:44Z,True
@AbdullahSiddique980,"Jnab garian hum apni kidr park krein gy ??
Yahan boht zyada traffic block hota hai . Koi walking ka scene  ni hai idar",1,2025-10-08T15:07:05Z,True
@Canada-k1h,Real country real HOTA who Europe Hain yeh Pakistan Hain,0,2025-10-08T14:51:51Z,True
@UCHS_CH,Han parking walon ki chandii,0,2025-10-08T14:04:05Z,True
@Sultan11-MF,Where in Lahore is this,1,2025-10-07T20:13:08Z,True
@tariqjalil230,"Why are you depicting bud bukht aur khabees pe pard haram khor women in you vlogg,if you are a Muslim then laanat are on you, you totally forgot that Pakistan is a Muslim country and you are presenting it as a kufr country, sharam Karo aur apni man behn ke photo utaro",0,2025-10-07T19:02:41Z,True
@muzammilbaloch77,sab thk hai bas electricity underground honi chaiye thi,3,2025-10-07T10:48:43Z,True
@RehmanAbbasi-j2h,Lahore day by day 🎉🤌🤌,10,2025-10-07T06:43:56Z,True
@teddyfamly,Great work by the money of Karachi tax payer,2,2025-10-06T20:25:43Z,True
@haroonshah6677,Wo larkiyna khud family kay sath ai hui thi ? Inko bhi sath ban kro it a bura bolti hain paindu kahan say ith aaen hain lgao inkay maa baap ko phenta,1,2025-10-06T19:42:52Z,True
@NaveedahmedBurki,Ye sab corrupt politician k apnay khas logo ko nwaznay k triqay hain....ye sab dramay hain....Bangladesh k reserves 113 billion dollars hain...oar Pakistan k 20 billion dollers hain oar 150 billion dollars ka loan wapis krna hey...iss say hmaray mulk ki economy ki halat ka andaza lgaya ja sakta hey......mulk ki economy ko state bank k reserves oar per Capita income (jo k south Asin countries may b sab say kam hay) oar GDP growth rate say kua jata hey...na k China say 3 dabbay electric train mangwa k oar tooti roads pay electric buses chala k....ye project sirf apni corruption k lia krtay hain...jay jay b ho jy oar hram ka  mal b banta jy .....ankjain kholo ay qom k bawaqoof logo....tumaray rights pay jis trah daka dala ja raha hey tum soch b nai saktay...😮😢😢,5,2025-10-06T17:54:36Z,True
@M.Arshad-s8n,Lovely ❤💝Its All Credit Goes to Wonderful CM Punjab Maryam Nawaz Sahiba 💖Great 👍👏Work for the Peoples of Zindadilane Lahore 👍💚🇵🇰✌💓💪🌹💐💥💗💜💯💞,20,2025-10-06T12:15:55Z,True
@HACKER-d8u6i,Next dha ke upar video ok❤❤,1,2025-10-06T11:47:41Z,True
