﻿author,comment,likes,published_at,is_relevant
@fkshazadiii9781,Is Lia to hmy zinda dilane Lahore kehty hen,0,2025-11-10T06:06:01Z,True
@JamesColnely,"Nihari (Hindi: निहारी; Bengali: নিহারী; Urdu: نہاری) is a stew originating in Lucknow, the capital of 18th-century Awadh under the Mughal Empire in the Indian subcontinent. It consists of slow-cooked meat, mainly a shank cut of beef, lamb and mutton, or goat meat, as well as chicken and bone marrow. It is flavoured with long pepper (pippali), a relative of black pepper. In Pakistan and Bangladesh, nihari is often served and consumed with naan.",0,2025-05-30T00:11:52Z,True
@JamesColnely,But the nihari invented in Lucknow,0,2025-05-29T22:46:21Z,True
@sanketkhed2620,Nihari India me 250-300 ki aajati hai bc 1450 sunke thoda shock lag gaya😂pata hai Pakistani currency weak hai par itna😂,0,2025-05-22T17:13:32Z,True
@Vlogtuber300,The desi gehee is pushing the envelop. His views and facial expression proved he has eaten better,0,2025-05-05T18:16:14Z,True
@hard100_,"Aaj pata chala pakistani khana bhi country or dharam puch kr khilate hain..
Worst country in the world",1,2025-05-01T09:25:11Z,True
@sarfrazali6254,Am also trying to make food vlogs.,0,2025-04-29T09:59:26Z,True
@HAMADRAHIMBANGASH,Rate zyada hai bahot Bhai,0,2025-04-26T13:00:13Z,True
@BeUrself01,No doubt pakistan has the best non-veg food in the whole of Indian subcontinent.,0,2025-04-26T09:38:47Z,True
@sajjadalipk,Bekaar Nihari Hai,1,2025-04-25T11:03:07Z,True
@ArshadShad-yb7qp,Jiya bhai Karachi Siddiqui bahut Biryani per jaen aur ek block blue banaen aapka bhai akshy Qureshi from India,0,2025-04-25T08:58:44Z,True
@ZulfiqarShabbir-y8r,Nahari best because Desi ghi fry special in punjab,0,2025-04-25T01:19:58Z,True
@MansoorAkhtar-m9w,pehle bansuri phir sitar ki dhun . Androon-e-Lahor ke classical mahol ke sath achcha combination hai.,0,2025-04-24T18:43:46Z,True
@mohammedfaisalameen2623,Nihari sirf Karachi me Bhai idrees ki,0,2025-04-24T17:55:12Z,True
@streetzaika9531,ye atankwadi  pakistani q hote hai ? india ake atank vo machate hai bhugat na hame padta hai,3,2025-04-24T12:44:47Z,True
@faresamar7913,"Kya nihari hai na Pata nahi aisi nihari kha kha ke kitne log qabristan ko aabad kar chuke hain aur jo Bach gaye wo aise oily khane kha kha ke ghode ki speed se qabristan ki taraf bhag rahe hai,ye kahete huwe ke tu chal main aaya 😂🤣😂",0,2025-04-24T12:00:54Z,True
@aamguy2024,"FOR THE PAKI FOOD VLOGGER...A MESSAGE HE WILL UNDERSTAND...

""REVENGE IS A DISH BEST SERVED COLD""",3,2025-04-24T08:35:02Z,True
@ShizaBilal-w5t,"Bhai'U feeling confused???? 
Karachi ki nehari/Lahore ki nehari 













I thought nehari nehari hi hai bs! 😂😂😂😂😂😂",0,2025-04-23T21:29:46Z,True
@rahulgautam3275,"2:30, what if he was an Indian, goli mar dete, kaid kar lete??? Just what your country did yesterday in Pahalgam in India! Such a shame, no youtuber condemned it, though they know majority of their views come from India 😢",26,2025-04-23T17:36:24Z,True
@aamguy2024,Bahot bara paap kiya...begunaho ko maara...ab is ghatiya kaam ka phal bhi bhugatna padega,1,2025-04-23T17:18:46Z,True
@aamguy2024,Bas ab thodi der me inko 72 hoor  dikhayega Indian Army....saare airports aur military aur terrorists ke addo ki dhajjiya udaayega Indian Air Force aur Karachi aur doosre ports ko mitti me mila dega Indian Navy...uske baad koyi nahi bachega...is ghatiya desh ka naam o nishan mita denge...north se baltistani aur balochi baaki kaam poora kar denge...🙏🙏🙏🇮🇳🇮🇳🇮🇳,1,2025-04-23T17:15:44Z,True
@cricketloversherazkhan9841,Bhai kiya hogya.   Ye log tw luut rahe.   Karachi tw bohottttt sasta hai yrrrrr. Bohottttt sastaa.  Puraa adhe se ziada price ka farq hai zia bhai,0,2025-04-23T16:10:39Z,True
@datacompression,"Jia bhai .. aap karachi se jitna jaldi ho nikalo. 
Khane ko sirf ab .. mortar n goliyaan bachi hai. 
Video bana ker .. pakistani awaam ko samjhaye .. apka desh parking lot banne wala hai",2,2025-04-23T15:54:30Z,True
@MonuMonu-hb2vi,Bhai teri video india me ban honi chaiye tumhare log ynha india me aake begunah logo ko mar rahe hai bar bar pakistan se hi atankwadi aate hai or begunah logo ka khoon bahate hai dekho un bekasur logo ke ghar barbad kar diye tumhare atankwadiyo ne,2,2025-04-23T14:58:41Z,True
@hareemshah3442,WARIS NIHARI PAISA AKHBAR NEW ANAR KALI BAZZAR LAHORE PAKISTAN LAHORE,0,2025-04-23T13:32:46Z,True
@hareemshah3442,HAJI NIHARI HOUSE LOHARI GATE ANDAROON LAHORE OLD LAHORE PAKISTAN LAHORE,0,2025-04-23T13:32:25Z,True
@hareemshah3442,AALA NIHARI HOUSE MOHNI ROAD DATA DARBAR ROAD LAHORE PAKISTAN LAHORE,0,2025-04-23T13:31:35Z,True
@shanbaloch1704,AISA Khana dikhate hame bhi khane ka Dil ho jata hai,1,2025-04-23T13:22:28Z,True
@usamaahmed772,Piyaaz agr na jalte to Kitna acha taste hota,0,2025-04-23T11:24:37Z,True
@PhuleraExVidhayak,"Bohot jald Lahore, Pakistan Lahore, India hoga, Insha allah.",2,2025-04-23T11:20:14Z,True
@QuaimBalochqanonn,"Zia bhai"" ap ka ye video acha Laga"" kion k aap aam se hotel me gae"" VIP"" mhenge hotel me nahi",0,2025-04-23T10:41:59Z,True
@SachinKumar-me4sh,kha le jitna khana h kyoki 4-5 din me tera desh hi world map se mitt jayega,1,2025-04-23T09:10:22Z,True
@abhien011,"Aap ye bataye ki aap 1-2 hour ke difference pe aap do different places pe khate hai, kaise, I mean aapki puri team rahti hai kyunki quantity itna rehta hai ki ek baar me pet bhar jaye.. Iska answer dijiyega",0,2025-04-23T06:00:56Z,True
@bhadwamodi8294,1450 rupee me jhant barabar Nihari milti hai Pakistan me Delhi me itni quantity 200 rupee me milti hai,1,2025-04-23T03:35:24Z,True
@chottaaliyan,zia bhai srif nihari Delhi wale bana the hain or koi bhi nahi bana sakta . nihari ka taluq Delhi se hai nihari badshao ke zamane se hai. badshao ke dor main nihari sipahiow ko nastha Karate the. nihari aik taqat war giza hai.,2,2025-04-22T23:35:24Z,True
@AbdulHannankhanvlog,Assalam o walaikum bhai ap ak jaga or bhi zaror visit kijiye ga shah faisal colony karachi me Al Hamra biryani zaror try karen bht hi lajawab test hai or wahi shah faisal 4no me sufiyaan gur ka sharbat wala hai waha bhi zaror aaiye ga bht acha hai bht plzzz ak bar zaror yaha aaiye ga shukriya,1,2025-04-22T21:54:21Z,True
@EB5_Ind,What an amazing video!! I wish I can visit Pakistan specifically Lahore (old city) amazing people with yummy food 🥘 🙏,1,2025-04-22T21:20:46Z,True
@AdilAli-hz7mh,Zia bahi app ki kafi video Lahore main phlaya bhi hain mager sub aik dosra sa different ya he app koo like kerna ki wajha ha or dosri baat app mari city sa hain love from UAE ❤❤❤,1,2025-04-22T18:33:27Z,True
@AzizGold-o5e,Assalamu alaikum ziya bhai khairiyat aap Lahore ma to please Dargah Hazrat Data Ganj Bakhsh Ali Hajveri (Rt) ziyarat karvaiye please my Hyderabad India se 👏,0,2025-04-22T18:22:01Z,True
@MeTheBoss8055,"Abe Pakistan khud india se aaya h wo bhi kabi bol diya kr
Nihari wahi thi ab usko pakistan bola jata h thik h",0,2025-04-22T18:17:43Z,True
@Athoughtlikeflowers,Ek shop haji nihari  ki hyderabad  sindh main bhi honi chahiye,0,2025-04-22T17:43:24Z,True
@BangladeshiFoodTaster89,Masaallah yummy ❤❤❤❤❤,3,2025-04-22T17:41:24Z,True
@dazuotv,Thank you for this wonderful video about Pakistan's oldest Nihari shop👍,7,2025-04-22T17:02:03Z,True
@SheikhAbdulKarim-pb7qw,India Delhi me famous nihari hai javed nihari,0,2025-04-22T16:51:36Z,True
@ahmadsiddiqui6137,"Expensive 
In Delhi capital of India 
Special Nalli Nihari for 4 person with Desi ghee or butter fry price only 560 Rupee",0,2025-04-22T16:38:58Z,True
@muzaffarhussain6682,BEST OF LUCK LOVE PAKISTAN LOVE LAHORE LOVE PAKISTANI FORCES,1,2025-04-22T16:33:04Z,True
@ManOfSteel1,"3:00 chacha angrezo ki bhasha seekh ke bhi idhar hi pakode talte reh gaye ... lol. sindhi, punjabi me baat karke confuse kar do chacha ko.",1,2025-04-22T16:32:20Z,True
@chetankumbhar6193,1450 pk rupaye it's to much in india you will get this type food at even more hygiene hotel just rupees 300,0,2025-04-22T16:26:56Z,True
@Pkwanderer67,"Zia sb, you didn't comment on which Nihari tasted better.....Karachi vs Lahore",1,2025-04-22T16:21:03Z,True
@MuhammadNaeem-gs7mr,Ultay hath say khana  achi bath nahi,0,2025-04-22T16:12:15Z,True
@umaratique7779,Ap ki himmat hai Haji ki nihari khanay k bad ap phir khana kha rahay hain,2,2025-04-22T15:30:52Z,True
@ZulqarnainTariq-e8p,Asalamalakom how are you I hope you are doing well it's my dream come to UK or Europe or USA but I have no money please help me I am very poor I am in tension,0,2025-04-22T15:28:30Z,True
@atiqrehman258,"Thks is the oldest shop. Of nihari on Lahore                .....

  Presently I am in Karachi but my childhood was in Gumti Bazar and I used to take nihari from Haji sahib who was very jolly and religious person very famous in Andruoon Lahore His Khamiri Roti was also very unique and popular in old days                 ATIQ from Karachi",5,2025-04-22T15:08:43Z,True
@SMSultan7733,Old Lahore and Old Delhi are very familiar!!!,4,2025-04-22T15:06:14Z,True
@fq1970,Very interesting video. Glad to know the effort you are putting in your videos by stating the historic facts.,0,2025-04-22T15:01:53Z,True
@SanaKhan-ih7zd,Mujhe hena ye aap ki video bohot pasand hai ❤❤❤❤❤ l lov,2,2025-04-22T14:59:53Z,True
@HarshaSaxena-i8j,Aap hume pakistan dikha dete hai... Bhot acha lagta h apna sa lagta ha,5,2025-04-22T14:57:35Z,True
@mlgsdad3821,Assalam o alikum Zia  hai try Nanak Wara ki Nihary one of the best Nihari of Karachi,2,2025-04-22T14:43:48Z,True
@pakhans,Very good vlog...... revival of authenticity....in old city.,3,2025-04-22T14:41:11Z,True
@SK-ji4nr,Khana rehta hai to kya aap parcel karke leke jaate ho kya....🤔🤔???,0,2025-04-22T13:47:14Z,True
@hishaam3786,Zabardast video Zia Bhai ❤️ Lahore ❤,1,2025-04-22T13:44:00Z,True
@Sistersontv,Best food vlogger Zia bhai 🫡,1,2025-04-22T13:33:04Z,True
@amaanahmed3341,1450 very expensive Delhi main 150 main Nalli nahari milti ha or 60 main normal,1,2025-04-22T13:28:08Z,True
@landhichannel6151,zia tabarak Bhai ap landhi  gull Ahmad chorangi aay waha ki sulemani kaleji try Kary bhot aala hai or bhot porani hai pehle abbu hoty hai abi onke bety hai mai 25 Saal ka hon or Mai bachpan se kha rha hon,0,2025-04-22T13:28:00Z,True
@AbdulWahab-qj5tp,My personal favriote is Haji Nihari. All others are good but best is Haji.,1,2025-04-22T13:18:04Z,True
@Kumarpawan840,आज मैं आपका तीसरा VIEWER बन गया वीडियो देखने वाला LOVE from india 🥳🥳,1,2025-04-22T13:06:09Z,True
