﻿author,comment,likes,published_at,is_relevant
@sbmjavaid9783,Development of Lahore ❤❤❤,0,2025-12-04T18:02:48Z,True
@muhmmadramzankhan5845,BoomBoom shawarma  shop bhair man road k uper shif ho gi ha. yad rakna ka thanks and shukria..,0,2025-11-27T13:50:36Z,True
@MohammadAsrafKureshi,Aja. idhar bhai😂😂 shohar ko bhai bol diya😅😅 20000 itna kam najar kyon a raha hai😂😂😂😂😂,0,2025-11-25T07:32:30Z,True
@NasimKhan-nz5xv,Biryani india mae khana. Pulao (juice Biryani) u p mae  Khana .aapko pata lagay GA ki lahoor ki Biryani Aur u p ki biryani mae kitna farak Hai.......aapka welcome hai,0,2025-11-18T16:58:24Z,True
@GmasifAli-m6y,"🎉believe that the world had been hiding Pakistan’s true beauty for a long time, and only in the past one or two years have YouTubers begun to properly explore the country. The international media had created an image that Pakistan is a place full of terrorism and danger, labeling it as one of the most unsafe countries. But when YouTubers actually explored Pakistan, they discovered that the people here are incredibly hospitable — especially those from Khyber Pakhtunkhwa (KPK), Punjab, Balochistan, and even Sindh. People warmly welcome visitors from abroad, whether they come from the UK, Canada, or any other country.

I have seen thousands of YouTubers exploring Pakistan, and I would encourage others to check their experiences as well. Pakistan should have been ranked among the top-rated countries in the world, yet its position is 101. This under-rating is mainly due to the false narrative spread by international media, which has overshadowed the country’s real beauty and hospitality.",0,2025-11-18T07:52:50Z,True
@DKY938,Dear sister…ALLAH aapki jori ko khusheeyon aur sehat o aafiyyat kay saath Qayim Rakhay. It’s so good to see you happy & specially you coming to Pakistan to refresh your memories. Good luck,12,2025-11-10T19:51:35Z,True
@SalamaaKalsoom-oj3lt,Turkan api hum be wapda town he sey h,0,2025-11-10T14:46:39Z,True
@SK-lz4ml,Khush amdeed Turkan and family ❤,0,2025-11-10T12:03:45Z,True
@toobaasif7596,Full nostalgia! Uff uncle biryani 😋 same batch UCP 2015 to 2020 ! Beautiful years of my life ❤,4,2025-11-09T22:15:42Z,True
@chudharyshahid8628,Wapda town old memories since 1996 to 2020,0,2025-11-09T17:50:36Z,True
@adnannazir2172,"Recommend to visit Karachi Baithak @DHA Phase 1 Block H Lahore. Must try Authentic Karachi Beef and Chiken Biryani, BBQ, best Kebab and paratha rolls. Must try place for you guys.",0,2025-11-08T15:04:15Z,True
@adnannazir2172,"Hi Turkan, welcome in Pakistan.
Visit Karachi Baithak authentic Karachi Biryani and BBQ restraunt in Lahore. DHA Phase 1 Block H Lahore.  One of the best BBQ in lahore waiting for you",0,2025-11-08T14:43:28Z,True
@HassanRaza-b1v8d,Me turkey Istanbul 3 sal reh k aya ab lahore taxi chlata hu indrive,0,2025-11-08T06:59:03Z,True
@Bismaghayasuddin,0:34  😂😂😂 aaj idhar bhaiii😆😆,0,2025-11-08T03:29:49Z,True
@mansoorahmed8026,Turkan are you in Lahore ?,0,2025-11-07T17:42:13Z,True
@abdulnadeem739,His face expression when Turkan said 9/10 for Shawarma 😂😂😂😂😂. He stopped the bite 😂😂😂.,5,2025-11-07T17:38:57Z,True
@cmpa42,Ma SHA ALLAH Very nice Family,1,2025-11-07T16:29:50Z,True
@RRK_TM,Abhi Nihari try karo ❤❤❤,0,2025-11-07T15:32:19Z,True
,old city of Lahore and foods defrent then other parts of the city🎉🎉🎉❤❤❤ God blass both of you.,0,2025-11-07T14:44:37Z,True
@dazuotv,Thank you for the lovely video of me trying out street food from my college days👍,1,2025-11-07T14:14:05Z,True
@aqibaaqiba7117,"Assalam-o-Alaikum
I am from Pakistan Sargodha",1,2025-11-07T13:42:02Z,True
@goddoji1562,love from lahore an welcome back to pakistan,0,2025-11-07T06:41:02Z,True
@shaziaahmad8358,"Asalam o Alekum 
Turkan, you make very beautiful blogs, you speak so sweetly, and of course, you yourself are very lovely. So please, I’d like to ask for a little of your time — have a meal with me. We met at Rehmat Chok, and I told you that my daughter studies in Turkey. So if you have a little time, please give it to me — let’s have a meal together and meet, please.",0,2025-11-07T06:17:41Z,True
@ibraheemsohaib,love from Lahore,0,2025-11-07T05:37:25Z,True
@zulfiqarali-qj1ik,"Original shawarma Syria aur Turkish log Banaty hn 
Love from Jaddah KSA",0,2025-11-07T03:38:17Z,True
@FaisalAli-um4cw,Ma sha Allah stay blessed meei bahan aapki videos boht he achi hoti hain jeeti raho Allah aapko aapki family ko hush rakhay Aameen sum Aameen,0,2025-11-07T03:15:49Z,True
@satisfyingsoapasmr5430,Wow..... ap log lahore may hn is wkt good to see you,0,2025-11-06T20:41:24Z,True
@لشکر-ه4ت,Ik cheez main nay note kiya cm panjab nay buhat acha kam kiya safai ka rod say good work,0,2025-11-06T20:10:03Z,True
@biabia4307,very nice one.. Pakistan ka vlog dekh kr bohat acha laga.. waiting for androon lahore shopping vlog...,0,2025-11-06T19:07:08Z,True
@tahseenn5649,This chowk / square of wapda Town has become  food Street.,0,2025-11-06T18:42:07Z,True
@naumansindhu,Welcome to Lahore,0,2025-11-06T18:27:41Z,True
@xiasage,Welcome back I hope you enjoy all the foods again,0,2025-11-06T17:06:31Z,True
@soloshoot,Turkan madam ny hmara banda anti spices kr diya ha,2,2025-11-06T16:19:42Z,True
@imanfatima6405,Try sheik dhai ballay/taste shawarma at rehmat market,0,2025-11-06T16:17:48Z,True
@33pakistan,Mashallah 💗 great to see you in Wapda town; I also live in J - 1 block.,0,2025-11-06T15:34:37Z,True
@SundasAsuf,Welcome to lahore please come in my house i insist i want to meet you love you so much ❤❤❤,0,2025-11-06T14:52:04Z,True
@drcocomo,Lahore series is best … we all will wait for more videos in lahore,1,2025-11-06T14:36:56Z,True
@KnowMadPK,I hope you enjoy all the foods again,10,2025-11-06T14:23:06Z,True
