﻿author,comment,likes,published_at,is_relevant
@z-k7673,Dnt trust meat in lahore,0,2024-07-02T21:59:26Z,True
@saeedkhan-ud9yh,Molve eating everything donkeys meet in Lahore thanks,0,2024-06-11T15:15:40Z,True
@AliRaza-ck5qh,Lahoriy hain hi badtamiz... Aik isi shrbat wale ki kami thi... Aik wo Saleem Butt aur aik Waris Nehari wale chutiy... Yeh sb logon ko aisy hi party hain kutuon ki trhan .. mun phat hoty hain...,0,2024-06-05T23:53:25Z,True
@MTahir1993,Iqbal town wala Labha shrbt apky kehne pe try kiya seriously mzza nai aaya is se acha rerhi waly se milta h,0,2024-05-31T08:35:34Z,True
@aniskhan-el1cv,"Ahmed Raza juice ka immli Wala sharbat... Ap jis masaly or zaraat ki BAAT ker rahy hain,wo uncle g k haato pe laga hoa masala hai Jo unho ne upni paseeeny se bhari shirt pe zoror zoror se raghray thy or phir uski haton se baraf glass may Dali.... Ap achi video banaty hain bus hygiene or unhygienic cheezo ka pehly khyal rakhain Bhai... Plz dnt mind.. Shukria",0,2024-05-30T18:40:48Z,True
@aamirkhan-fx9yv,Saqib bhai Beth ke pina chaiye har  chiz,0,2024-05-29T11:49:38Z,True
@Jawad-Ahmad892,Tum to Lahore Ka goon bhe kha Jason ge 😂,0,2024-05-24T13:38:19Z,True
@ninja_editz138,"Oh, bhi uncle  hayraan or prayshan is baat per ho rhay k mera sharbat itna mazaydaar nai jitnay tumhy mazay a rhay  hai or ya bhi ho sakta koee ikhthay 3 glass kesay pee sakta hai😅",0,2024-05-24T13:30:52Z,True
@noor-p8b7x,"Good job, Saqib bhai, at controlling your reaction with the misbehaving shop owner",0,2024-05-21T12:46:32Z,True
@tigergaming8735,Saqib aap dehli gate may qammar hotel may rosy try karin,0,2022-11-24T16:17:54Z,True
@extrovert6338,I wouldn't spend a penny of my hard earned money at the mozang place regardless of how good it is. Courtesy goes a long way which this arrogant old man seems to be missing.,0,2022-10-16T23:04:28Z,True
@noonlu3279,"I would have moved on without making video. I have zero tolerance for bad customer service regardless of how excellent their product is. 
Pathetic miserable old man juice Wala.. 
main to kabhi na jaon isss Kay passs",1,2022-09-24T12:09:56Z,True
@dexterforphone3322,"ajeeb badtameez dukaan daar hain, first walay. Ikhlaaq bhi koi chez hoti hai., hell with good taste.",0,2022-09-04T14:01:06Z,True
@malikshahzad9100,Rate buhat ziyada hy,0,2022-08-25T18:15:43Z,True
@FoodieKashmiri,Bad iklaq insan sa kuch nae khareedna chyeay badtameezi has sa zyda karay zubocay chhitar marna chyeay.ic banday ka damag bohat kharab ha sale jo hoti ha,0,2022-08-09T08:44:47Z,True
@LahoriFirst,End wakay molvi sab ka pia hua he mne kafi acha taste he.. Inka jo. Masala. Hena wo or b tasty kr deta hai..,1,2022-08-08T05:32:43Z,True
@onthego7029,"Bewaqoos shopkeeper
he dont know k wo famous ho jata but jahil isi k jesy hoty han shakal to doha dyty bhai bewaqoof k",0,2022-08-03T00:36:17Z,True
@callmezeeshan8940,Salam hy bhai aap ko etni bazati ka bad be aap na video me us ki shop ka bataya or koyi hota to lagata be na video .es me faida shop waly ka thi salam hy bhai aap ko dil jeet leya aaj .ab koyi be jay to bhai ka name zaror lena taky un ko pata chaly jesy hum na video par etna kuch bola us ki wajha sa hi awam arahi hy,0,2022-08-02T12:19:51Z,True
@mohdhasnain2553,BOHOT SHUKRIYA INDIA SE JAZAK ALLAH KHAIR DUA KE LIYE BHI BHAI,0,2022-08-02T05:13:23Z,True
@akifsattar6500,Real Punjabi one after another... without going through taste...daaga,0,2022-07-30T19:48:39Z,True
@boylondon7346,How much nonsense you are talking .... You shud be more serious in food vlogging,0,2022-07-29T21:27:46Z,True
@rubinashah7861,Stay happy.  Uncle gusy me but still mere brother nay acha review dia.   Sharbat jesa be tha.  Salute to your smile and humanity.  3 glass pee die on spot,0,2022-07-28T06:29:10Z,True
@golanmol4964,Waqai video bnane mn ye masle masael hote hn afsos mere sath b ye problm bnte hn,0,2022-07-25T08:49:44Z,True
@Zaynrajha,Saday nisf imaan he eh imaan walo mujhe aj tak samaj nai ati k humare log har chiz k lie hathon ka istemal kyun karte hen bajae iske k har eik chiz yanine ice barf daalna ya sabzian tawa per daalna ghee dalna har chiz k lie chizen mojood hen lekin humne har chiz ko hath se daalna he usi se bathroom men tashreef dho rahe hote hen usi se saare aur kaam b,0,2022-07-18T22:16:28Z,True
@wasifmalik10,@saqib mobeen boss 5 ka title ha 3 ki video.. or main 3 oon hi hi try ker liye.. mozzang wala bht bar pia ha..mery hisab sy wo 1st ha baki iqbal town wala b pia wo b acha.. 2nd wo .. or 3rd yeh ali raza wala ..,0,2022-07-16T17:29:27Z,True
@musmansheikh7994,Asalam o Alikum Saqib bhae MashaAllah ap ki Vedios bohat achi hoti hain bas Pani sharbat Jo b piyeain baith k piya karain JazakAllah Khair ❤️,0,2022-07-04T22:55:30Z,True
@bossbaba2791,Khan penetrated wala mulla,0,2022-07-03T22:26:30Z,True
@ziaameerameer8379,Bhai Tera patience level 🔥🔥 literally Me Hota to Faisla kr k Ata Uncle ka pr Smj aa gi Apko dekh k Sbr krna Chaiye sukriya Bhai,0,2022-07-03T15:56:31Z,True
@omerriazi1672,agar yh mozang waly ka sharbat bohat e acha b hota tu b na jaty jesa unka behaviour tha.. insan tareeqy sy  b mana kr skta hai,0,2022-07-03T11:10:05Z,True
@SalmanKhan-oj1hh,Lahore looks very clean,0,2022-07-03T09:51:40Z,True
@affanbutt3271,Aj pata Chala Food vlog banana itna easy nahi......😅,2,2022-07-03T08:12:36Z,True
@kashifmalik08,Loved the first part of video. Even the besti program he gave his honest view.,2,2022-07-02T13:20:34Z,True
@maliktanveersuper,Bhai mujhe bhi pasand hai aloo buhari ka sharbat idhar se main bahut jyada pita hun,1,2022-07-02T03:42:26Z,True
@aamirmalik2169,"bemar kerny ki dva ..
pakhana khushk !",1,2022-07-02T02:31:48Z,True
@adnankhan-bv8ou,"Is qism k boht luche log apko amuman milte hai lahore me, me Peshawar se kai dafa gia sirf jeb se pese nikalna inka maqsad hota hai ...
Comment ka maqsad ye hai k kuch log aise hai sab nahi",0,2022-07-01T17:33:23Z,True
@shahnawaz5022,Saqib bhai kabhi town ship umer chowk. K pass pheeka channy and paaye. Kabhi idhar bhi visit kary,0,2022-07-01T16:32:31Z,True
@ibrahimali4867,Quetta ma ya sharbat کشتہ Ka name sa milta ha Taste zabardast hota ha out of cities sa Jo Guest Quetta Ata ha Jo کشتہ ak bar pe la wo bar bar Pena ke فرما ءش karta ha,0,2022-07-01T09:40:35Z,True
@muhammadarshadyousaf2660,sir ap ki video dekh ker samanabad inki shop per thooknay jaon ga,1,2022-07-01T05:22:17Z,True
@muhammadabdurrehman6062,"Lkn Sardai bilkul freshh usi wqt bna k peeni chaiya ... 

😶",0,2022-06-30T21:58:07Z,True
@indiamagyarul4519,If I go to Pakistan I will definitely go to jedda lassi,1,2022-06-30T18:46:33Z,True
@arshadsial3508,Lahore Lahore ay ❤️🍺,0,2022-06-30T18:19:26Z,True
@TripTuck,Great going Brother… we have covered ahmed Alu bukhara Sharbat a month ago and this sharbat is truly an amazing drink the best in Lahore.,2,2022-06-30T18:04:16Z,True
@ranagold5259,Great video please try different types of breakfast in Lahore,1,2022-06-30T17:45:10Z,True
@wakeelkhan6593,Lassi bi try karain,0,2022-06-30T17:43:20Z,True
@hassan23h,I tried Ahmad Raza about 4 years ago nd i was shocked that someone sell Imli Alubukhara Sharbat at this Quality..... I was just stopped due to Hot Weather and enjoyed 3 glasses 🕶️ Thanks for covering Laly,2,2022-06-30T17:39:05Z,True
@usmanjaved3006,Bhai mei ny in mei sy Iqbal Town wala Imli Alubukharay ka sharbat piya hua ...pehly wo bahr ki taraf tha..mujhy lga k wo bnd ho gya hai ..Mc lol road wala try kr k dekhoonga...,0,2022-06-30T17:07:52Z,True
@rizwanabbas3208,Uncle ny ap ko food agency ka officer samuj kr dar gay hain. Hahaha,0,2022-06-30T16:52:32Z,True
@AsadAli-cy1gk,🍔🥚🍗🍗🥩🍖🥤bhai atina khana sehat kay liay acha nahi,1,2022-06-30T16:52:26Z,True
@yusufakhter923,"""Consistent"" ki meaning ""eksoon"" hoti hai...na ki ""thick""",0,2022-06-30T16:42:20Z,True
@thaerss16,"That guy was so rude to u, doesn't deserve ur review.",0,2022-06-30T15:49:26Z,True
@anonimas5476,very good commentary of delicious food. saqib zindabad,0,2022-06-30T14:32:56Z,True
@ayubchaudhry5599,"No wonder, people in Pakistan are always sick with different disease especially hepatitis.  Look at the shop owner who is handling the money than the ice with same bare hands than Whats the point of his washing hands. People ever think where the money been. Also shop owners just rinse used glasses instead is properly washing with soap and hot water.",0,2022-06-30T14:17:34Z,True
@hassanmughal_0,❤️Bigfan saqib bhai nice videos❤️,1,2022-06-30T13:50:50Z,True
@mazeemj1547,"MASHALLAH, keep up the good work. Bro make vlog of best buffet in Lahore.",1,2022-06-30T13:08:27Z,True
@UmarJamal,"Assalamualaikum saqib bhai which camera and lens are you using i also do food vlogging 
I need to get a camera currently i am shooting from my iPhone 13 pro..",4,2022-06-30T13:04:58Z,True
