﻿author,comment,likes,published_at,is_relevant
@azanmalik5813,My most feverot place this food haqq bahoo chargha I love this yammmmmmmy,0,2024-03-07T01:42:52Z,True
@nayyerfarooqui4140,"Welcome to another superly amazing and delicious video once again

Zabardast zabardast saqib sb 

I will be there soon from Karachi",0,2023-12-26T17:17:01Z,True
@islamiclife0921,plz 1 kg fish bej do,0,2023-10-07T13:55:38Z,True
@DasstanGo,"bakwas taste , scha review dia karo bhai",0,2023-10-05T11:03:19Z,True
@alhaqvoice786,Aapke sath wale bhai ka muh dekhne layak hota tha jub aap khate the😂😂😂😂,0,2023-10-05T05:49:40Z,True
@Jawad-Ahmad892,"Molvi SB tumhain khaany aur hagne Kai siwa koi kaam Nahi ,poory Lahore k kutty ,khoty khaa Kar tumhara Dil nahe Bharat 😅",0,2023-09-10T04:57:20Z,True
@IWouldEat,"Eating food outside too much, know the side effects.
*********************************************************
Often people are fond of eating outside, people enjoy outdoor eating with their friends and family. At the same time, some people have the compulsion to eat outside. Students and professionals living alone away from their homes are forced to eat outside food. Everyday eating out is not good for your health. It can harm you in many ways. If you are planning to eat out with your friends today, it is better that you cancel your plans. It is not good for your own health.

Actually, you may not be aware of this fact, but eating out regularly can actually spoil your health. It increases the production of a chemical called phthalates in the body and damages your health in the worst way. It also upsets the natural hormonal balance and affects your overall health. In addition, there are many more factors that suggest that one should not eat out often or regularly. Let us know why eating outside is often not a healthy option.",0,2023-01-17T10:01:28Z,True
@sayyadyasir2632,Sabse faltu food vlogger,0,2023-01-08T07:21:30Z,True
@auonbukhari2016,Today tried Haq Bahoo Chargha and Tawaa Check both are excellent 👌 and highly recommend for all the food lovers..,1,2022-11-20T19:21:02Z,True
@cadetmohsin,"Went to haq baboo chargha house on your recommendation, but unfortunately it has very average taste.. nothing soo special so that one might visit again..",0,2022-11-12T18:52:27Z,True
@rizwansaeed8574,"Umair played his character as per script, he deserves to eat all remaining  98 bites apart from 2 which you  show in your vlog. The way he focused doodh jalebi bowl with open mouth is matchless.... 🤣🤣🤣💝 lovely teamwork and keep exploring.👍",5,2022-10-31T18:06:20Z,True
@Mujtabaa.nakveyy,Treat your partner well tameez honi chaiye insaan mien,0,2022-10-31T07:47:29Z,True
@Coolswag-e1l,khanay k sath ritta 70% logo ko bawaseer krta hai,0,2022-10-30T22:46:43Z,True
@Coolswag-e1l,Lahore Ka Mashor Haji chargah ...,0,2022-10-30T22:37:11Z,True
@waheedahsan2553,Bahi feroz pur lahore neher par qeeme wala mashor he 1122ke samne,0,2022-10-29T16:47:29Z,True
@hardluck7441,"Hi sir 
I am from Bangladesh 
This is your best video❤️
And please give him equal food😍",1,2022-10-28T18:28:47Z,True
@ahmadmalik4595,Ap thora sa agy ki trf jty to waha baam fish wala tha. Kiya us ki fish subhan ALLAH,0,2022-10-28T15:11:11Z,True
@renisrecipes,Excellent looks so delicious and mouth-watering 👍,0,2022-10-27T04:31:33Z,True
@sumonsheikh2180,Food  is more expansive  then us🙂🙂,0,2022-10-26T09:38:39Z,True
@hariskhan6001,Good food good health mobeen bhai very nice 👍 very good,0,2022-10-25T21:24:15Z,True
@sadafmehmood3690,Lanat video banany waly pr aik hi naan lia aur apny sath bethy dost ko aik byte tk nahi di. Aik baar us ko aik chota sa piece poocha aur bs. Very very bad. Aur kia video bakwas ha shalmi jao to yeh sari shops hum ko bhi nazar a hi jain gi hum andhy to nahi hain😡 ya to koi specific jaga ho phir bhi video ka koi tum banta ha. Aisy bs shalmi gye aur hr shop pr ja kr bakwas ki khud pait bhar kr khana khaya✋✋✋✋ yani had ha ky koi  khana kha raha ho aur paas koi ajnabi ap ko dekh raha ho to insaan us sy  bhi pooch leta ha ha ky bhai app bhi ao mery sath kha lo. Aur yeh kysy insaan a iss ko zara manners nahi hain. 😡😡😡😡just disgusting✋✋✋,0,2022-10-25T20:43:10Z,True
@erumamina8196,bahir ka khana kha kha k ap ki tbyet khrab nhn hoti,0,2022-10-25T16:41:13Z,True
@ashishgrover9332,Saqib very bad .....tell him to eat otherwise u will not digest this food easily.... the way he looks is actually funny ......aankhon se kha raha hai woh aapke charghe ko,0,2022-10-25T07:56:41Z,True
@ashishgrover9332,Saqib bhai isko bhi bolNe dein thora uska gala ghot rakha hai aapne .....bechara fass hua lag raha hai aapke aagee,0,2022-10-25T07:51:40Z,True
@sunnyrai924,Gar v kdi khande ho khana bhai g?,0,2022-10-25T07:14:21Z,True
@humkhiyal4223,Mubeen bhai sath waly jo bhai hein na apk.. such main paky cartoon hein.. un k expression daikh k bahot maza aya,0,2022-10-25T03:26:29Z,True
@namikhan8716,The man with u was too humble and good U were not even allowing him to give his view he looks so innocent I would love if u invite him again and give him the right to give review as well,21,2022-10-24T16:53:22Z,True
@aleenaejaz9658,Zalim taste lgraha tawa chicken ka,0,2022-10-24T16:38:42Z,True
@newnaatsindhi,Ahim point hoti he ksi bhi food point pe har food ki price batana jisko ap cover kar rahe he good work sir,1,2022-10-24T13:52:55Z,True
@javed139,Kya bat hai tumhare sath wale ko bhe khila do bahot bhuka lagg raha tha,1,2022-10-24T10:57:03Z,True
@Hamzashahzad476,@saqib bhai yaar haad hoti hai kasam say.. @umair bhai peechay baith kay moun dakh rahay jab ap chargha kaha rahay jis tarha chota bacha baita dakh raha hoo😂😂😂😂😂😂😂😂😂😂,1,2022-10-24T08:06:09Z,True
@faisalkhan-gk3wi,achi video about food.... i love lahori food,0,2022-10-24T07:18:49Z,True
@mujtabasba,"Lahore wale bhi jahalat me kamal hain, chaghe k sath naan/kulche kon khata hai, is ke sath chapati khai jati hai take charghe ka flavour aai.",0,2022-10-24T06:06:00Z,True
@mujtabasba,Khanon ko agar bigarna  hai to lahore k khane dekho bhai jakar..,0,2022-10-24T05:44:50Z,True
@mujtabasba,bhai androon e lahore se kuch nahi hota jakar acha khana banao or tourist ko khilao... Lahore se bahar niklo... duniya mein or bhi bohot kuch hai ...,0,2022-10-24T05:40:04Z,True
@Xerdude101vent,Saqib find out Berger 11 use to be in liberty market it was fantastic Berger’s,0,2022-10-24T02:56:33Z,True
@hjunaid40,Arey Mulleh !!! Pehle doston ko izzat dena seekh phir topi lagana aur daadhi badhana !!!,0,2022-10-23T23:24:31Z,True
@fahadrizvi8689,This guy bigs up too much everything 🙄 he’s fake because everything is so good for him,1,2022-10-23T23:16:03Z,True
@ahsankhan248,"Thank you soooo Much Saqib bhai, Aaj Aap ne aik bar phir Mera Dil Jeet liya yar... Khush ker diya MUJHAY mera MOHALLA Dikha diya jahan Meri paidaish hoi zindagi k 45 saal guzary JAZAK ALLAH KHAIRAH AMEEN❤ Jis shop se aap ne Doodh jalebi Khai Usi shop se mai sardiyon mein ( in Winter nights ) Garam Doodh peeta tha Aur subha mein Tillon Wala Kulcha lagwa k in se kulchy pe Malaii Dalwa k khata aur Lassi peeta tha. Raat ko aksar Chota Charghy wala se CHARGHAY ka piece roghni naan k sath khata tha. Jo ab HAQ BAHOO k naam se hain. Aap bilkul sahi jagah per Pohanchy aaj. Jeety Raho Khush Raho AABAAD Raho. AAMEEN❤❤❤",0,2022-10-23T21:18:07Z,True
@sarahahmed1880,"I MISS MY CITY  LAHORE 
💔",0,2022-10-23T20:16:11Z,True
@abhishekmassey4417,Bhaijaan mai aapki video ko bohot pasand karta hu lekin Pakistan ka itihaas jaaanna hai to Pakistan ke Abba hindustan aana padega aapko Bhagat Singh bhai ki photo ke nichay sar jhukhana itihaas pata chl jaayga pure Pakistan ko ki hindustan nhi hota to Pakistan kaise bnta,0,2022-10-23T19:26:42Z,True
@sohailshaikh2631,Khana khilane wala sirf allah..,1,2022-10-23T19:24:03Z,True
@opgames2345,Bhi Jan king Tika ki video bnay Lahore hotel k samnay wali Gali me ha mzaa ajy ga apko inshallah,0,2022-10-23T19:18:45Z,True
@chrizwan6290,Lahore Ravi road qilalachman sing,0,2022-10-23T19:11:07Z,True
@Chountravillage,Saqib bhai sath walay ki shakal dheknay laiq hoti hai jab aap kha rahay hoty ho,1,2022-10-23T17:50:20Z,True
@Chountravillage,Hahahahaha saqib bhai aap k sath walay hazrat ki tabiyat ghair ho jati hai jab koi khanay peenay ki cheez dekh letay hain,0,2022-10-23T17:49:41Z,True
@mallikzohaib1800,Jooth 40 sal pehle to broiler chiken nahi hota tha 😛😜,0,2022-10-23T17:30:49Z,True
@AhmadRaza-be9sn,"Saqib Bhai u r Actuall Lahori Food Vlogger Extreme Level Hidden Gems 
Btw ur taste buds are Actually Lahori Peoples 🌸🌸🌸🌸🌸",0,2022-10-23T17:26:25Z,True
@aamnasaeed9610,"Boht hi zayda fazool ki harket karny hoy ho ap k sath waly ko aisy treat kar k
Shame on you",1,2022-10-23T17:18:06Z,True
@dialup2342,"Saqib sahab aap kaafi arrogant hoo apne dosto ke saath you dont behave nicely first of all.

Secondaly aapki food based reviews are not that great just for views you are running and bullying your friends

Pehle tahjeeb seekhiye fir vlogging kariye.

I hope aap kabhi famous vlogger na ban paye tabhi tarakki ho jab aapka behaviour sahi ho",0,2022-10-23T17:11:36Z,True
@junaidfoodies8685,You are beauty of Lahore foods,0,2022-10-23T17:09:57Z,True
@junaidfoodies8685,King of food saqib mobeen,0,2022-10-23T17:09:09Z,True
@dialup2342,8 din baad oil change hota dangerous,0,2022-10-23T17:07:53Z,True
@buttsully0079,Zindabad Saqib bhai thanks for discovering delicious food for us ❤️❤️❤️,1,2022-10-23T16:57:09Z,True
@iftikharkhan9873,Sath wallo ka khayal karay . Ugar unn ko on camera Khana nahi khilana toh on camera unn ko q logo k leya mazaq bnatay hai . Mat karay aisa,1,2022-10-23T16:53:48Z,True
@abrarhassan7146,Asalam O Alaikum bohat zaburdast androon Lahore ecplore keya hai.,0,2022-10-23T16:48:46Z,True
@Umar568,Jeela Food Point explore please,1,2022-10-23T16:22:10Z,True
@naseemsultan497,bht sasta dil hai . line of the day,0,2022-10-23T16:12:45Z,True
@fawzanmomin8163,Saqib bhai assalamualaikum your friend mouth is watering 😋 please offer him first to taste it 😋 😜 😉 from India 🇮🇳 love your vlog and hard work 👍,11,2022-10-23T16:05:35Z,True
@tariqhassan756,"Kia  fazool harket hy.
Pehley sath wali TARSEE ROOH ko dia kro.
Wo tu marney wala ho jata hy.",0,2022-10-23T15:46:52Z,True
@aadilmunir1875,But your efforts are amazing...,1,2022-10-23T15:45:24Z,True
@aadilmunir1875,Food is not hygiene,0,2022-10-23T15:44:59Z,True
@umarfarqooque6825,USS BEICHAARY KO TOH KHAANY DETY SAARA KHANA KHUD KHARHY 😂,0,2022-10-23T15:37:39Z,True
@AbdulJabbar-hh9uh,"Sorry but
Androon ki har cheez ko ap Zabardasti Acha bol rahay hai.",0,2022-10-23T15:20:18Z,True
