﻿author,comment,likes,published_at,is_relevant
@HumeraShafaq,"Time Stamps
12: Arif Chatkhara House 0:52
11: Bao Saleem Mutton Chanay 04:47
10: Amjad Desi Murgha 08:58
09: Saeen Kabab House 11:10
08: Allah Hoo Dodh Soda 13:54
07: Waris Nihari 17:06
06: Butt Karahi 21:42
05: Punjab Tikka House 26:49
04: Amritsari Harissa 29:27
03: Mota G Murgh Chanay 33:37
02: Khan Baba Restaurant 35:40
01: Jedda Lassi House 38:41",0,2025-07-04T18:31:34Z,True
@AdityaMeshram-z6k,Bhai india se hu chainal lock haii,0,2025-05-05T18:06:36Z,True
@hard100_,"Esa khana india ke suar khate hai..
Jai israil ❤jai india 😊",0,2025-05-04T07:36:28Z,True
@MaheshGhadiyaGhadiya,Lahore  India 🇮🇳,0,2025-05-03T18:15:41Z,True
@keshavbhaidev75033,Kamal he jiya tabarka ji kya labor me hindu o  Ki badi food shop  nahi he,0,2025-04-06T05:19:10Z,True
@NGM-p2u,Nice food vlog,1,2025-03-11T19:01:58Z,True
@Dakhniswad,Yummy food 😋,0,2025-03-11T13:47:14Z,True
@rjraj5358,I am an Indian but I like Lahore Foods and people of Lahore are really good and Humble ❤,1,2025-03-06T13:31:14Z,True
@นิสิทธิพรละออสุวรรณ,Vary good food,0,2025-03-03T14:51:24Z,True
@VineetJakhmola,"PK Bhai main Apka saray video dekhta hu , Mujhay ya puchna tha ki Jaisay Indi@ kay Muslim Khaanay main thuktay hai apkay yahan bhi Dhabo main aisa hota hai kya",0,2025-02-21T11:42:56Z,True
@RoufIrshad,I am a Sri Lankan muslim. But i have 2 year's of experience continesly eating Pakistani food in UAE dubai ❤  Pakistani food world best food 🤞.,5,2025-02-13T14:01:43Z,True
@Abhik4117,Inshallah - lahore mai khayenge..,0,2025-02-02T18:11:44Z,True
@FauziahZiah-pe6ur,Wow yummy yummy...,0,2025-02-01T09:12:43Z,True
@TravelSoulfulSafar,Kash ek mulk hota so that hum easily travel kar sakte khane ke liye 😢😢,0,2025-01-16T19:50:28Z,True
@subhanrajput6971,bharat me humare yaha amol ka masja istemal kar te hsin  .  waha kis company ka maska istemal hota hai ...,0,2025-01-09T13:35:02Z,True
@FearoftheNightofficial,Nihari delhi ki ijat he zia bhai.. Kabhi india aiye ager ho sake to inshallah ap sab bhul jayenge inshallah.. Lot's of love from 🇮🇳,1,2025-01-05T01:05:36Z,True
@imrannaik6431,Bhai only chany khanny k shokeen hain. Usk siwa taste nahi yaha. Final,0,2024-12-30T20:01:07Z,True
@FarhaSultana786,I want to come for eating from INDIA. VERY NICE FOOD,0,2024-12-25T10:19:56Z,True
@puneetsaluja5811,You’re the best food vlogger,0,2024-12-22T15:42:33Z,True
@jayoenix8763,Bhai ye sab khanay k baad ap bathroom mein sahi tabahi chaartay hoon ge😢,0,2024-12-19T21:57:34Z,True
@pragyachaturvedi7684,Lassi is soo unhygienic,1,2024-11-30T12:43:20Z,True
@hassanshafique1416,"Everyone is talking about child labor here. They are also right. But try to understand if their parents can't afford to educate them, at least they're teaching them some skill which would help them to earn in future. Survival is the most important thing in the end.",1,2024-11-25T17:43:32Z,True
@gajanankoli5968,Nice khana khima matan wha wha bahut kub,0,2024-11-21T19:21:10Z,True
@emraankhan7344,Bhuat barah barwah hai tou chor hai lahore k loog,0,2024-11-11T13:59:59Z,True
@sameerchoudhary5749,Pakistan ka street food hi sabse acha lagta h mujhe...,0,2024-10-20T18:02:09Z,True
@naveenreddy449,Basically am from India but i love pakistani food,0,2024-10-19T15:09:15Z,True
@akashkr1063,Koi btayga jaise lahore me punjabi muslim jatt dominating h waise hi karachi sind me kon h,1,2024-10-19T10:49:58Z,True
@sabinahaider2636,"Ye m notice kr rhi hun k Lahore me hygiene bht poor hy. Their stoves, the way they cook and that finger in lassi in the end made me throw up!! They should improve it",0,2024-10-04T21:54:30Z,True
@fazeeltariq7163,"You missed ""Bhaiya Kebabs"" Model Town",0,2024-10-01T22:27:38Z,True
@roniemeditrades215,Pakastani bekar food. 😢,0,2024-09-27T19:46:53Z,True
@bharatchoudhary7295,"Food in Pakistan is quite affordable, that to non veg, when ever someone mentions price in the video I just divide that price by 3 to convert it into indian rupees and it turns out to be very cheap",0,2024-09-27T16:03:13Z,True
@ambarishudta6291,I have noticed that Lahore people have some attitude and Karachi people are more humble 👍,0,2024-09-24T16:19:09Z,True
@suhan_2511,🇮🇳❤️‍🔥 food 🔥,0,2024-09-04T11:28:13Z,True
@BestcakeCorner,"Ziya bhai aap zabardast tariko se food ke bare me batate hai.
Namaste.",0,2024-08-28T17:56:24Z,True
@zubairqureshi7532,Amazing food 😋 of lahore,2,2024-08-22T17:31:32Z,True
@akashjohn8198,Aao ek baar aap India m delhi m kallu ki nihari khailate hai apko wo bas 250 mai or test ek no ka hai aao ek baar please come bhai ji 😊,0,2024-08-16T12:14:51Z,True
@rajeshshrimali6627,do dilo ka batwara karke rehnumao ne kuch thik nahi kiya 1947 mai varna aaj mai har ek food test kar chuka hota,0,2024-08-02T18:01:58Z,True
@Mr.Mrs.RoyWorld,Suna hai Lahore bahut sundar jagah hai aur khana bhi lajawaab hai,3,2024-07-25T09:07:03Z,True
@bloom6759,2000 ki nihari,0,2024-07-20T08:49:12Z,True
@kuldeeprajhans2353,Chutiyr desi ghee nahi dalda hai😂😂,0,2024-07-18T00:05:36Z,True
@dr.misbahharoonkhan6881,Zia Tabarak : Allah maaf krey dariya e Ravi lahori khaano may tair raha ho ta hay. Itna patla shoorba? Over price and tastless food.,0,2024-07-16T04:39:13Z,True
@sukhraj_singh1999,jehne lahore ni dekhya oh jammya ee ni,0,2024-07-12T03:26:17Z,True
@divyanshatripathi-r7d,"Itna heavy khana kha ke koi isi tarah fit kese ho sakta,,,kuch toh gad bad hai 😜😜😜😜",0,2024-07-11T17:26:21Z,True
@narinderwaraich7442,Panjab da dil Lahore ❤❤❤,0,2024-07-10T10:43:07Z,True
@Apkachannel786,Jin ko masala karahi Pasand hai wo kabhi makhni dish na khain .makhan masala k taste ko kha jata hai..,0,2024-07-09T16:36:53Z,True
@Apkachannel786,Ek nawala mo mei rakha waris nehari wale ne..wo neeche nh le k gya... Keh rha roz khata ho apni nehaari 😂😂😂,0,2024-07-09T16:30:22Z,True
@Apkachannel786,Tum sufi mein nihari banate ho is liye tu genuine taste nh hai ..nehari ka taste karachi mein he hai,1,2024-07-09T16:28:45Z,True
@Apkachannel786,60 ka kebab ..kaise possible hai 😂😂😂,0,2024-07-09T16:24:00Z,True
@universefact6190,"Dark reality of Pakistan is you can’t confidently go out with family especially on the street food stall, people have no sense and no respect towards women and girls… I live in Pakistan for 22 years and now I personally don’t feel safe to go back and explore all these things.also there is a new things happen that if people find out your are from a different city or country they start demanding for money and forced to loot you and if you ignore and try to skip, there is a lot of chances that some blame you for blasphemy and then people change into mob and chances are they will kill you straight away and no justice as all, there is a recent case happened with a tourist",0,2024-07-09T14:01:29Z,True
@learningcandlesticks_123,"1947 se pehle lahore Lahore tha, 
Pakistan me jaate hi kabaad bana ke rakh diya hai isko..
Ye Pakistan ke top area hai... Isse saaf to humare yaha Gaon hote hai, Kachara karke rakh dala isko...",2,2024-07-09T12:38:42Z,True
@rakeshgusidi5422,Bhai stop using plastic covers for food packing,0,2024-07-08T09:28:53Z,True
@HussainKhan-h6y2h,"Ye jo aap Roz nya nya tray krte hai wo gareeb log nhi kr sakte ye sub nasta bade logo ke liye hota he ak gareeb ke liye to chai or roti kafi ho jati hai itna mehga nasta koi gareeb nhi kr skta agr krega to uska pura ghr bhukha marega vese aap to bhai mashallah allah ka karam hai aap pr or ase hi bna rha allah ka karam dua go hu aapke liye aapka pyara dost hindustan se Hussain khan pathan 
Jite rahiye salamat rahiye ❤",1,2024-07-07T18:33:47Z,True
@sivramsahu9880,"Kon kehta hai...ki pakistan vhikmanga ho gaya hai...barbad ho gaya hai....yaha to dikhta hai pakistani Roz Biriyani,nihari,babique khate hai...😮😮😮😮",1,2024-07-05T18:05:23Z,True
@chinmayswain7243,Very costly not upto standard rate really very costly,0,2024-07-05T11:48:44Z,True
@vipinmishra2427,"Zedda lassi very famous, from delhi.",0,2024-07-04T17:06:12Z,True
@RajRudiumArt,I am indian but I love 💕 pakistani food❤,0,2024-07-04T06:56:36Z,True
@arafatkhan9927,Miss this food ... I love Pakistani biryani..but kab jaiye ge Pakistan Allah malum..love from Bangladesh,1,2024-07-03T07:51:22Z,True
@Aaquib1917,Ek roz INDIA se Lahore (PAK) aaunga bs khane ke liye 🥰🥰🥰🥰🥰,36,2024-07-03T05:52:36Z,True
@abhia7543,"😂 kitni baar phirse wahi same restaurant jate hoo , 2 months saare pak ka restaurant hi cover hojate 😂😂😂😂",1,2024-07-02T21:37:25Z,True
@pakistanlovers555,"Masha Allah Zia Bhai Excellent Lahore Food❤🤲
Kindly make Video of Northern Areas Food🇵🇰❤🤲",0,2024-07-02T11:17:56Z,True
@mariumzaka6894,Mai Karachi sa ho laken mujia Lahore shehr bhot acha lag tha ha ❤,0,2024-07-01T13:14:17Z,True
@MSlayer-RX,Pasmanade ko khana khilao,0,2024-06-29T04:49:58Z,True
@chab1rd155,"@streetfoodpk.  Can you please tell me the name of the type of rice used in all of the street food videos? Ive never seen rice like that here. Also lots of the food and meat looks really good and tasty, especially the beef in the soups!",0,2024-06-27T05:35:44Z,True
@riteshkaushal5773,"Pakistan ka dil Lahore
Pakistan ka Baap India 😂😂",0,2024-06-27T05:33:19Z,True
@DharmindersDhar,Lahore ch lok Urdu bolde ne..sun k bda dukh hoia.. Punjabi bolia kro yar,0,2024-06-25T07:52:55Z,True
@calmness956,"THE AMOUNT OF OIL,SPICES AND UNHYGIENIC FOOD PEOPLE EAT IN PAKISTAN NOW,IS UNBELIEVABLE AND THAT'S WHY DIBETEES,HEART PROBLEMS AND OTHER ISSUES HAVE RISEN IN PAKISTAN.😢",0,2024-06-24T19:53:59Z,True
@porusdoctot1449,Pak non veg foods are yummy tasty,1,2024-06-24T04:59:42Z,True
@Ali-rx8td,In summer time 😂all can't digest heavy food but zia bro can digest stone and bone😂,1,2024-06-23T15:35:59Z,True
@pravinkumarsadare,"Waah , Bhai 


In your Pakistan 



Pakistani people make

Human body Nihari 

Just as Swat incident 


Please share recepi 
Of


Human body Nihari , tikka ,,kabab",1,2024-06-23T14:47:49Z,True
@rajeshoa71,Pak non veg foods are yummy tasty 😋😋😋🇮🇳,15,2024-06-23T07:24:55Z,True
@triggered_insaan2504,Jedda lassi ❤... Have to b try once in life... Love from india,0,2024-06-22T23:49:01Z,True
@gauravmane1003,"Pakistan Youtuber Pakistan mein kahi bhi jaye..wahi same boring khana sab jagha khate hai..kuch variety nahi inke pass..kuch naya kho Bhai.wahi nihari, wahi chane, wahi biryani, wahi takatak , wahi kadhai , wahi kabab, Pakistani khana khatam yaha pe.",0,2024-06-22T18:03:37Z,True
@raywaqas3281,Lahore ma sardi to nae hai abi ap ny jacket panhi hoe hai,0,2024-06-22T14:52:22Z,True
@Exploration-s5i,Visit my chinal for the best Pakistani street foods,0,2024-06-22T09:11:27Z,True
@mohd_umar748,Mein bhi aa raha india se 2025 mei chapion trofy dekhne ke liye apni team india ko spport krne aur lahore ke khana khane liye❤❤❤❤❤,0,2024-06-22T09:09:19Z,True
@HashimAli-d9t,Ilyas dumba karahi is best karahi in Lahore,0,2024-06-22T06:52:19Z,True
@adnanhussia5034,Bhai ye bahot puraana video hai,0,2024-06-22T05:59:03Z,True
@muhammadnaveed1631,"Old video last year bnai gi ha 
Or video itni lambi views k chakar  me bna dali",0,2024-06-22T05:46:59Z,True
@atishraj4595,Zia bro iam from india hyd kuch new video batou bhai already Lahore is completed 😊 something new recipes bro,0,2024-06-22T04:35:10Z,True
@alihaider000001,"Don't believe this guy, I am Lahori, and these food is all shit. He made this for views.",0,2024-06-21T23:35:53Z,True
@mayurbhise,wooww...  feels so proud to see small kids working at shops instead of studying and playing...  Lahor he Lahor...   Masha Allha ..  Subhan Allha..   Beauty of Pakistan,56,2024-06-21T17:55:33Z,True
@amandeepmani3982,Blue and white to chappal Hota hai😂,0,2024-06-21T17:54:34Z,True
@UNDERTAKAR-dl6ei,Mene jitne bhi coment kie hai jwab jaroor dena nahi tu view ke CHAKAR me sabh bhool gya,0,2024-06-21T17:17:15Z,True
@UmarMinhas4121994,wow zabardast and waris nihari waly uncle ny full gup mari hai camel ka meat Karachi nihari waly dalty hain haha,0,2024-06-21T16:42:22Z,True
@HemrajbhaiJoshi,Chota vidio banavo etna lamba vodio kon dekhega,0,2024-06-21T16:23:13Z,True
@AliKhilji-m2g,Tak gaha hum Lahore ki video dahk dahk k...😴😴,0,2024-06-21T15:39:05Z,True
@MasalaArtShaista,Salam zia bhai how are you . Food looks delicious i will try when visit Lahore thanks for sharing may Allah bless you and your family ❤️❤️ Ameen .i try your recipe mutton pulao super delicious ❤❤,0,2024-06-21T15:22:37Z,True
@tahirabatool8161,Bhai khayal se gadha mendak hi na kha lena lahore mein logo ko gadha r mendak khilaya ja rha hai,0,2024-06-21T14:46:18Z,True
@shahanjaved6038,Lahore Lahore ayy,0,2024-06-21T14:42:38Z,True
@hozefakundawala-bh7wb,What is the recipe of pork briyani you should try pork chops it's very delicious you must try paithon soup,0,2024-06-21T14:21:13Z,True
@iamSalman37,Lahore food & Gujranwala food > Karachi food,2,2024-06-21T13:55:13Z,True
@jagjitsingh9207,Zea bhai mene aap ko bahut comment kiye he lakin na hi baat karte ho na hi jawaab detea ho agar aap ke pass nahi he Tu app dus do ham vee apana time kharab na kare,0,2024-06-21T13:54:50Z,True
@shareit9552,Jadda lassi not hygienic baar baar haath daal rahe hein,4,2024-06-21T13:21:35Z,True
@sid3008,"Good evening Mr. Zia.....as mentioned by you, Lahore feels like your second home...seeing your videos feels like food from our second home...very impressive food and as usual your presentation is out of this world...lots of good wishes.... God bless you, your family and team in abundance. God bless.",1,2024-06-21T13:17:48Z,True
@rijvanali8419,I am from Big fan india Uttar pradesh,3,2024-06-21T13:05:21Z,True
@Punjabhangout,Beautiful food video... love ❤️ from Pathankot Punjab India 🥰🥰🥰,3,2024-06-21T13:04:26Z,True
@mukeshbhutada4480,.miya bhai big fun India ❤,7,2024-06-21T13:02:05Z,True
