﻿author,comment,likes,published_at,is_relevant
@king12378,Is lahore tier 3 city?,0,2025-12-10T06:38:18Z,True
@amirzubairmughal,"most of these construction is done by the housing sociaties ,,  show old lahore still   donkey are walking in dirty streets .",0,2025-12-10T02:17:44Z,True
@Islamiceducation9212,I'm indian super view Lahore❤❤❤❤❤❤❤❤❤,1,2025-12-06T20:26:13Z,True
@TheBillybaba,Very well effort butmost of time drone is too high....people need to see landmarks .. like moon market iqbal town was very good shoot n thokar niaz baig rest there were only rooftops.... if you make videos with camera/phone/drone combination you can be a star especially for overseas pakistanis and for those who want to explore/knows Pakistan but don't want to travel there....but anyway keep it up pretty good effort....,0,2025-12-03T13:54:26Z,True
@malikzahid3565,So beautiful city Lahore..,3,2025-12-01T22:24:01Z,True
@farhany8129,"Androon?
Mall Road?
DHA?
Cantt?
Raiwind?
But instead you spent half the video on Gulberg and Thokar",0,2025-11-27T22:54:42Z,True
@me_akshit,i am an indian and i love lahore ❤ minar e pakistan,9,2025-11-26T15:57:38Z,True
@drnbeg8171,Zinda Delaney Lahore🧡,0,2025-11-24T15:53:34Z,True
@AamirHassanGraphics-e1i,Very Very Nice Video Drone Shots and Editing and Sound Music Beautiful View ❤❤❤❤❤ 😊😊😊😊😊😊😊😊😊,0,2025-11-08T15:21:53Z,True
@javeriyaasif7178,Incomplete beautiful without DHA all phases. Specially 5 and 6,0,2025-10-26T16:52:26Z,True
@ZubairKanue,"Lots of from Kashmir indian side
My dream is to visit Lahore",1,2025-10-19T03:53:47Z,True
@huzaifahafeez8694,Lahore ka 90 percent to dikhaya hi nhi SB fazool cheezein dikha di,0,2025-10-14T15:10:41Z,True
@Middle_boy345,Lahore is clean,0,2025-10-10T09:55:11Z,True
@FayazAhmad-j5c,Srinagar Kashmir is more developed than Lahore,0,2025-10-06T15:08:59Z,True
@SaheydS,"Only road infrastructure is good rest are seem not. Chittagong, Rajshahi and Khulna look much better. The problem Bangladesh doesn't have space for broader roads like Pakistan.
Once Lahore and Karachi dominated South Asia now Mumbai, Dhaka, Bangalore, Noida and Chittagong etc are developing faster. Delhi, Kolkata, Pune, Sylhet, Rajshahi, Mymensingh etc cities are having significant growth.
Even our Khulna's GDP 65 billion dollar with low population. Cox's Bazar is supposed to be another financial sector of Bangladesh. Planning to make Singapore like city.
Pakistan's GDP and Dhaka division GDP will be equal in 2030.
India has tough competition with Bangladesh. Whether Pakistan is lagging behind.",0,2025-09-30T13:54:22Z,True
@saqibmirza3586,good but should have captured old city Badshahi mosque and Shahi Qila as well wasted time on Moon market,0,2025-09-17T06:11:20Z,True
@ibrahimrajpoot1105,Bhai ye to half Lahore bhi nahi hai 😂,0,2025-09-16T04:29:27Z,True
@spidylov3382,Oh Lahore is same as Lucknow in terms of Infrastructure and Lucknow is 2nd tier Metropolitan  city of india,0,2025-09-01T06:31:55Z,True
@MuhammadAli-3225,Beautiful ❤️... efforts ❤,0,2025-08-28T17:09:46Z,True
@huzaifasalaar6374,"No DHA, no bahria town...?????",0,2025-08-27T19:40:34Z,True
@meerali-pm4ty,Where is DHA Side?,0,2025-08-21T10:59:26Z,True
@Melodyblast22,Missing you Lahore!,4,2025-08-15T04:09:43Z,True
@BilalRanjha-y7u,"Lahore is an extremely dirty, polluted, and overcrowded city, with a high number of scammers.",0,2025-08-08T18:19:18Z,True
@sheharbanosajid4,Lahore port q nhi dikhaya?😂😂😂,0,2025-07-31T16:35:55Z,True
@maxlandenterprise8990,I am From Karachi but I love Lahore❤,5,2025-07-24T05:02:51Z,True
@chiltantravel6886,Bhai ye drone kitne Pakistani rupay ka liya hai? Zaberdast quality video hai.,0,2025-07-21T14:10:45Z,True
@AliaSiddique-n1e,"Lahore is ishq my beautiful city Lahore 
My favourite city 😊😊😊😊",0,2025-07-18T21:15:29Z,True
@andregonsalvez9244,Greetings from Canada 🇨🇦 ! My parents and I lived in Gulberg Lahore in the mid seventies before moving to Canada we had wonderful memories of Lahore . Great Times 😊,0,2025-07-14T19:24:28Z,True
@salmanamjad77,The video doesn't do justice to lahore at all.,0,2025-07-13T20:54:43Z,True
@drfaizan,"Thanks for sharing this video, I live in NY and haven't been back to my city in 15 years. Everyone keeps telling me how much it has changed and i see why they say what they say. I plan to go to Pakistan this year and now I'm nervous to not able to recognize the streets and areas i once knew like back of my hand. I appreciate your effort! thank you!",2,2025-07-13T04:17:37Z,True
@mubeenmubeen2854,"Lahore Budle gaiaya yaaro, yaar maar bun gaiya,  khoon khaar bun gaiya,  bay itbaar bun gaiya yaaro",0,2025-07-08T11:54:17Z,True
@ReniaMilton,Ab to traffic itna Hota k beauty nzr nhi atiii siwaye smoke k,0,2025-07-06T08:18:00Z,True
@Qousain-i5u,"Coming to Lahore, Best city of Pakistan love from Multan❤ good to see development in Pakistan even in one ciity lahore😂 but one day my whole country❤🇵🇰",9,2025-07-06T08:10:08Z,True
@HAhosiery786,"Minar-E-Pakistan,Lahore Railway Station or Bohat si aysi Khubsurat Chizain hain jo apnay dikhai he nahi baki video acho thi apki😊",3,2025-07-05T12:27:41Z,True
@terrainofthought,Moved to live in Lahore 10 years ago from Karachi. Karachi is my life ❤ Lahore is my love ❤,8,2025-07-04T16:59:23Z,True
@RazaAli-l4z,Lahore can change by its looks but lahorism shouldn’t change… that what matters the most … 😢,0,2025-07-02T07:14:00Z,True
@Romlolxd,PMLN ka Lahore 💚,1,2025-07-01T08:49:57Z,True
@AbubakarAmir-b9g,lahore k khubsurti sirf androon hai jo ap ne dkhaya nhi bas gulberg gulberg hi dikhaya,0,2025-06-28T10:11:12Z,True
@SachVirsa,Improve your video editing and quality!,2,2025-06-28T08:24:59Z,True
@Hassan_Hashmi.72,where is Minar-e-Pakistan and Badshahi Masjid and  shahi qila and Raya bro you forget the Magnificence of lahore 🥲 Afsoos,0,2025-06-26T14:21:29Z,True
@EngineerAdeel,Thank you brother for putting very effort 🤩,1,2025-06-26T11:42:45Z,True
@drivetochill,"Beautiful Lahore, Love Pakistan.... Thanks for sharing videos.
Greetings from Germany",3,2025-06-26T11:13:16Z,True
@muhammadzubair-s9u3v,O  bhai ap shayad abi khud b lahore nhi dekha pehle youtube pe search kr k dekho lahore kitna khobsurat hey,0,2025-06-26T10:30:03Z,True
@kanzahafeez2143,My beautiful Lahore ❤❤I am missing you so much,0,2025-06-25T14:15:44Z,True
@ghafoorshahaseer3700,Lahore Lahore hain ❤,8,2025-06-24T04:22:40Z,True
@BilalTlp,Lahore Lahore he😊😊😊😊,0,2025-06-23T18:21:13Z,True
@hamzakingjoyia,Bakwas video where is Qaddafi stadium mall road DHA and Dha rayya Minar e Pakistan badshahi masjid shahi qila and other beautiful areas not including in this video,0,2025-06-23T09:43:46Z,True
@MixRvin,Bro Mall Road,0,2025-06-22T11:05:39Z,True
@soniagohar-j6x,Lahore ko khubsrt bnany walo ka shukrya balky pura punjb he khubsrt ha or clean ha,14,2025-06-21T19:30:47Z,True
@MSGraphicdesignsacademy,Where is Raya Lahore?,0,2025-06-20T13:13:29Z,True
@Mrrajpoot012,"Where is badshai masjid, minara Pakistan , wazir Khan masjid, shahi qila , Gowalmandi",0,2025-06-19T15:59:55Z,True
@Saadmayo957,Bhai Thora niche dron odaya  kro takee CHOTI buildings bhi bari dekhe😊,1,2025-06-16T16:26:02Z,True
@ZohaShahid-n6v,My home my lahore proud to be Pakistani❤️❤️🇵🇰🇵🇰,12,2025-06-16T07:24:42Z,True
@MughalBrand-e3q,I love Lahore very much ❤❤❤❤,2,2025-06-15T08:12:47Z,True
@MalikAli-kf4pu,How to find job in Lahore?,0,2025-06-14T16:21:28Z,True
@OyeHappyHappyOye1,Lahore was made and planned by Hindus......,0,2025-06-10T14:04:27Z,True
@BoyButt-o6z,"Lahore gdp 2025 = 47B-50B
Pakistan biggest transport city
G.p.c = $5600-$6700
Hdi = 0.820 (very-High)
Poverty in 2024 = 10%
Poverty rate in 2025 = 8.2%
LITERCAY Rate = 73.5%
Average Lahore person salery = 50000-80000 higher than Pakistan average",0,2025-06-09T12:39:24Z,True
@MohammadYaqub-o7r,But. Still. I. Love. My. Lahore.,0,2025-06-09T04:32:59Z,True
@MohammadYaqub-o7r,I.  Left. Lahore. When. I. Was.   14.    Now.  It's.  Totally.   Changed.     It's. Unbelievable.     Duniavi.  Taraki. Honi. Chahiay.  Laikin. Afsos. Muaaaashra.  90.   Fisad.  Angrez. Bun. Chuka. Hai. Men. B. Aur. Women.  B.  Log. Maghrabi. Culture. Apna. Chukay. Hain. Western. Way. Of. Life. Apna. Chukay. Hain.  Yani. Mukamal. Be. Ghairat. Bun. Chukay. Hain. Zina. Aaaaam.   Ho. Chuka. Hai.    Television. Ki. Female.  Newsreader.  Sab.  Gashtiaaaaan. Hain.  Muaaaashra.   Ka. Berahharak.   Ho. Chuka. Hai.  Yani. Mera. Sara.  Lahore. Heeramandi. Bun.  Chuka. Hai.  Lahore. K. Har. College. May. Zina. Ho. Raha. Hai.    Girls. Tight. Paint. Aur.  T. Shirt. Pehen. Kar. Ghoooom.  Rahi.  Hain.   Poooora. Muaaaashra. Be. Ghairat. Ho. Chuka. Hai.,0,2025-06-09T04:31:50Z,True
@SubhanAli-vy3vh,this video is good but it not covers whole Lahore .,0,2025-06-08T06:19:12Z,True
@mrknownothing2470,Indian drones did better coverage of Lahore 😆,0,2025-06-05T14:45:34Z,True
@mystery77777,video achi thi laikin do do dafa ek he jagha ka naam and fotos ki bjaye single me edit kr lety i think editing ki mistakes hain and secondly is me bahria town ki bht zada places bhe add kr skty thy for example talwar chowk and eiffel tower and winterland and so many other famous good places in bahria and also packages mall and dolmen mall and raya dha and lake city mall and or bht kch add kr skty thy,0,2025-06-04T21:31:49Z,True
@KfaroukIsmail,You have missed the most important land marks of Lahore Badshahi Masjid Shahi Qila and Minor e Pakistan and not forgetting Mall Road and Lawrence Gardens,0,2025-06-03T22:16:49Z,True
@j.mourya1743,"Beautiful historical City Lahore. 
Lahore is a famous city before it was built Pakistan",1,2025-06-03T15:35:29Z,True
@Bitterbean.,Amazing work! The way you explored different spots of Lahore with a drone was so cool! <3,2,2025-06-01T20:49:25Z,True
@AqsadJaved-i3d,Almost 50% video covers the Gulberg area... 🙄,0,2025-06-01T13:55:17Z,True
@naeemasghar4047,Can someone show injustice of this country which has become our trademark unfortunately,0,2025-06-01T07:29:24Z,True
@azhariqbal1390,Beautiful video. Drone view gives a totally different look. Excellent work. Keep it up 👍👍,1,2025-06-01T05:27:23Z,True
@urduhiqayaat-2025,ye khuch bhi nahi 1 video night ki bhi banao phir tum logon ko pata lagay lahore lahore ay,0,2025-05-31T11:47:48Z,True
@MuhammadHassan-np9uo,"The video is very good but incomplete without covering old Lahore gems like shalimar garden, badshahi mosque, lahore fort etc😊",20,2025-05-31T07:26:46Z,True
@Imranist2025,If Karachi is the trade hub of Pakistan then Lahore is the intellectual hub of Pakistan,1,2025-05-31T06:44:29Z,True
@aloneasad,"Good job,,, but you forgot historical places of Lahore",0,2025-05-30T21:07:59Z,True
@BahadursherLodhi,Maashaallah.magar ehem chez nahe dekhae data darbar minaret Pakistan shahi masjid waghairah. Q??,0,2025-05-30T15:01:46Z,True
@UmairQureshii,Capture the beauty of Lahore at night time. That is where it really shines ❤,0,2025-05-30T09:09:39Z,True
@ShafiMuhammad960,Lahore me jab koi international Cricket match Hota he to match se phle Lahore ka khobsorati q nhe dikhatay???,0,2025-05-29T20:05:10Z,True
@ArMaaNKasHmiri12,LAHORE SHOULD BE TIGHT HIGH SECURITY LIKE DUBAI 🇦🇪.....FULL SAFESTY.....,1,2025-05-29T13:01:07Z,True
@Dr.Mohsin.Alam.Homoeopathic,"Buht behtreen 
This video deserve million's views",3,2025-05-28T20:39:09Z,True
@AmnaAhtesham-e3l,Proud to be lahoreee pakistaniiii,5,2025-05-28T08:59:16Z,True
@muhdusama007,"Video tu achi h but Lahore ka name liya h tu pora dikhana chahiye tha old city, chuburgi, GCU, PU, Urdu bazaar, shah alam market, data sab, railway station, Lakshmi, blah blah blah.",0,2025-05-28T06:02:03Z,True
@MianHammad-o2e,Fair vi Lahore Lahore ayy 🫦.,0,2025-05-28T02:26:53Z,True
@RubinaIhsan-w6o,MashaAllah wonderful Lahore,0,2025-05-27T05:04:15Z,True
@dadu4500,"🕌 Lahore Like You've NEVER Seen It 🕌

ہائی ہائی افسوس! سندھ میں آج بھی بھٹو زندہ ہے...
وقت بدل گیا ہے، مگر زخم وہی پرانے ہیں۔
اپنا خیال رکھو — لاہور، میری دعائیں تمہارے ساتھ ہیں...
اور کراچی، میرا شہر — تو ہمیشہ آباد رہے، روشن رہے، ترقی کرے،
آمین۔
تمہارا بھائی، کراچی سے۔ 🥲",0,2025-05-27T04:53:15Z,True
@Pkzb1,"Excellent job, These views are amazing, Discovering amazing stuff.
This is an excellent work, Amazing views, showing us beautiful views of Pakistan",3,2025-05-27T01:55:24Z,True
@hijabivibes-e8c,"Bro is posting something new
Allah pak Lahore ko hamesha salmat rakhey aur yahan k logon ko hadiyat dy even purey pakistan k",1,2025-05-27T00:22:14Z,True
@sheikhahmed4139,"My HOME, Sweet HOME, I missed Lahore.",0,2025-05-26T21:31:44Z,True
@MDS6372,No greenery just another concrete city that's why so polluted & Air Quality Index isn't good...,0,2025-05-26T18:47:50Z,True
@JamshedShahzad-w9o,"5% bhi Lahore capture nhi kiya, however good effort,",0,2025-05-26T17:26:30Z,True
@FaiqaNaseer-ko8vc,"Brother has made his good video, but you need to and the shopping mall from the hospital is also a lot of things and Mashallah and so much love is Lahore Lahore I live in Muzaffarnagar, my birth is from Lahore",6,2025-05-26T12:18:52Z,True
@FaiqaNaseer-ko8vc,"You made a very sweet video of you, but you have shown this half floor, but you have not shown this half floor, do not kill your Lord old school, do not have your visit action in the middle and apart from this, in the city, you have not seen much in the city, I have not seen much of my Pakistan shayari, my Pakistan poet",0,2025-05-26T12:16:24Z,True
@colourcloud65,❤ I love lahore ❤ Pakistan 💋 😘 ♥ 🇵🇰,0,2025-05-26T11:01:44Z,True
@hasnain-q2u4s,Ye video purani hy ab tou bohat khoobsurat hy lahore,5,2025-05-26T07:44:46Z,True
@Khalid-i8v4h,"Ya 4 sal purana lahore ha 
Lahore brand❤❤❤❤",0,2025-05-26T07:17:06Z,True
@hussainali7336,I love lahoreee,1,2025-05-25T20:42:33Z,True
@ayeshaasghar3983,i love my Lahore❤❤,0,2025-05-25T13:38:54Z,True
@raheelrehman3033,"Lahore ki sub se khubsurat jaga explore nhe ki Bagh e jinnah and jillani park , zoo , fortress stadium , railway station etc.",0,2025-05-25T05:55:46Z,True
@shoaibrahman1480,MashaAllah beautiful Lahore loves from India,59,2025-05-25T04:56:38Z,True
@nadeemgulzar1714,Lahore best video,0,2025-05-24T11:34:02Z,True
@Crafinza,Lahore di tea fantastic Rafael is plastic,0,2025-05-24T08:43:01Z,True
@waqasliaqat628,Gorgeous and fabtastic quality and view,6,2025-05-23T20:39:42Z,True
@PakistanLover123,Beautiful Lahore ❤,4,2025-05-23T18:06:43Z,True
@mr-rlive7648,Lahore is now consistently ranked No1 the most dustiest and polluted city in the world 😢.Why?Google. YouTube.,0,2025-05-23T13:53:59Z,True
@wiqarali,"video is not good, sorry but Lahore is far more beautiful..",0,2025-05-23T10:33:41Z,True
@WorldTours8K,Lahore Lahore Ah,14,2025-05-22T19:37:30Z,True
@Kaleem128,lahore lahore hiii❤❤❤❤❤,3,2025-05-22T18:16:47Z,True
@iqbalhassan1620,Sirf 10 present Lahore  very bad presentation,1,2025-05-22T14:07:31Z,True
@SaadMughal-l3p,Lahore vibz are unmatched,1,2025-05-22T13:56:19Z,True
@petzboy01,Modern lahore ❤,1,2025-05-22T13:51:09Z,True
@TheCaringPaw,create a video on all universitites of lahore,1,2025-05-22T07:19:44Z,True
@nkhan700,The real old Lahore?,1,2025-05-22T03:29:15Z,True
@GlobalTimeToday,Kassh Lahore me khamby or taaaronn k gunjal khatam hu jaen. Kashhh,6,2025-05-21T18:36:45Z,True
@coolboy3501,No dha and bahria town??,0,2025-05-21T16:31:07Z,True
@AliWafa.12,2 se 3 saal ma mazeed change ho Gai ha .isli Lahore bny gah,8,2025-05-21T15:06:40Z,True
