﻿author,comment,likes,published_at,is_relevant
@muhammedh4440,tusan saray kaly kalotay punjabi 47 which is tarfon dakhel detay nain lahore vehich karahi na kahween adir khota kuta cuha karhian logan nun khela dendain nain,0,2025-11-01T16:47:52Z,True
@HussnainHanan-r8z,Wallcome to Pakistan ap to marai gr k nichai Sy hi Chali gai ❤❤❤,0,2025-10-22T20:58:29Z,True
@cidpusa700,From Delhi-to-Delhi gate Lahore beautiful Punjabi video!,0,2025-09-06T19:48:17Z,True
@shahidhassan2632,hamare ghar ke paas rehne wale masoodi khusre aur afghani khusre moti gaand wale afghani khusre ko meri biwi banana chahtay hen is moti gaand wale afghani khusre kaa naam mehboob hai agar is moti gaand wale afghani khusre ko mene apni biwi bana liya to sub log yehi bolen ge shahid ki biwi kaa naam mehboob hai aur mehboob moti gaand wala afghani khusra hai khuda ki qasam kha kar kehta hoon me in saare masoodi aur afghani khusron ko apni step mothers maanta hoon ye saare pathaani khusre meri step mothers hen aur moti gaand wala afghani khusra bhi meri step mother hai me kabhi bhi is moti gaand wale afghani khusre ko biwi nehi banaoon ga ye saare pathaani khusre meri step mothers hen agar mene apna lund mehboob ki moti gaand ke andar dala to mere lund par mehboob ki tutti lag jaye gi aur mera lund badboo daar ho jaye ga mene apne ghar ke saamne wale ghar me rehne wali masoodi rundy asma ko choda tha jab me masoodi rundy asma ki gaand maarne ke baad  faarigh huwa to mene apna lund asma ki gaand se baahar nikaala to mere lund par asma ki tutti lagi huwi thy aur bohot badboo aa rehi thy mene usi din suchy toba kar li thy aur kaha tha aaj ke baad me kabhi bhi kisi pathaani rundy ko nehi chodoon ga aur kisi bhi pathaani khusre ko nehi chodoon ga isi waja se  in saare pathaani khusron ko me apni  step mothers maanta hoon magar phir bhi ye saare pathaani khusre aur pathaani rundiyan meri dushman bani huwi hen aur har waqt mujhe gaaliyan bakti rehti hen.,0,2025-08-20T02:15:38Z,True
@NazRe-i5k,"Assalamalaikum you are outing in Lahore anarcali bazar is a nic3 job ,for you for further thanks Abdul rauf karachi pakistan",0,2025-08-06T04:17:13Z,True
@srikantproduction2575,She is was controlled by isi 😊,0,2025-05-25T15:29:44Z,True
@mainsab-k2u,lahore is amazing city,0,2025-05-22T09:03:41Z,True
@anupbhowmick2451,Jyoti Malhotra 's travel bligging of Pakistan is detailed 👌,0,2025-05-21T16:58:23Z,True
@sujataswain7812,Starting se America se help le raha hai. That's why price of every item is like America market price.,0,2025-05-21T14:24:25Z,True
@rvchannel5625,Badhao badhao aur badhao iske views..sarkar so rahi hai kya,0,2025-05-21T05:13:08Z,True
@anu12618,Ek missile se isko bhi lahore bhejdo nikambi jasoos,0,2025-05-20T10:22:19Z,True
@padminiv3266,Its a beautiful city no doubt. But everything in pakistan serms to be highly expensive,0,2025-05-19T12:23:36Z,True
@Balochonmove,*I am Pakistani but unfortunately I haven't been to Lahore though I have been to many cities.*,0,2025-05-19T10:47:23Z,True
@tushar7031,Best isi agent 😂😂 isi payroll work she loyal pakistan country,0,2025-05-18T04:12:17Z,True
@subhanrajput6971,matlab india se sasta hai diesel pakistan me ... agar hisab lagaye to ...,0,2025-04-08T06:19:28Z,True
@gulfamever1183,Lov FM lahore,0,2025-04-03T03:12:34Z,True
@naseemahmed3872,"Aap ka blog bahot accha hota hai 
Love you",0,2025-04-02T17:52:04Z,True
@NazRe-i5k,"Assalamalaikum welcome you have visa,only for Lahore or,other city i,e  karachi and Hyderabad and other thanks Abdul rauf karachi pakistan",0,2025-03-25T06:12:50Z,True
@praju-y5e,Lahore is literally so so so beautiful wanna visit once ❤❤,0,2025-03-23T06:00:26Z,True
@khalidmughal489,Beautifully narrated and presented by a decent lady,0,2025-03-21T13:52:32Z,True
@hillfort100,Kya dilli kya lahore,0,2025-03-18T10:40:23Z,True
@krishanvirsharma1393,You are lucky to visit our seprated mother land .love u pakistan and people of pakistan,0,2025-03-13T09:36:13Z,True
@BabarKhan-rc4mt,Yeh jaahil sari Zindagi Pakistan aur india k rates ka compare hee karti rahay gi😂😂😂,0,2025-03-11T21:45:53Z,True
@aditya__verma_045,"Lots of love from 🇮🇳India to you and  people in Lahore. I cannot go to Pakistan but through your videos I am able to see some of the cities of Pakistan. One of them is Lahore. Actually Lahore itself is one of the ancient and historical cities. Being an Indian, I would like to share a sentence with you, Lahore is another famous city of Pakistan. It is culturally considered the heart of Pakistan. It is famous for its historical heritages, such as Badshahi Mosque and Lahore Fort. According to Hindu beliefs, the ancient name of Lahore was Lavpuri, which was settled by Lav, son of Lord Ram.
 I eagerly wait for your every upcoming video. Thank you🙏🇮🇳❤️🇵🇰🫶",4,2025-03-11T17:40:28Z,True
@AbSami7,Ap Roshan gali market jati lahore me,0,2025-03-10T13:05:48Z,True
@suchbolo5742,Very nice video. Lahore Fort 👍❤️🙂,0,2025-03-10T01:41:36Z,True
@Raj-mw9gb,My father was born in Lahore before partition. And lived in Bhati Gate area named after Rai Bahadur Mela Kucha Ram where my Great Grand Father had built haveli just before partition took place. It is sad that my father couldn’t go back to Lahore to see his birth place and passed away with this desire in his heart. Partition was one of the most cruel thing which ever happened in human history.,0,2025-03-04T04:01:22Z,True
@C2Singhaniya,Joyti g aapko bahut bahut dhanyabad jo aapne hame ghar baithe Lahore ghumai 😊😊😊😊❤❤❤🎉🎉🎉,0,2025-03-02T21:55:07Z,True
@najafjaffry96,28:47 Usman dj baithak tiktok mein dhaikha hai,0,2025-02-11T17:05:01Z,True
@tanveerbhatti8906,Welcome to my sweet Pakistan in logon Ne aapko Sahi jagah par Nahin gumaya aur na hi Sahi khana khalaya next toor welcome to Rawalpindi❤🇵🇰💐💯✔️✔️✔️🇵🇰👌,0,2025-02-08T19:40:47Z,True
@aslammaroof8719,Hmara Pyara Lahore🥰♥️💝🇵🇸🇵🇰,1,2025-02-02T21:47:56Z,True
@RiddhiSolanki-qg6br,Ap to Jyoti ji bahot hi Pakistan ghumte ho . Kabhi hame bhi Apne sath ghumao .,0,2025-01-11T10:28:55Z,True
@faisirao,"Uet❤ 
I'm alumini of uet Lahore",0,2024-12-30T16:24:08Z,True
@ericshah-xt9xe,"Rate divided by 3 kare
1 InR= 3 PKR
300 pkr petrol price = 100 INR",0,2024-12-23T01:45:30Z,True
@rajmoridhra3711,2397.56 ruppe in indian price . ❤,0,2024-12-09T17:22:32Z,True
@LifewithMe666,I am from Zinda Dilaan e Lahore❤,0,2024-12-06T16:43:04Z,True
@hammadgujjar9607,Yeh dkhne bad bhi Jab log Pakistan ko terrorist bolte han to Dil SE dukh hota hai 😢,0,2024-12-01T06:26:19Z,True
@MuhammadAyaz-l4s,Kab ai the AP lahore,0,2024-11-27T09:31:17Z,True
@SherdilsWorldOfficial,Lahore based wontons Zaria jehanzeb Craft 3d,0,2024-11-16T18:02:09Z,True
@SherdilsWorldOfficial,Lahore states jehanzeb Craft Zaria jehanzeb Craft,0,2024-11-16T18:01:27Z,True
@SherdilsWorldOfficial,Zaria jehanzeb Craft 3d - PUNJAB COLLEGE TRUCK IN LAHORE,0,2024-11-16T18:01:05Z,True
@SherdilsWorldOfficial,"PSO Petrol pump in Zaria jehanzeb Craft 3d - Lahore, Pakistan",0,2024-11-16T18:00:17Z,True
@SherdilsWorldOfficial,Lahore horse cart - New Delhi to Lahore Pakistan Motorway Pakistan 🇵🇰,0,2024-11-16T17:59:14Z,True
@SherdilsWorldOfficial,Zaria jehanzeb Craft 3d - Minecart driving to Lahore Pakistan from New Delhi India - Pakistan 🇵🇰,0,2024-11-16T17:57:14Z,True
@azizyagraphics1468,Your Bill in Indian Currency 2383.33 😃🤣,0,2024-11-08T14:36:55Z,True
@arabtec57413,Next jab app Lahore aay to zaroor humay batay 🎉❤,0,2024-11-06T20:40:16Z,True
@RajaAdnanNaseem,Lahore Lahore hay,0,2024-11-03T11:05:43Z,True
@shakeelsalmani836,love to see lahore bahut badiya vlog laga mujhe aapka love from hathras uttar pradesh india❤,0,2024-10-28T15:24:30Z,True
@shridhargokhale9673,Nice video of Lahore  city .Feels you are in old Delhi when you walks in Lahore.,2,2024-10-24T22:43:23Z,True
@dilipkumarrao1421,"Love you Lahore from india
Indo pak friendship long live ❤❤❤❤",2,2024-10-24T05:37:11Z,True
@safarwithabubakar,Yar jo mohabbat lahore k logo mai hai kamal ki mohabbat hai pure india Pakistan me shyd he is shahar jesi mohabbat kisi shahar mai ho,0,2024-10-08T08:11:30Z,True
@taimoorbaig1724,when i see Bollywood movies they portray Lahore totally different..people with skull cap and speaking Urdu in Luckhnow accent while you see street language of Lahore is Punjabi.,1,2024-10-07T18:53:43Z,True
@MdirfanAlam-rz9ud,"News aur reality me bohot difference hai 
❤❤❤",23,2024-09-30T18:33:00Z,True
@ABWorld-44,5:55 my University. university of Engineering and Technology Lahore ❤,0,2024-09-30T05:10:23Z,True
@ajazhassan16,Beautiful Bahot Pyara Masha ALLAH,0,2024-09-29T07:22:45Z,True
@HardattRawal,I was hearing Radio Pakistan in 1965 and 72 war . I can understand urdu very well . But urdu speaking people not in Lahore .,0,2024-09-28T17:57:41Z,True
@zzaki327,Lahore is a very large city . It takes some days to visit it thouroughly  and to feel the different vibes its each part is carrying .,0,2024-09-26T16:56:42Z,True
@shinetop5772,2200 Indian rupee nearly hua hai bill..kuch jayada nahi hai..india mai bhi itna li lagta hai ish type le restaurant mai..thoda inflation Pak mai chal raha hai warna 5 saal pehle wale rate mai toh same hi tha.. beautiful Lahore..like to india...delhi,0,2024-09-26T03:34:42Z,True
@shinetop5772,Beautiful pakistan..from india like u..yeh toh india se bhi bahut saaf and beautiful lag raha hai..Lahore looking like Punjab..tum Pak wale apne desh ko pyaar and like nahi karte ho..tum log dharam aur terrorist ke liye pagal rahte ho.. country first ..dharam baad...sabse bada dharam manavta huminity hai...,0,2024-09-26T03:31:16Z,True
@travelingcrazyvlogs,Lahore is similar like a Chandni Chowk,0,2024-09-22T10:07:18Z,True
@jayakumarkannan7137,Welcome to Lahore city at Pakistan and the people are very kind with our lndian girl visiting to Pakistan and responding our lndia's tourist GIRL in Pakistan is very happy and appreciated them by our lndian GIRL. Really l salute to the Pakistan people very kind and responding our lndia's tourist GIRL during this visit . Mashallah bless all of our people to be HAPPY and sharing their love status with each other happily at all times mera bety. ❤❤❤❤❤🎉🕌🕌🕋🕋🙏🏻🙏🏻🇵🇰🇵🇰🇮🇳🇮🇳🙏🏻🙏🏻🍅😂🍅🍅🍉🍊🍊🍓🍓🍓🍎🍎🍎🍎🍊🍓🌈🌈🌈🌈🌈🕊🕊🕊🕊🕊🦅🕊🕊🦅🦅🦅☀️🌙☀️🌙⭐🌙🍅🍅🍅🍅🍉🍉🍉🍉🍊🍊🍊🎉🎉🎉🎉🎉🍓🍓,0,2024-09-22T09:20:46Z,True
@Skkksksjsjsjskkeje,Hm ladke hokar pakistan jane ki daring nahi kr skte. He to ladki sidha pakistan me gayi😂😂😂😂,1,2024-09-20T19:11:42Z,True
@AneeqSarfraz-o5j,"Virat Kohli😍lots of love from Lahore,Pakistan ❤",0,2024-09-14T23:47:44Z,True
@Actor.Hanzala.Shahid,Big Respect for all those who visited in Pakistan. ❤❤❤,5,2024-09-14T11:00:31Z,True
@JunArmy,2nd musalman Punjabi hote h 🤢🤢🤢🤢🤢🤢🤢🤢🤢,0,2024-09-03T15:21:43Z,True
@The.Varun.Stories,"Aap Lahore jaye, sardar bhagat  singh ji ko naman na kiya to kya kiya.... National college na ghuma to kya ghuma",4,2024-08-30T16:34:07Z,True
@zeeshanhaidervlogs14,I M from Lahore Pakistan 🇵🇰 welcome to Lahore Punjab,0,2024-08-30T12:57:51Z,True
@sandeeppathak52,"Kya india aur pakistan ke logon ki phone calls 🤙 par baat hoti hai,?",0,2024-08-29T17:30:32Z,True
@pratibhapanghal,"Your commentary is very juvinile, a lot of repetition, moronish jokes, a lot many pronunciation mistakes specially that joke about Nikah was in a bad taste.",0,2024-08-29T09:30:18Z,True
@baqarhussain5050,17:56 Madam ye androon Lahore hai Jo mashoor 12 darwazo mn hai......Special Lahore,0,2024-08-23T14:46:41Z,True
@baqarhussain5050,Race course park shamko ly k jaty yaar inko,2,2024-08-23T14:41:59Z,True
@Sameer_1230,India ke pese 3732 hote hai,0,2024-08-23T13:28:45Z,True
@ChinthamanAbdulVasifxWF,breakfast @ (7865/-) india rup 2378/-,0,2024-08-18T11:43:20Z,True
@shafiqanwer7180,Petroleum products are very expensive in Pakistan,0,2024-08-14T18:03:16Z,True
@shafiqanwer7180,Petroleum products are very expensive in Pakistan,0,2024-08-14T18:03:16Z,True
@shafiqanwer7180,Petroleum products are very expensive in Pakistan,0,2024-08-14T18:01:36Z,True
@PrithaviSinghNegi,Pak is the big tati,0,2024-08-11T16:20:05Z,True
@eagleeye111pindi7,Kash hum aik hotay,0,2024-08-10T06:41:40Z,True
@Kshatriya-z7j,Kaash Lahore bharat ka hota 🥲,0,2024-08-09T04:35:20Z,True
@sidrashah6593,Lahore Lahore hai jii🎉🎉🎉❤❤❤❤❤,0,2024-08-08T10:01:03Z,True
@salmajaved-xr8el,M from lucknow Lahore look my city lucknow lot f love from 🇮🇳,1,2024-08-06T06:18:22Z,True
@sarwarahmadzai5280,"‏ਸੋਹਣੀ ਮਲਹੋਤਰਾ ਕੁੜੀ, ਅਫਗਾਨਿਸਤਾਨ ਤੋਂ ਬਹੁਤ ਪਿਆਰ ਅਤੇ ਸਤਿਕਾਰ #JayHind , #JayBaharat , More Love and Big Respect from Afghanistan 🇦🇫💞🇮🇳🌷🤗",2,2024-08-03T17:26:53Z,True
@shaziajamil5968,Jo delhi gate will take you straight towards food street and kindly visit haveli restaurant from where you can see badshahe masjid easily,0,2024-08-03T02:33:19Z,True
@dilipgupta7911,Koi baat nahin hai lahaur bhi Ham le lenge Yogi ko banne do Pradhanmantri,1,2024-08-01T10:12:33Z,True
@infinitefaithart777,"Such a nice place Lahore 🤩 Wah and people are warm and friendly ❤😊 My ancestors were from Sargodha Pakistan, but partition brought them to Punjab and Delhi India. my Dadi always wanted to see these areas again, but she passed on, if she was alive, she would have loved to see this vlog. 
Thank you Jo for your vlogs 😊",13,2024-07-30T12:12:37Z,True
@kalyanaramanselvaraj1899,"Lahore, nice to see your blog. Thanks Jothi.",1,2024-07-29T07:39:05Z,True
@mohsinafzaal7159,Excellent video! I have been to Lahore a few times but never seen Lahore the way you have shown! Loved it ❤️,0,2024-07-28T18:38:38Z,True
@deepakpanthwal3986,mujhe lahore aana hai but visa nhi milra help me,0,2024-07-28T08:09:31Z,True
@FaaALyyy,"Sirf Kurta Oar ShaLwaar Nae Baajee
Mauqaey Ke Munasibutt Sy Sub Payhuntaey Hein.! 😮😂😮
TypicaL INDIAN FiLms CuLture Kurta Tey ShaLwaar  LOL.! 😂😅😂

Ap Ke Tarha Shaadde K Kaapraey Nae Payhuntaey Market Visit Mein.! 😁😬😁",1,2024-07-26T20:53:37Z,True
@FaaALyyy,ApriL Ke Lahore Ke Gaarumme Oar Os Mein Rayshumme Sitaroyon VaaLa Kaamdaar Shaddeyon VaaLa Suit Uffffffffff.! 😂😅😂😜😝😛,2,2024-07-26T20:37:28Z,True
@sameerkhan-tn6hk,So I m so glad to know that ur family background is from my mothercity.may Allah pak always stays bless u Aameen,0,2024-07-25T14:08:16Z,True
@sameerkhan-tn6hk,Hi jo I saw ur video to Lahore visit & feel so happy that ur grandfather & grandmother from multan & Bahawalpur bcz I m originally from Bahawalpur & know settled in South Africa from last 12 years.,0,2024-07-25T14:05:59Z,True
@spreadpeace23,"I am so much connected to lahor and karachi, because in division some of my family left there… We always wanted to visit but never got the visa…",0,2024-07-20T21:41:44Z,True
@SkillMaxTrainingSolutions-STS,Hafiz Juice cornor.  My first date with girlfriend in 2005. Rememberable. 🎉 . By the way. It's always love to see people's from India in lahore. Love and respect.  I wish if I could visit India. It's 10KM from my home but cannot go across border.,3,2024-07-17T10:25:13Z,True
@NarasingaraoMantri,Very fine historical city Lahore,1,2024-07-16T15:03:12Z,True
@arifnoor100,Aslamolaikum im from Lahore...u didnt visit Modern Lahore,0,2024-07-14T20:08:16Z,True
@manishjindal1318,M march m katas raj gya tha pr hume lahore jyada nh gumne diya....,1,2024-07-11T17:45:16Z,True
@AllahRakha-xg2mx,well come to lahore pakistan very nice video mame aap bohat khobsorat hai aap hamesa isi tra happy rahe.ahmad ali lahore.,0,2024-07-10T23:26:31Z,True
@MohammadUsman-u9y,restrnd bill indian rs m convert karo to 14000 se thora oper jata hai ..,0,2024-07-06T07:36:26Z,True
@ShivakantYadav-dt4je,Lahore market kind of looks like nabekareem area and sadar bazar area of Delhi😅❤,0,2024-07-04T11:51:40Z,True
@amitkumarsahay9288,Lahore k 90% mosque  hindu temple ko demolished  karke banaya gaya hai.,2,2024-07-03T13:13:32Z,True
@amitkumarsahay9288,Thank you  sister  for this video  .aapne history ko live  kar diya .dukh bhi hota hai  Sikh guruo ko kitni  berahmi se katal kiya gaya   kitne logo ko  katal huya  kitne itihas mita diye gaye . City me  lady najar hi nahi aa rahi jo najar aa rahi o  prisoners  ki tarah  dikh rahi,0,2024-07-03T13:07:27Z,True
@zubairyaqub7424,Mujhay.  Nahi. Lagta. Aap. Log. Khalistan. K. Hami. Ho.     Warna. Ab. Tak. Khalistan.  Bun. Chuka. Hota.,0,2024-07-02T06:18:41Z,True
@tariqmahmood6497,"Pakistan famous for fabric, street food from peshawar to karachi👌, excellent hospitality and ancient history, all are welcome ❤",1,2024-06-30T23:08:43Z,True
@Reportstodaymedia,India aur Pakistan ka conversion rate dekho us hisab se disel 88 me h,0,2024-06-29T12:15:27Z,True
@YaseenButt-q4h,Ak  kanjar non khota famle ka poster be road pr laga hua tha. Aap ny  dekha ?.,0,2024-06-14T21:29:59Z,True
@AmeenKhan-rz7ot,"Dear jo, your poetry at dehli darwaza is very amazing",0,2024-06-10T23:49:36Z,True
@AmeenKhan-rz7ot,I am from lahore pakistan .thanks to you for exploring lahore and its culture.your voice and observation is admireable.,1,2024-06-10T23:46:23Z,True
@MuhammadFarooq-co3ds,One of the drivers right in the garden who told u that he is from bahawalnagar.....when u asked that whether the bahawalnagar and bahawalpur are different and he told u yes.......i m from bahawalnagar and it's coincidence that my forefathers migrated from hisar haryana.......now I'm emotional while remembering hisar and now i m in bahawalnagar a border district shres its border with Ganga Nagar on Indian side........❤❤❤❤,2,2024-06-09T13:55:32Z,True
@vaibhavkawade6778,"Lahore and Amritsar or old Delhi all these places are quite similar.language, culture, aspirations all are same.",4,2024-06-08T18:44:06Z,True
@naeemtaiba1800,Delhi Mumbai Kolkata mein bhi chhoti chhoti gali hai,0,2024-06-08T09:18:34Z,True
@AbidAli-fh3dy,"Mujhe b lahore jaana hai, kaise jaayein?",0,2024-06-05T17:32:24Z,True
@shashijain3048,"Pakistani drama Mai hotels restaurants Mai Aksar sandwich sarve karte dekha hai, lagata hai Pakistan Mai sandvich bahut pasand kiye jate hai",0,2024-06-05T15:32:35Z,True
@Anjali-lh5bz,ek bat hai yaha ke log bhut ache hota hai,1,2024-06-05T03:05:05Z,True
@dineshshakya7023,Dhan Dhan Guru Ramdas ji 🙏❤️🙏,0,2024-06-05T00:14:44Z,True
@ravijoshi5878,Madam Ji hamare India jaisa khana kahin bhi nahin milega aapko,0,2024-06-01T00:52:09Z,True
@amitmishra5947,"Lahore is so stunning,i didn't expect it",1,2024-05-31T18:18:49Z,True
@AmeenKhan-rz7ot,"I am from lahore pakistan,but your punjabi language is pure and better than us .",1,2024-05-31T06:11:30Z,True
@AmeenKhan-rz7ot,"I am from lahore pakistan,but your punjabi language is pure and better than us",0,2024-05-31T06:11:17Z,True
@IZZU_GAMING,"Buhut saary modi bhagto ko ye preeshani hoo rahi hai k Pakistan govt sikh community ko itna vip protocol kio dy rahi hai ?

Un modi k andhy bhagto k liye arz hai k brai meherbani kirpa kroo or itni negative comments na karoo Pakistan or sikho k khilaf. Ye hamary lahore ki history hai k yaha khalsa raaj bhi raha hai. Isi liye khalsa people ko unki history sy introduce krwaya jaa raha hai. Or is trah hamary mulk me tourism bhi permote hoo raha hai.",0,2024-05-30T02:42:35Z,True
@SonofPakistan786,I am from lahore and Taxila,0,2024-05-28T23:05:11Z,True
@ozahmed4523,Amazing Sikh history in Lahore.,0,2024-05-26T19:55:14Z,True
@madangopal8544,Bill kesne pay kiya,0,2024-05-26T08:17:03Z,True
@fuzon_c,"Breakfast cost in INR 2,350",0,2024-05-22T18:30:28Z,True
@AmeenKhan-rz7ot,1 am from lahore pakistan . Joti is nightingale of india.,0,2024-05-21T10:19:39Z,True
@mdfirozalam9927,Wow amazed ❤ from Jalandhar 🇮🇳,6,2024-05-20T16:46:17Z,True
@dashrathsinghyadav4059,"Bahot acha video banaye hai,lahore ko dikhane ke liye shukriya",11,2024-05-18T15:14:56Z,True
@shubham943,How did u get the permission to visit Lahore city? Aaye toh panja sahib k liye the na bahar ghumna allowed hai? 😮,0,2024-05-16T07:07:09Z,True
@AjaySingh-el9di,Pakistan ko chhote Bhai ki tarah aa kar India me meel jana chahiye our ek mahan desh BHARAT banana chahiye.,1,2024-05-14T18:46:29Z,True
@mtsardar,"All my Sikh friends who visited Lahore from UK 🇬🇧 , Canada 🇨🇦 and USA 🇺🇸 fell in love with Lahore . They were shocked to see entire Sikh history in pakistan 🇵🇰 . All Indians  should be allowed to visit pakistan without visa or any kind of restrictions",71,2024-05-14T02:26:07Z,True
@himanshuraj9640,Bahen video bnana band kr de to jada sahi hai sachchai btane mai Dar lg rha,0,2024-05-12T17:37:39Z,True
@anjuchaudhary3286,But Lahore is so beautiful❤❤,0,2024-05-11T19:14:07Z,True
@anjuchaudhary3286,"Kash batwaara na hota     hum bee Lahore jate, Pak mein cheejen costly hai",0,2024-05-11T19:13:17Z,True
@nishaanjum4901,Lahore Lahore ayee....,0,2024-05-11T10:52:09Z,True
@Zafarkhan-o9w,"Mashallah, tell me then how did you like our coming to Lahore, friend, you have become very beautiful. Mashallah, what is amazing, are you as beautiful in your Punjab as you are here, you have come to Punjab, look friend, there was only one Punjab, it has become two.",1,2024-05-11T09:15:39Z,True
@sanobarqureshi8,Indian price is 2367,0,2024-05-10T11:09:57Z,True
@AtiqQadri,"Petrol price:
Pakistani Rs. 295 = Indian Rs. 88.38
Price comparison date: 9, May, 2024",0,2024-05-09T12:24:17Z,True
@subhendudey6625,"Lovely video! ❤ Lahore people are so nice and friendly and the hustling bustling of the city is awesome. It's like visiting any other old city of India. There's no difference because we were one earlier, political motive separated us.",1,2024-05-09T11:45:47Z,True
@AzharOfficialRyk,I am so happy welcome to my country Pakistan and Lahore City so beautiful 💗 people of Pakistan nice people 🥰🇵🇰,0,2024-05-09T07:11:06Z,True
@saapitkaaliya6768,Hindu kafirs ke temple's chhode h lahore m ya nahi arabi gulamo ne ..,1,2024-05-08T09:56:47Z,True
@Asadabc214,"Lahore is divided in two parts
1) Androon lahore/Walled city of Lahore, Rich with history, many historical buildings here
2) New Lahore, modern structure, modern buildings, completely different from androon lahore",123,2024-05-07T18:06:48Z,True
@balochwires5194,"34:32 India ka Exchange rate check kro Pkr me to pata chal jaye ga Sasta Pare ga 😂😂Pakistan 😂Lol
Pkr 295 Oil  = 88.50 inr",1,2024-05-07T13:05:19Z,True
@imprdp,"but tum log India aana Delhi, 9:04 ye park to kuch nhi hai... Lodhi Garden is the best, in Delhi",0,2024-05-07T09:16:32Z,True
@NikZ500,Lahore bnega Khalistan  ... Insallah ❤❤❤❤😅😅,0,2024-05-07T08:17:18Z,True
@farrirandhawa6304,Lahore Lahore aye❤,0,2024-05-07T05:43:34Z,True
@mohsinsheikh7773,We welcome our honorable Punjabi brothers and sisters to Lahore.,0,2024-05-07T05:39:49Z,True
@Bharatthatisindia24,Lahore bagwan ram ke putra lav ke naam se hai hist pado,1,2024-05-06T10:18:22Z,True
@kashifurfan9097,"if you work out the 1 pak rs is equal to 3 ind rs, it means pak petrol is cheaper than India",0,2024-05-06T08:11:45Z,True
@harpreet11560,Lahore❤ Capital of Sikh Khalsa Raj💪🏻 Maharaja Ranjit Singh❣️,2,2024-05-06T05:13:00Z,True
@avinashsinghyadav2405,*Chamche petrol aur diesal lene k liye pakistan me line laga lo bahut sasta bech raha hai* 😂😂,2,2024-05-06T04:16:49Z,True
@XXXBIG11,"Very nice to see Lahore , hope countries have better ties , so that we can visit each other",1,2024-05-06T03:46:53Z,True
@misterra106,"SathShri Akaal jo.....As Salaam Alaikum.    Aap ke videos bohut ❤acche hote hai, very informative....... Me from Bangalore.   Meri ek wish hai....kya aap ""Anarkali ki mazaar"" dikha sakti ho??",1,2024-05-05T10:11:35Z,True
@mustafabaig6791,Chai khana is over expansive,0,2024-05-04T20:43:56Z,True
@Krishnaraibagpacker,city is good people looked friendly ............in Lahore,9,2024-05-04T20:20:17Z,True
@abhiiiiii09,"India se jaada nhi Kam rate h,India mein mehnga h petrol",1,2024-05-04T20:05:21Z,True
@BikashBarua-pe9xt,Thanks.you must go ahead   to next explore in tantalising view's on others  countries.,0,2024-05-04T18:54:04Z,True
@VirtueReason-mq1ut,dekho humara jawan goli kharahaya aur is larkiko uhape has has ka video karraha hya views ka liya isliya india ko no 1 phe jana me bhut dikhata hoka,0,2024-05-04T18:29:51Z,True
@amarendrabhowmick8896,Achchha laaga lahore.,0,2024-05-04T15:56:07Z,True
@WasimKhan-ob1rc,Pakistan main 87.47 patrol price hain Indian rupee.,0,2024-05-04T12:00:31Z,True
@atulkumar-pr4yo,Lahore was part of india. Its infrastructure was built by Hindus only.,1,2024-05-04T02:49:04Z,True
@mohammedbawa4892,"Beautiful Lahore. Compare that to Amritsar which is filthy, dirty and full of pot holed roads. Amritsar is congested which is the reflection of mentality of people there.",2,2024-05-04T00:04:29Z,True
@amjadladiestailor789,"Thanks jo ji madam 
I live in near engineering university 
You showing very positive view of Lahore 
Thanks a lot 👍❤❤",4,2024-05-03T23:40:02Z,True
@shahbazsaroa2709,Excellent vlog thanks for your efforts and comprehensive analysis of current status of Lahore Pakistan,1,2024-05-03T22:31:46Z,True
@ShivshakarNagori,People are nice of Lahore ❤❤❤❤❤❤,2,2024-05-03T17:59:48Z,True
@AbdulRehman-jo7yp,"21:30, Lahore ki galion walinikkah ki baat Manto sahab ny khai ha to credit dena bhi lazmi ha ga Madam.",0,2024-05-03T15:08:39Z,True
@aeyzadfaheem6348,"Plz come again to Lahore, I will host U",0,2024-05-03T12:32:53Z,True
@TheMohammadDanish,"Lahore is beautiful. 
Apart from visa for religious purpose, more visa's should be allowed for people who just wants to visit and explore these beautiful and historical cities like Lahore and Peshawar. 
Indians visiting Pakistan will open whole new economic opportunities for both countries.",54,2024-05-03T11:33:16Z,True
@parthapratimganguly2400,Lahore dekh k mera purana kolkata ki yad ate hai.,4,2024-05-03T04:35:15Z,True
@mansoorurrehman6992,Jo u should have experienced desi street breakfast,0,2024-05-03T03:01:33Z,True
@Nzjzjznx.67,Patrol or disel rate India se kam hai Lekin currency ka fark hai bus 😂,0,2024-05-03T01:41:36Z,True
@bilaljaved431,Welcome to Lahore❤,0,2024-05-03T00:01:11Z,True
@azeem827,Lahore jesa is jahan mai kuch or nahi hai,0,2024-05-02T23:03:22Z,True
@aloksinha7978,Tea-toast-sandwich approx PKR 8000 for 4-5 people!! Too costly and not even decent seating😂,0,2024-05-02T22:37:53Z,True
@atifijaz6397,Wellcome to lahore  ♥️,0,2024-05-02T22:36:55Z,True
@shahidgee107,Im shahid hameed lahore ❤❤❤,1,2024-05-02T22:26:33Z,True
@shahidgee107,I am also from Lahore city Pakistan,3,2024-05-02T22:25:52Z,True
@shahidgee107,And in our Lahore city ❤❤❤,3,2024-05-02T22:24:54Z,True
@tusharprajapati7819,"Mere ko ek bat samaj nahi aa rahi hai ki sikho kahna hai ki unka religion muslim dharm jaisa hai par unke guruo ke name hindu jaise kyun hai like guru teg bahadur singh, guru ramdas, guru Arjun dev.",1,2024-05-02T21:55:33Z,True
@Sheheryar.officials,Lahore lahore ha😊❤ from UAE 🇦🇪,10,2024-05-02T20:15:20Z,True
@Irfanbhatti685,Madem g mein v Lahore to wah tusi sadey sheir Lahore aye ho te bohat changa lagya v Tusi Khush raho,0,2024-05-02T19:52:18Z,True
@MuhammadYaseen-vx5hw,bohat mazay daar video hay....,0,2024-05-02T19:36:23Z,True
@tahreemazhar6819,M Lahore m rhti hun or mne abhi tk androon Lahore nh dekha ap k vlogs m dekh liye😂,1,2024-05-02T19:24:37Z,True
@gurpreetsingh7537,Oyeeeee hoyeeee hoyeeee........aj te aa video dekh ke dil sakoon aa gia je....Lahore Punjab Pakistan da he nhi India Punjab da ve dil aa......sachi rooh khush hoo gia aj Lahore dekh ke te........madam ji thada bhout bhout dhanvad aaa....waheguru mehar karn,59,2024-05-02T19:20:45Z,True
@yoontaestic13,"I'm pakistani and lahori also.now living in Us.ap k sath apna lahore daikha boht nostalgic feeling ai.apna city,apni galyan,bazar,ghar,ghrondy.phir se jee uthy perdesi. Thanks",4,2024-05-02T19:04:39Z,True
@varshachavan7991,Nice lahore but..muze thoda mahangai lagi,0,2024-05-02T18:53:19Z,True
@samehere5512,Joti g Lahore kasa laga,0,2024-05-02T18:17:33Z,True
@instynol9422,Before partition Lahore city was a Hindu populated area ... Lahore was a legel part of India 🙏🙏🙏🙏🚩🇮🇳,0,2024-05-02T18:14:30Z,True
@bluehorizonx,phir apne androon lahore me kitnay nikah kiye hyn😂😂😂😂,0,2024-05-02T18:13:57Z,True
@ChachaPutinAya,Ap lahore mein Jede ki lassi jarur try karna,0,2024-05-02T16:38:09Z,True
@deepchand6652,Pakistan me to oil sasta hai,0,2024-05-02T15:53:01Z,True
@abhisheksoni9922,"Lagdi Lahore di song perfect suit karta hai to all Lahori cute girls ....
Lots of love from Lucknow to All Lahori 's",96,2024-05-02T15:51:33Z,True
@qasimmalik8724,"hey Jo, i am from lahore and i like your video. i wish to see indian hill station shimla. may be one day if i happen to visit shimla, could i be your guest. ? 😊",0,2024-05-02T15:29:17Z,True
@mihaque971,Did you travel by Lahore Orange Line Metro?,0,2024-05-02T15:20:51Z,True
@i.k.healthyfoodrecipes2409,Mam app foodie ho or bahut accha video ❤,0,2024-05-02T14:52:51Z,True
@abidsultan2764,"U missed motorway travel from Hasan Abdal to Lahore.
I wish u could visit Rawalpindi Islamabad.",0,2024-05-02T14:40:46Z,True
@mayanksharma3278,Approx 8K there.. Atleast 2 times costly there even after adjusting for conversion rate 😮,0,2024-05-02T14:35:11Z,True
@hammadkhan7702,Apko Short Men Lahore Kesa Laga 🇵🇰🇵🇰🇵🇰🇵🇰,1,2024-05-02T14:34:42Z,True
@drbeeluu,"Also visit Multan if possible it has oldest indo pak heritage of thousands of  temples , shrines and fort. Holi originally originated from Multan Parladhpuri temple.",2,2024-05-02T14:00:43Z,True
@Smartytiger,"Jinne lahore nahi dekhiya,vo kuch nahi dekhiya",0,2024-05-02T13:53:02Z,True
@danish105,I am from Karachi Pakistan ajj pata Chala Lahore itna pyara ho Gya ha aik indean girl nay dikhaya Lahore kia bat ha,40,2024-05-02T13:14:45Z,True
@RanaUsman-iy1vt,Medem  g  wel  come  g  Ayn   nyun   butiful  city  lahore,0,2024-05-02T12:42:41Z,True
@MaheshKumarBHUSAVAL,"Mam kitane pyaare log hai Lahore ke kitna bhaichara hai apas me 
Dono desh ek ho jaye kitna acha hoga mam",23,2024-05-02T12:39:01Z,True
@sandeepsinghbatth805,"Thanks Jo,Lahore dikhon lai",0,2024-05-02T12:26:44Z,True
@sandeepsinghbatth805,"Very very Beautiful Lahore, pakistan",1,2024-05-02T12:26:11Z,True
@waseemhaydar,"Masha Allah 
Zabrdast video 📸 
I'm from Lahore Pakistan 
I miss my city Lahore 
Thanks for your beautiful sharing 
Greeting from Italia",7,2024-05-02T12:01:19Z,True
@Asifworld561,Jiyotoi pain m v bahawalpur to e aan and I'm a big fan of U. MashAllah bht achi videos hundiya twadiya,0,2024-05-02T11:15:35Z,True
@Singhsaab-x4k,Heera mandi kyun nahi dikhaya. Lahore main heera mandi bahut famous jagah hai,0,2024-05-02T11:09:57Z,True
@Faisalrana-i8u,Welcome my city Lahore,0,2024-05-02T10:58:38Z,True
@sagheerabro254,"Ever come to Multan with perfume.  Multani Sohan Halwa, Multani Khasa, Dahi Big, Lots of historical places.  Delhi Gate, Bohar Gate, Haram Gate, Pak Gate, Daulat Gate, Lohari Gate are high walls connecting them like a circle. History of Multan is not available.  Son of Saghir Rao Bahadurgarh and Fermane",2,2024-05-02T10:45:06Z,True
@muazriaz4616,i love lahore ❤❤❤❤❤,0,2024-05-02T10:39:35Z,True
@raahullsngh3631,Petrol Diesel Waha Sasta hai India ke comparison me (same Currency me 😮,5,2024-05-02T10:28:23Z,True
@umairyagami9555,Joti darling ap say love ho Gaya yaqeen karay jis Tarah ap Lahore ko explore kar rahe hay,1,2024-05-02T10:01:10Z,True
@Hiplon99,Pakistani kudi bahut khubsurat hoti hai na 😂😂😂😂,0,2024-05-02T09:55:38Z,True
@shujaatqadee,Ye purana lahore hai next vlog new lahore per banna chahiye.,0,2024-05-02T09:52:19Z,True
@shujaatqadee,Ap to india se hen phr bhi ap ko mehanga lug raha hai khana.yaha k log to khoshi khoshi khaty hen .rush dakh kar pata chal gaya hoga.,2,2024-05-02T09:40:48Z,True
@shujaatqadee,Sikh log to bady dil waly hoty hen ye ye hindu bhaiyon kobhi kuch sikha den jab bhi bolty hen karwa hi bolty hen.,1,2024-05-02T09:28:07Z,True
@Smartstashh,Androni lahore kaho ya purana lahore knowledge nhi ta ba batio k lahore ki galiyan tang han,0,2024-05-02T09:23:18Z,True
@nareshbhaipatel3415,Golgubbe jo malhotra ❤ ❤,0,2024-05-02T09:13:04Z,True
@bisht176,"Lohare is lok like Lucknow  same street & same food, old building & culture .",1,2024-05-02T08:48:57Z,True
@azharmahmood8440,Beautiful ❤️ lahore ❤in Pakistan 🇵🇰 love ❤️ you from UK 🇬🇧,4,2024-05-02T08:41:22Z,True
@khzeeshanmir8967,"Jo g dahli gate per ap emotional ho gain or main b emotional ho gia ,poetry bhot kmal ki ki ap nay emotional kr dia ,asa feel hoa jasay bichray hovay mil gay hain",0,2024-05-02T08:05:51Z,True
@amarjitkaur7849,India to sasta smaan milda ae,9,2024-05-02T07:57:23Z,True
@MuhammadIsmail-zd3nc,Hum se b mulaqat kr lety Lahore Ager A hi gye ho.🎉😊,0,2024-05-02T07:51:21Z,True
@fmchampion7040,Lahore city Pakistan beautiful,7,2024-05-02T07:45:53Z,True
@DhruvSharma-dq6xy,"Even our Dev Saab studied in GCU, (Government College Lahore), remembered fondly till his last ..",47,2024-05-02T07:40:05Z,True
@MohammadArif-ph4ug,"Delhi hy dil walo ke
Lahore hy dil walo ka",0,2024-05-02T07:33:19Z,True
@hindu.swaraj.7,People are nice of lahore..,8,2024-05-02T07:31:44Z,True
@faisalkadri7425,"Beautiful lahore.
Woching from gujrat India ❤",22,2024-05-02T07:07:27Z,True
@wanderlustanmol005,"04:53 PKR 7865 ,INR 2670 approx thik hai mehnga ni hai lahore agar 5 members se zada hi hai",0,2024-05-02T07:00:52Z,True
@jawadtalat7430,"The 90% people of Pakistan love all human beings except Israel, not the Jews irrespective of race, color, borders, and religion. Unfortunately, Pakistan has been ruled by corrupt political, non-political, and administrative ruling classes for the past 75 years.",0,2024-05-02T06:57:40Z,True
@RajbirSinghSandhu-e1g,Satnam ji Waheguru ji Dhan Dhan Shri Guru Ramdas Ji Maharaj ji Satnam ji Waheguru ji,0,2024-05-02T06:38:35Z,True
@Myworld-yt,I’m from garhi shahu lahore ❤,0,2024-05-02T06:37:20Z,True
@villageravikinaryfoodvlogg6833,"Lahori kehta ha

Din 7 te 8 melay

Kam karan main kehry welay ( waqt)

Yani lahore main din 7 or 8 melay hotay thy 

To lahore k rehnay walay ko shikwa tha k yahan k melay thelay se mjhy fursat milay to main koi kaam b karon",1,2024-05-02T06:37:18Z,True
@RafiqMughal-to4jy,"We love Lahore and Lahore loves everyone , very good vlog",0,2024-05-02T06:36:52Z,True
@mahdishah6912,New Lahore aur packages Mall bhi daihao,4,2024-05-02T06:28:16Z,True
@azhar172q,"Khalsa raj is only a tiny part of Lahore 's 2000 years of history. It is unfair to only concentrate on three decades of Ranjeet Singh. Old Lahore is only a tiny part of this 900 sq km. City and full of 500 years  Mughal raj and 100 years of British raj.You ignored almost 95% of Lahore.  It is famous for gardens, cultural, and educational institutions.  Only Multan is older than Lahore. I think your hosts are only pleasing you people  keeping in view your mind set.  I think you could have made a better vlog unbiased presentation of Lahore. Raja Azhar. DHA. Lahore.",2,2024-05-02T06:24:57Z,True
@VinodSinghal-qk6ei,Mustaffa baikry ki yade taza kra di aap ne,0,2024-05-02T06:13:41Z,True
@Ameliatherobloxfairy,Lahore is a beautiful city. Visa facility or just permits like kartarpur sahab be allowed for indians to visit the city. Guys we were one- 75 tears ago. Both govts must consider this,83,2024-05-02T06:04:37Z,True
@najmaperveen951,Sister aap mujhay bohot pasand ho bura nahi manana aap Pakistan aanay sa pahlay Pakistan ka ka liay Thori si malomaat krlatin tu bohot acha hojata. Aap jab sa aai han tb sa aap na Pakistan ma koi girl 1 bhi dakhi jo backless dresses pahanti ho or wo bhi roads pr bhi ghoom rahi ho India ma tu aam ha is liay aap ko pata nahi chalraha pr Pakistan ma kahin bhi nahi ha is liay thora khiaal rakhan ya Islamic country ha 🙏 request ha please 🙏🙏🙏,0,2024-05-02T06:04:24Z,True
@Ahelperapp,Your bill is 2359 rupees,0,2024-05-02T06:03:02Z,True
@jakisaha2891,Lahore it’s really awesome 👌👍,1,2024-05-02T05:51:24Z,True
@Jaikarondimata,"Ek baat to hai bahut se Pakistani boys girl bahut sunder hote hai liken man (Spiritual) ka pata nahi
Humrai saniya Mirza(India) ko Pakistani Shohib Malik ne kesa dhokha diya teen shaadi kar liye 
kitni hunhaar sunder world famou tennis player ko chhod diya
wah bhi uske mat mari gaye ke ek pakistani ko dil de bethi thi",2,2024-05-02T05:50:24Z,True
@Pakistani_Punjabi,Lahore Lahore ay🎉❤🇵🇰🔥,2,2024-05-02T05:50:19Z,True
@rajshinde4046,Sister jede ki lassi x plover,0,2024-05-02T05:45:35Z,True
@Jaikarondimata,"bese aap bhi bahut sunder lag rahe hai
pakistai bhi flat ho rahe honge man he man
ek baat to hai bahut se Pakistani boys and girls sunder hote hai liken man ka pata nahi",0,2024-05-02T05:45:23Z,True
@shashankdixit1271,Chota bhai chahe kitna kamee na ho lekin bade bhai ke liye hamesa pyara hota hai,0,2024-05-02T05:40:31Z,True
@Jaikarondimata,20:41 doodh ka rate puchho kya rate hai?,0,2024-05-02T05:38:47Z,True
@Jaikarondimata,"15:34 Pakistan bahut purani mosque to hai 
liken bahut purane Temple Hindu,Budha,Jain ke nahi dekhte hai Please save and protect it.",7,2024-05-02T05:34:13Z,True
@shafiqsindhu8328,Lahore. Say Hoon. Muhammad shafique Sandhu.,0,2024-05-02T05:33:54Z,True
@Jaikarondimata,Pakistan mein ek he sehar hai  Lahore jo thoda advanced aur sunder city lagta hai wah punjabiyo ke wajah se sunder hai,0,2024-05-02T05:23:11Z,True
@umaroffical804news10,Looking so gerougs and beautiful in this blue hot dress,0,2024-05-02T05:21:13Z,True
@ABsyed555,"Lahore Lahore ay, i've lots of memories when it cmz to lhr..bht acha time guzra lahore ma...❤
Watching from qatar👁",0,2024-05-02T05:16:58Z,True
@chyasirslife1225,Well come sister❤❤❤ SSA salaam🙏sillanwali Sargodha Punjab Pakistan,0,2024-05-02T05:15:14Z,True
@hirahoria991,I live in lahore or gari shahu me hi rehty hai hafiz juce corner k bilkul samne pul k pass hi or Hafiz juce sy hum hamesha juce lyty hai,0,2024-05-02T05:11:36Z,True
@abidjatoi5481,"So beautiful and lovely vlog ❤❤Thank u for cover u Lahore city ,Jo u and jan Mahal family enjoy this trip ❤❤❤",1,2024-05-02T05:06:11Z,True
@AM-qw9cv,You missed food street and Hira Mandi. You must visit those areas. They are very interesting.,1,2024-05-02T05:05:52Z,True
@RaniSayyed-j2w,"Look how good people are in Pakistan, they are sociable, but here in India, propaganda has been made that it is the tea vendor and his spoons.",44,2024-05-02T05:01:22Z,True
@ModiYuG2047,Madam 8000 ka Bill aaya usko 3.4 se Divide do indian rupee ptta lg jayega  jo k hoga 2300 Rs aapne bhot mehnga khayq india m yhi khana 500 se 700 k bich aa jata,3,2024-05-02T04:58:29Z,True
@gurjotkahlon1556,Amazing Lahore and lovely Lahore folks. All your Pakistan vlogs are so good.,24,2024-05-02T04:52:51Z,True
@genos005,We can compare Lahore to any 2nd tier Indian Cities.....,0,2024-05-02T04:50:59Z,True
@ShivshakarNagori,Iam big fan daily watching your videos beautiful blog ❤❤❤❤❤❤ love you ❤❤❤❤❤❤❤,1,2024-05-02T04:45:56Z,True
@ShivshakarNagori,Lahore  itna pyara hai mujhe aaj pata chala ❤❤❤❤❤❤❤,13,2024-05-02T04:40:51Z,True
@AbidAli-vc2cb,Lahore se kon kon dakh rha hai hazri do,41,2024-05-02T04:35:34Z,True
@sukhjiwansingh8653,Menga haa khana. Pina India naalo,1,2024-05-02T04:34:14Z,True
@sukhjiwansingh8653,Lahore vadia lagga,2,2024-05-02T04:31:53Z,True
@sukhjiwansingh8653,Pakistan de banda dekhen nu vadia lagda haa but khenda Pakistan gareeb haa lagda ni sada Guruji di dharti haa tusi vadia vlog banaiay,13,2024-05-02T04:31:13Z,True
@ravitachawla1125,"Lahore ki galiyan itni tang hai ki ek lady ND ek mard nikle to surf nikah ki gunjayish rhti hai 
Very funnt",2,2024-05-02T04:31:11Z,True
@FatimaFatima-yj3rw,Lahore Lahore A,1,2024-05-02T04:30:10Z,True
@harshidshah1,"i am born and brought up in amdavad city of gujarat state but from last 45 years living outside india currently living in america from last 16 years, LAHORE and aAMDAVAD are developed in same way and you can say they are identical in many ways",54,2024-05-02T04:27:27Z,True
@IQBALBHATTI-l8n,JO ji good morning love you so much ❤from lahore ❤❤❤❤🎉🎉🎉🎉🎉aap Boht sunder ho ji ❤God bless you,0,2024-05-02T04:25:26Z,True
@sohaibkhan-x9h,Lahore Lahore ha Jinay Lahore Nahi takia o jamay vey Nahi 😊😊,1,2024-05-02T04:20:53Z,True
@umerengineering5831,Ya humri UET Lahore university thi ap ny dkh li Good ☕ ka Pakistan ♥️🇵🇰 ah kr Punjabi nu dkh kr dil sy khushi huti ha ase punjab dy hn edr dy hn per odr edr koi farak ni ha ga Okara city Punjab Pakistan sy love,12,2024-05-02T04:18:27Z,True
@satishbennur7916,"Would live to visit Lahore, but I was wondering whether they give us Tourist Visa say for 15 days. Then we can see some nice cities of Pakistan.
& whether home stay arrangement can be made. It's better than hotels which  sb cost a bomb for a middle class person like me.",4,2024-05-02T04:17:55Z,True
@ArunguptaArungupta-rf9nm,Lahore matro liye ihna da apna hath nhi haiga taanu nhi pta hona ede vich sara rol cheniya ka haiga bagget laver ihna de hukamraam khage babar koi banda haiga. Ihna no cricket chadke koi hor kam ker lain,0,2024-05-02T04:12:46Z,True
@janjua.2937,Kesa laga ap ko Lahore or pakistan k loog . 🇵🇰👍,8,2024-05-02T04:11:03Z,True
@abuzainab2577,baji ap drost jaga ahiy hain y bi ranjit singh ki holadon dash ha nakhon gosht day juda nahi hota baji,0,2024-05-02T04:07:44Z,True
@AbidAli-vc2cb,Lahore etna peyara hai mujhe aaj pata chala😅,96,2024-05-02T04:07:02Z,True
@wasifbutt5962,Jilani park mera Office,0,2024-05-02T04:02:54Z,True
@Gghijgffyjjnnkkjgbk,Are u still in Lahore Pakistan?,1,2024-05-02T03:59:00Z,True
@wasifbutt5962,Kesa rha tour or LAHORE kesa lga ap ko,0,2024-05-02T03:58:41Z,True
@elvish_yadav_Volgs1.99crore,I am big fan daily watching you video ❤❤❤❤ beautiful vlog and i love you❤😘😊😊,2,2024-05-02T03:57:38Z,True
@qazizia8954,Welcome to my city Lahore ❤😊,17,2024-05-02T03:55:13Z,True
