﻿author,comment,likes,published_at,is_relevant
@QasimQasim-ic2io,Ducky and sistrolgey restaurant visit karin,0,2024-12-12T11:25:31Z,True
@AH-le3py,Love your Islamic teaching.,0,2022-11-13T22:21:56Z,True
@mishakhan9403,God bless u I really enjoy the fish it's too much good and tasty .,0,2022-11-12T19:35:46Z,True
@learngraphicsinurdu9994,we burnt jungles for taste. Shameful.,0,2022-10-26T17:34:12Z,True
@VickyBhardwajvlogs,Dood- jalebi ko 5/10 dene chaiye the.। Dekhne mein he 150rs ki nhi lag rhi thi maybe in Pakistan would have too much inflation,0,2022-02-18T08:35:34Z,True
@farazraza2178,Sir hamara bhi dil dukhta hay jab ap akelay akelay mazay ke khane khate ho.... Just joking 😃🤣,0,2022-02-15T11:30:41Z,True
@zabeelkabeel3207,Mithi jalebi aakher mai khana chahiye tha...,0,2022-02-04T13:45:20Z,True
@SuperiorVolgs,Fish k sath ek chatni thi and 2nd shaljum ka Pani Wala achar tha 🤤🤤👍🏽👍🏻,1,2022-01-29T14:21:52Z,True
@Fortunately8,Like the way you are asking cost price...,0,2022-01-29T04:05:16Z,True
@zubairyaqub7424,I want to take you every famous restaurant in Lahore.  I mean it. Give me your number and atapata.,0,2022-01-28T22:54:16Z,True
@zubairyaqub7424,Beautiful fish.   Apna Lahore ka atapata to bata muna.,0,2022-01-28T22:52:49Z,True
@abdulrehmanbutt1416,Bari kamal fish ha ALLAH kese ko na khilai,0,2022-01-27T16:47:57Z,True
@shaikharshad4535,bhai ap kasur b ayein buhat famous hain hmary kasur ki fish faloda Andrasy or b buhat kuch,1,2022-01-26T16:30:16Z,True
@DineshKumar-ew1xg,Saqib Sahab... doodh malayi wali Jalebi naal desi ghee vekh ke muh vich pani aa gya 👍 Love From INDIA 🙏🌹🌹,1,2022-01-23T13:39:56Z,True
@ahmarhafeez4201,"Ahmar Hafeez

Asalamalaikum brother
App kee vlogs excellent hotee.",0,2022-01-22T12:58:23Z,True
@MrRavixx,Dont go Anarkali Market Bazar... Bomb Blasted There,0,2022-01-22T05:47:05Z,True
@sudershankumarisharma2152,"Dear,
Pl send everything you show in vedio to Ludhiana as my mouth is watering seeing all punjabi-lahore dishes... .......... ...",0,2022-01-21T13:21:31Z,True
@mdsahed8131,Me form Bangladesh love u so mach pk food,0,2022-01-21T08:39:53Z,True
@atiq572,"Last ""OPTIMUM BITE"" delicious definatly .👌👍💖",0,2022-01-20T14:30:47Z,True
@humsafar2922,Saqib bhai Hafeez hotel pe vlogs banao I am from India,0,2022-01-20T05:49:42Z,True
@JavedAli0509,Love your urdu accent or explanations about food And love from India 💕 🇮🇳,0,2022-01-19T18:16:08Z,True
@nafisaimranj,Wa alikum as salam warah matullahi wa barakatuh  MashaAllah Aap ka vlog day by  day bohat achha hota jaa raha hai maza aata hai dekhne Mai 🇮🇳🇦🇪,1,2022-01-19T16:45:50Z,True
@stranger-i9g,"3 Almond,one tea spoon Ghee 150 gram jalebi, ek pyali milk 🥛 with malaee price 400 🙄",0,2022-01-19T08:18:29Z,True
@abdulwaqasvlogs,"SAQIB BHAI I'm big fan of You!!!
Your vlogs and presentation is so perfect , and you brief very well about location and food taste as we'll, your style is amazing . Truly loves your vlogs. ❤ 🤍 💙 🧡 🖤",1,2022-01-19T05:41:28Z,True
@kashiffjaan108,"Bhai molu ki fish nai khhhai to kuch nai khaya aap ny...
Highly recommend..",0,2022-01-18T17:47:21Z,True
@yasirirshad3359,Yes in ki red sauce boht he alla hai jis waja se in ki fish ka taste kamal milta hai,2,2022-01-18T17:10:25Z,True
@abdulhaseebmemon1436,"taste was not desi ghee, taste of old man's finger",0,2022-01-18T16:46:18Z,True
@rajabbutt-q3z,Best food video ❤️❤️❤️❤️❤️❤️❤️❤️,2,2022-01-18T10:19:52Z,True
@abdulkaderpatel2076,In India Rahu fish wholesale price Rs 120 to Rs 150,0,2022-01-18T06:18:41Z,True
@aqsamughal9615,In Sha Allah  we will visit soon LAHORE,1,2022-01-18T05:22:50Z,True
@AH-le3py,Saqib u r the best food you tuber in Lahore. I mostly watch your videos only.,1,2022-01-17T23:01:50Z,True
@AhsanBhattiAB,"Kuddos to you for discovering hidden gems of inside Lahore, best vlogs so far. MUST try Alamgir Halwa Puri from androon lahore. Ap bhool jayen gay sub ki halwa puri. The channa he had is out of the world.",5,2022-01-17T17:30:03Z,True
@nehatyagi3455,"Dear Saqib, 
I am from India, but my fore great grandfather use to live in Lahore, and his name was ganpat, and he have a home of 52 room in Lahore, I see your vedio with Abdul Malik Fareed and you visit a ganpat road with him, I just heard about my great grandfather house on ganpat road, if possible I request you to plz show that 52 room house on ganpat road, as per my current information that house was to ""sarai"" in Lahore, if you can show that in your vedio I will be glad and will be able to feel the vibes of my great grandfather, 
This is my request to you",2,2022-01-17T16:57:07Z,True
@digbijaypanda8682,Jalebi also popular in india...i think u get biriyani stall in every corner of eastern india..,2,2022-01-17T15:48:30Z,True
@nirvairkaur6915,"Saqib bhai I wish I can visit Pakistan to just have food being a foodie. Best part is the way you have it, wish to meet you in person. Inviting you to visit India. Love from India ❤️❤️",4,2022-01-17T08:31:17Z,True
@Nusrathomeandstreetfood,Very yummy thanks for sharing,1,2022-01-17T08:09:30Z,True
@aabrealestate9604,MashaAllah bro fish 🐠 maira hissay thori i thee,0,2022-01-17T06:30:51Z,True
@shamimansari1637,Anda tikki ko hum Mumbai mein anda ghotaala kehte hai.issme boil ande bhi madh karke Dale jaate hai.btw ur video is awesome,1,2022-01-17T03:08:05Z,True
@Ak-lw7st,Brother You Are Improving Video Quality Day By Day 💕,2,2022-01-16T19:59:10Z,True
@bintekhawaja8263,Machli kamal hai janab IN SHA ALLAH kabhi lahore ana hoa will try for sure 👌👌,2,2022-01-16T18:39:51Z,True
@leadingkitchenbysumaira,Aha what a delicious and tempting shareing just mouth watering 👌 I love lahori food street,1,2022-01-16T18:22:41Z,True
@binmakki2710,Wah Mazay Mazay,0,2022-01-16T17:41:43Z,True
@riteshdurve3941,"I am fish lover and this blog was tempting.
Awesome video which will remain in our mind all the time.
Love from India-Mumbai.",6,2022-01-16T16:45:34Z,True
@thaerss16,"I had this fish many many years ago, really nice MashaAllah.",1,2022-01-16T16:15:39Z,True
@devsingh-dr5ml,Bhai you are hero of foods 👍👍👍,2,2022-01-16T15:55:25Z,True
@arien6033,"AoA bro, I love ur simple and honest review about food.",1,2022-01-16T15:25:43Z,True
@umair608,Next level fish my next place,0,2022-01-16T14:53:12Z,True
@umair608,"I must want to taste this Dodh Jalebi 

Because as of now I rated Chacha bassa as best Dodh Jalebi ,I m sure this one can beat Chacha Bassa",0,2022-01-16T14:40:13Z,True
@rizwannazeer1984,YUMMY YUMMY YUMMY YUMMY YUMMY💐💝🌈,0,2022-01-16T14:37:49Z,True
@maksudali1994,I am fish lover mza aa gya love from 🇮🇳,1,2022-01-16T14:28:51Z,True
@zachomoon2102,Bhai g Mene ana hai Pakistan kuch months me. Lahore me jo Sab sé zyada tasti food hai waha le k jana please,0,2022-01-16T14:14:09Z,True
@zachomoon2102,Mobeen bhai pait bhar k Khana kha k Phir Khana kha leta😬,0,2022-01-16T14:13:05Z,True
@Manopari7899,Looks so delicious dear agar ho sake to is taraf b aye 🙏❤️♥️🤗👌💜💞💕💖🌹🤲,0,2022-01-16T14:12:40Z,True
@baharal6171,bhai g Pakistan aa k ap k vlog ke help se Lahore main khaba karon ga :),0,2022-01-16T14:06:41Z,True
