﻿author,comment,likes,published_at,is_relevant
@muhammadimranshafi477,Saqib bhai Best Maghaz Karahi main bna hua bta den kahan se milay ga.,0,2025-12-02T06:45:34Z,True
@AlishehzadAlishehzad-m8n2h,Bhai grato jalebi and fish try kry kalma chock m shop hy in ki,0,2025-12-01T19:51:22Z,True
@shoaibarif3442,Assalam walekum Saqib bhai Maine harisha ek dafa Anarkali sikhaya tha Kafi purani baat hai aur vah Anarkali se aaya tha usmein yah kabab se baat nahin gosht ke rishte the bakayda aur bahut laziz tha,0,2025-12-01T15:35:15Z,True
@FaiqAli-b4h4b,Bro Lahore mai aap se mulaqat karni ha😢❤❤❤❤,0,2025-12-01T12:05:16Z,True
@record31159,Vlogs from Pakistan are only about eating food.,0,2025-12-01T12:04:06Z,True
@paintbrush0300,Please explore Best prawns in Lahore,0,2025-11-30T19:29:54Z,True
@WaqarHasan-rc9rt,Bohat khoobsurat sheher aur video aur hotel aur restaurant aur mazaydaar khaanay aur nazaara aur maahaul aur taaza sabziyan aur masaalay!,0,2025-11-30T18:34:50Z,True
@WaqarHasan-rc9rt,So beautyfull city and video and hotel and restaurant and tasty foods and view and environment and fresh vegetables and spices!,1,2025-11-30T18:33:51Z,True
@ehsanrasul2025,Aap nay aik bar Harisa bataya  tha Lahore kay kisi posh residential area may kisi ghar main restaurant tha. Bohat zabardast Harissa tha.,0,2025-11-30T17:25:49Z,True
@extraordinaryUtubeuser,"Achi video hai
5 star hotel se khao ❤",0,2025-11-30T13:47:57Z,True
@SJC792,Bhayya kebab kahe thy bhai,0,2025-11-30T13:23:09Z,True
