﻿author,comment,likes,published_at,is_relevant
@cidpusa700,Beautiful musical video of Lahore,3,2025-03-10T06:03:59Z,True
@shabbirjaan2374,Assalamualaikum welcome to Lahore,2,2025-02-03T16:39:14Z,True
@RajKhan-ow6xt,Lahore ka alag he swag hy,5,2024-11-12T17:31:55Z,True
@nadeembutt4021,"Welcome to the great city of Lahore, the cultural heartbeat of Pakistan, modern vibe, the history, culture, rush, peace, food, hospitable people, you just name it and Lahore has it all. Enjoy your stay and cheers...",2,2024-10-30T06:23:20Z,True
@mrkhokhar4895,"No its Shalimar garden, a historicsl mugul, s era garden",2,2024-10-29T04:16:36Z,True
@Rasheed-im1bn,"Please visit defence raya city,  bahria twon city,  DHA city , metro train , metro bus , new metro city,,luxury hotel and luxury bus, 2 biggest  mall , shopping mall in Lahore, 🇵🇰🇵🇰🇵🇰🇵🇰 beautiful park, street food market in Lahore, and brand market,  ❤❤😊😊🇵🇰🇵🇰🇵🇰🇵🇰✅ and north Pakistan beautiful place visit in Pakistan",5,2024-10-24T19:38:15Z,True
@alirizwan3692,You were in Lahore why didn’t you go to bibi pak daman a.s the daughters of moula ali a.s the sisters of moula abbass a.s,3,2024-10-13T09:59:51Z,True
@saadrafique8145,Welcome to Lahore. English and subtitles,1,2024-10-13T06:50:00Z,True
@aliraza4937,"In Pakistan, lahore",1,2024-09-15T18:39:09Z,True
@mohsenkhan741,Welcome beautiful karima to lahore visit my city Karachi as well 💃🏼🥰👍🏼💚💚💚💚,2,2024-09-09T14:41:11Z,True
