﻿author,comment,likes,published_at,is_relevant
@neeshazaib4739,Great effort 😊❤,0,2025-10-07T01:59:53Z,True
@learnenglishwithaliraza6197,This is true. Is ma kuch rooms aisy han jahan insaan ko khof mehsoosh hota h. Ma ne khud is jaga ka personal visit kia h or feel b kia,2,2025-04-13T15:53:11Z,True
@suhailkhan159,"One of your well made, well narrated and well presented vlog",0,2025-03-03T18:06:26Z,True
@hafizmuhammadkamransabri9025,"Great work, sir! Your video truly deserves millions of views. Unfortunately, many viewers today are either unaware of or uninterested in looking back at history.",4,2025-02-22T06:44:17Z,True
