﻿author,comment,likes,published_at,is_relevant
@aamiransari3297,Bhai me india se hu lekin muje aap ki video badi pasand he aap ka andaze baya bhot hi piyara he bhai meri ye ilteza he ki aap mera naam le aamir khan india se,0,2025-09-06T16:30:59Z,True
@Jawad-Ahmad892,"O molvi Lahore ka goon bhe mile ga to Tum kha lo ge ,halaan k tumhain pata hai k ye log kutty ,khoty soor sub logoun ko khula chunky hain",0,2025-08-13T19:06:01Z,True
@c.b.i..8533,Billa murge wala.. So  innocent man.. 👌❤🇮🇳,0,2025-06-27T15:32:10Z,True
@pranav8548,Itna accha khana khata hai pakistani phir kaise atankwadi bn jata h😂,0,2025-01-03T12:36:13Z,True
@PDY-kp6tg,Bhai ap log main vegetarian hote hai ya nai?,0,2024-12-30T15:03:01Z,True
@mineshk9790,makka rotla desi murga gujarat se hu bada maja ata he,0,2024-12-21T18:15:50Z,True
@abhisheksingh-qn9bn,Lahauri katua (Muslim)ka food vlog dekh kar yahi lag raha hai ki kaash ye vala panjab bhi hamare sath hona chahiye.,0,2024-12-21T13:36:26Z,True
@belalahmad675,I did go to Billa Desi Murgh today with family and I have to say that it was pathetic in taste so didn't finish it (I ll not go to any place u recommend from now on ),0,2024-12-20T07:28:06Z,True
@priyanshuverma9165,650 ki ek piece 👀😂😂😂 yaha 2 kg Desi murga milta h 😂😂,0,2024-12-16T18:33:21Z,True
@akkipatel1297,India  me 600  par kg  he  desi murga 🙏,0,2024-12-15T03:56:02Z,True
@VISFOTAKLONDA,Ye itna ptli curry q hoti hai pani k jaisi ekdm,0,2024-12-14T16:23:03Z,True
@akhileshuikay2228,"650 me to pura desi murga aa jata h bhai yha, aur ye ek piece de re h waah",0,2024-12-12T22:50:23Z,True
@Healthyyfication,Just ordered 6 leg piece KFC in India in just 528 rupees,1,2024-12-12T17:54:36Z,True
@CombatantMohit,Chehre se smz rha h bilkul tasteless h 😂😂,0,2024-12-11T14:34:34Z,True
@saurabhr4560,Vage nhi hota kya tumhare idhar😅,0,2024-12-10T18:09:28Z,True
@SachinKumar-pr1rx,Desi murga ki leg 650 🤔 indai me 600 ka jinda murga😂😂😂😂😂😂😂,0,2024-12-08T19:59:05Z,True
@atifali9054,Choroo wala rate hy,0,2024-12-04T22:26:52Z,True
@sujoydasgupta2774,He is touching his own foot before touching the chicken leg 😂 it increases taste,0,2024-12-03T16:04:46Z,True
@Catpooooool,"Desi murga nahi h layer murgi hai
Chutiya bana rhe uncle 😂😂",0,2024-12-03T03:48:25Z,True
@IjazNaikokara,O Bhai woi burger e howe na AP.golden desi r pure Desi m fark e nhi ptaa apko .ye golden baich raa ha😂,0,2024-12-02T20:13:15Z,True
@prabhakarsuda533,"You will get good quality Chicken biryani in India for ₹150/- .
God save Pak..😅",0,2024-12-02T15:22:47Z,True
@bilalilyaskinglahore518,Aao bhai ye shop Sunday ko opne hote hai kay,1,2024-11-30T21:54:57Z,True
@shauzebsyed2566,"I live in Europe and I will be visiting Lahore soon. Can you recommend any Halwa Poori shop, where I can get soft poori. I am stressing soft poori because Sadiq and others , they all make hard pooris. No one is every able to make soft poori like Mano Salwa Sweets Anarkali, which is unfortunately closed many years ago.",0,2024-11-30T20:21:24Z,True
@sadiqu111,Hamare yaha 300 me Desi murga milta hai .yeh 600 me tang dera,0,2024-11-30T09:32:41Z,True
@RitikKumar-zh8fm,Desi murge khatam ho gae 600 rs leg pcs lutt pai gaee,0,2024-11-29T22:02:05Z,True
@muhammadawaisliaqat5629,"Brother i tried billa murgh on your recommendation, very undelicious. Taste hi nhi tha desi murgha ke shorbay ka. Jesa ap khatay huwa expressions de reha tha ap mera samany hota tu mn apko award deta.",0,2024-11-29T18:40:41Z,True
@Gurjeet_Singh_Mahar,500 da tan india vich poora desi murga a janda😂😂,0,2024-11-29T17:01:57Z,True
@kittu3845,Kash  insan jissam ka gost kha sakta bohot tasty hoga,0,2024-11-29T15:35:27Z,True
@zubairkhan3844,"اسلام علیکم 
Saqib bhai shorbay mein nazar araha hai k pani hai wo chamak c nazar arahi hai oil mein jab pani hota hai to",4,2024-11-28T16:53:40Z,True
@inamjillani2296,"Desi murag
Hahaha
Jhoot
Ye sab layers chicken hota hay
Old egg laying murgiyan hoti hain
Desi murag 😅😅😅",0,2024-11-27T08:24:41Z,True
@fahadaziz4802,"Would love to see honest reviews, not just sponsored content. Your audience deserves better.",1,2024-11-27T06:44:02Z,True
@fahadaziz4802,"Billa Desi Murgh Wala paid review, not genuine. Lost credibility.",1,2024-11-27T06:41:24Z,True
@sardarawaisabbasiadvocate9409,Phaggu desi murgh is the best baki sub farigh ey . Near phajja siri paway shahi qilla food street,0,2024-11-27T04:34:37Z,True
@sandeepchauhan1720,I am pure vegetarian n used to see your videos always while having dinner.... seprate by cast n catagory n unit by internet...hhhh..lage raho bhaji,0,2024-11-27T03:54:21Z,True
@SHAKHSIYAA,Nashta karlay par paise barlay😂😂😂half hearted invitation when you invite others invite with full heartedness Allah gives barakah,0,2024-11-26T15:10:33Z,True
@Mateen6661-z9i,Donkey kii khaaal ka truck bhi lahore sy pkra gya tha 😂 be careful,0,2024-11-26T03:12:50Z,True
@nadeemakber9213,Saqib mobeen bhai dharampura ma shazad chany waly sy bhi khaiy main Bazaar gujer cwok,0,2024-11-25T21:21:51Z,True
@kasmelabutt,just had the bad experience... kachi lal mircho ka strongest zaika tha (billa desi chicken),0,2024-11-25T03:25:50Z,True
@AbrarSheikhAdvocate,Bhai jan motey hotey ja rahey hain. Am i right. Reply,0,2024-11-24T14:41:00Z,True
@an_ali,"Billa G Desi Murgha intehayi fazool hai , bilkul tasteless, extremely spicy, worst experience - Ja k Na time waste kren Na paisy",2,2024-11-24T01:39:28Z,True
@RatedRNation-t2c,Abid butt Ka salan pani,1,2024-11-24T00:59:19Z,True
@Bukhari-s4r,Ye desi k naam py dhokha ha,0,2024-11-23T20:44:47Z,True
@farhansiddiqui6946,Chicken tika mangwaya to chicken  ki botiya liy aaya aur chicken tiky ko  chicken piece ko khety hy ye lahore  aakar malum hua😂😂😂😂😂😂,0,2024-11-23T15:03:22Z,True
@farhansiddiqui6946,Kuch din phely lahore aana hua tha lahore ky khany koi khas nahi aur rate bhi ziyada lity hy,0,2024-11-23T15:00:59Z,True
@ChnazirahmedAnjum,BHI GEE DUNIA MAI DESI MURGH OR PAYYA KHANAY KAY ELIWA BHEE ALLAHA NAY DOOSRI NAIMAT BHEE RAKHI HAI OR BAKI KAM BHEE HAI AAP TOO AFFORD KAR SAKTAY LOOG DO WAQAT KEE ROTI KO BHEE TARIS RAHAY HAI,0,2024-11-23T14:01:40Z,True
@sameerwala8590,Ek India main Harry with Code Haris Ali khan se bht milta hai shakal se lekn wo software engineer hai hamare yaha uske humshakl shakal yha payee kha rhaa hai ..big difference between borders,0,2024-11-23T12:51:25Z,True
@salmankaramat2377,"My mother cooks way better desi murgh than both of them. I am sure, there are many mothers out there, who can do the same.",1,2024-11-23T08:13:39Z,True
@kamranslifestyle1286,Abid butt se ziyada acha aur khoobsurat rangat aur zaiqa dar lag rha 11:41,1,2024-11-23T07:33:53Z,True
@gtep2501,from left hand butt sahab hold his foot first then using same hand picking chicken leg and dropping into curry wow.. when will we as Muslims understand concept of hygiene,42,2024-11-23T05:44:47Z,True
@rajaabrarahmedjanjuaoffici8408,Sary foodveloger agr aalo ki chips pr  bhi aisy reaction dety hain jesy  is sy pehly  kisi ny aalo nahi khaya 😂😂😂😂,0,2024-11-23T05:18:45Z,True
@adeelazhar2448,Plz khuda k wasta lahore sa nikal k b koi explor kr la,0,2024-11-22T20:00:44Z,True
@hearttouchers865,hamare India me original desi murg 350 rupay kilo milte hai....💪💪💪,0,2024-11-22T18:57:08Z,True
@Shameer385,100 rupy main chhoti si boti tor k dalty hon gy saqib Bhai,3,2024-11-22T17:33:20Z,True
@chefcookseverything.9173,MashaAllah Wraps N' Rolls Islampura Lahore,3,2024-11-22T16:20:26Z,True
@HamzaAli-jj2cz,"MASHALLAH TABARAK R REHMAN,IT'S ANOTHER MOUTH WATERING DESI MURGH VLOG❤❤❤❤❤❤❤❤❤❤❤❤❤❤",3,2024-11-22T15:13:12Z,True
@shaziasamiullah45,Bohat hoob bhai jio bhai kabhi gwalmandi me mujahid butt siri paye walo ka desi murga b try kare,0,2024-11-22T14:37:33Z,True
@Hitting....,Desi ni hota bhai 😂,0,2024-11-22T14:26:19Z,True
@thenaeemarshad,"Food quality aside, always love your expressions when you try to find words to express yourself",7,2024-11-22T13:14:16Z,True
@WaleedAliFFfreefiregame-hk3kj,Salam alaikum ❤️ i love your food vlogs bro  i am from bahawalpur,2,2024-11-22T13:12:12Z,True
@ViralShorts-9369,Mashallah bht bhtreen food khate hain aap❤love from india,2,2024-11-22T13:02:59Z,True
