﻿author,comment,likes,published_at,is_relevant
@shtv1430,"Inka chargha check krne wala hai,,  yrr bara miss kr raha hn,,  bara kaya hai,,
Specially steam chargha",0,2025-12-09T15:30:39Z,True
@mahnoork6434,Try iqbal tikka faisalabad similar concept with mutton tikka and kabab...,0,2025-12-06T22:02:53Z,True
@saadazhar2072,"Assalam u Alukum, please Andda Tkki spots bhi share karain. 

secondly, he has shared the 5 types of Channay, i have planned to visit Lahore in coming days, if you can share the all 5 types best spots.",0,2025-12-02T09:38:30Z,True
@CLUMSY1-l1o,"We truly appreciate your efforts! Showing us all those delicious dishes along with new ideas is fantastic. The food was good, and we think it could be showcased even better to highlight its deliciousness more effectively.",0,2025-12-01T21:06:39Z,True
@vercettipk1450,"As salamu alaykoum. I just wanted to point out something important. At 7:24 in this video, a plastic bag was thrown on the ground. This is not okay. As creators with a large community, you have a responsibility to set a good example. Keeping the streets clean is everyone’s duty, and your influence could really help encourage people to respect the environment. Please be more careful in the future. Thank you.",0,2025-11-28T22:31:47Z,True
@ahmadshahid1364,popjeets can never know how yummy is beef,0,2025-11-26T20:06:35Z,True
@maansha28135,I am crying in the corner because mujhe lahore jana hai masala tikka moti khana hb😂😂 love from Mirpurkhas Sindh 🤍,2,2025-11-24T20:03:52Z,True
@Laar18,Yar thik ha famous ho gae ho MashaAllah se but don't forget to share the location for each food corner like surela tikka,0,2025-11-17T22:37:39Z,True
@khadijadar3146,Noor khalid bohat he chichora insan tha aj ke video mai bs wahi aik fazol cheez the lunda kebab k bd 😂,0,2025-11-17T16:01:06Z,True
@walidkhan7504,Tundee kebab shop if im not wrong ka name ha us kebab ka name galawti kebab ha but vo asa nhi hota vo bht bht soft hota ha r uska picha uski apni r bht bari story ha,0,2025-11-16T15:39:26Z,True
@FatimaRiaz-f7e,kash rhs mera bhai hota roz sath jati khanayyyyy🥲🥲,2,2025-11-14T17:35:25Z,True
@fasishahid8216,Pora vlog dekh lia ye nhi bataya apne lunda kabab kahan se mile ga location batao yrr kidr ha oper se awam b comments ma location ki bajaye or khana daikhne ki bajaye ap logon ki batein sun rhi kese kese log hn yahan pr location batao yrr kidr kidr ha iski😭,1,2025-11-14T12:30:05Z,True
@shani3330,First time i felt hamza needs a better video grapher for food. Food was amazing amazing just your video grapher was not able to capture it truly,1,2025-11-14T08:30:09Z,True
@MAnwerSaeed,"Kithay da wagyu? Ye lean piece of meat hai, wagyu mein to fat ki akheer marbling hoti hai janab.",0,2025-11-12T07:07:38Z,True
@fresh4fresh2,Mera to itbar hi uth geya hei in food vloger par se jab se inho ne mere city me aa k un khano pe vohi expressions diye hei jinko me khud kha chuka ho aur muje wo bilkul fzol lage. Vloger bechare apni rozi rori kamane lage hue hei bas.,0,2025-11-12T02:44:45Z,True
@Factzz-hubz,apki video main ad bhot aty hain ar aimda aesa hova to main apki video dkhna chor duga yhn koi mazaq nahi chal rha jo kam ha apka wo pura or unique show krain please you understand,0,2025-11-11T13:05:11Z,True
@sikanderzulkarnan8312,Sub say ziada maza sureelay Ka aaya. Khanay kaa bhi khilanay kaa bhi.,0,2025-11-11T01:54:37Z,True
@AmnaSaleem-i9j,Pehli bar kisi food vloger ki vdo 🎥  dekh kr bhatti tikka aya hn kabab aur tikka fry ki jitni tareef ki thi RHS ny yakeen krn otna he  farigh hy .. siway mircho 🌶 k kisi dusri cheez ka taste nhi aya end pe chicken tikka khana para mooh 👄 ka zaiqa thek krne k liye ... RHS k taste👅 buds b 🍌hn ..,1,2025-11-10T15:00:00Z,True
@TourgardiPakistan,Bhatti tikka pr aya hua hu main abi abi same khana lagwaya or kha k andaza hua k RHS ko b taste k baray main L** pata hai bc,0,2025-11-10T14:50:12Z,True
@Ak9-p7q,"taauba yaar apni haalat kia bna li hai. mummay niklay huay hain, body ki proportion total out. food vlogging chorh kay fitness vlogging shuru ker dou. looks like low on testosterone",1,2025-11-10T12:32:52Z,True
@omarcheema6191,@hamzabutt stop littering on the road,0,2025-11-10T11:01:48Z,True
@Faisaltahir-l5q,Assalamu o alaikum kia hal ha AP ka bahi g i am big fan i am from Malikwal Punjab Pakistan nice 📷 📸 📷 📸 best of luck ❤❤,0,2025-11-10T05:12:55Z,True
@NazFalakNaz,Azan  5 minutes ki bhi nai Hoti 😭 agr camera off kr k ruk jaty to  AP ka hi faida tha 🥺😭lakin  AP ko dunya m SB mil gaya to akhirat ki tayari  kya Karni ap nay ? May be this is the reason?,0,2025-11-10T05:04:32Z,True
@ukashaimran6133,Yar first review Kamal ka tha😂👌🏻,0,2025-11-09T17:13:29Z,True
@sskamalansari6050,Lahore k pathoory recommended hn,0,2025-11-09T13:13:06Z,True
@sskamalansari6050,Hm jb Lahore jaty hn to mezban hamen naan chany khilaty hn us men Sirf garam masaly ka taste hota hy.,0,2025-11-09T13:12:20Z,True
@syedaveena,Please Make video With Adeel chaudhry and food review of his  Junoon Heritage Restaurant also,0,2025-11-09T06:54:31Z,True
@AhsanIqbal-k3p,"Hamza 
Bhai bwn Ka food review please please please please 😅",0,2025-11-09T05:34:38Z,True
@ammarakhan9115,Jo ga rha hai naak main ugliyan mar rha hai uni hatho sy khana touch kr kra hai,0,2025-11-08T16:29:49Z,True
@MKR8031,Bhai sureela k Sath hi food land hai un ka b review karein wo sureela sy ziyada mazy ka hai,0,2025-11-08T14:43:31Z,True
@FehmeerIjaz-l6d,You are the best food vlogger in pakistan😮🎉,2,2025-11-08T12:52:38Z,True
@laraibmubshar8063,Please video on the best steak in Lahore??,1,2025-11-07T21:58:26Z,True
@hafizbilal5493,"Rana bhai kya yar artificial huuuum. Oyyyyy. Oyyyyy yar 
Her item hi oy Hoy to nai na hoti honest raho ye fake reviews chor do",0,2025-11-07T18:42:55Z,True
@alamfarooq,"Assalamu alaikum  
kindly brother whenever you visit a restaurant please add a Google location 
Jazak Allah khairan",0,2025-11-07T18:22:50Z,True
@faizamalik1070,"Rana really enjoys last two foods 
The owner who was singer really sings great and serves delicious food too 
Part of Ali rehman was also really entertaining",0,2025-11-07T16:17:46Z,True
@ahsanzafar1034,Surila tikka pe itnay uktaye huay kyun lag rhy thy?,0,2025-11-07T16:04:36Z,True
@sheikhasad5035,Surila Tikka ki location,0,2025-11-07T15:26:42Z,True
@sohaibanwarraza,"Kindly share/ tag locations using Google Maps of these restaurants, pls.",0,2025-11-07T14:43:42Z,True
@nadeemrajpoot5340,1 video mein khanay b or ganay b 😅😅😅 kamal @rana hamza saif,2,2025-11-07T13:50:57Z,True
@Ammarmustafa126,Next Collab with saqib mobeen and adeel chaudhary,2,2025-11-07T12:57:27Z,True
@harismalik709,1 din kai lye bnda lahore aai kon kon si jga ghomni chye or khana kon kon sa try krnay chye ? ❤,0,2025-11-07T09:22:50Z,True
@harismalik709,Best nashta point in androon or near areas any lahori plz suggest???? ❤,0,2025-11-07T09:21:53Z,True
@AhmadRaza-f3g7d,Ali bhai RHS ki Takkar k food vlogger hain,0,2025-11-07T08:53:44Z,True
@AussieWayfarer,"First guy Hamza butt has thrown the plastic bag away in front of camera. I mean what you expect from other people when these so called educated vloggers doing such nonsense. Please throw your garbage in bins.so disappointing 
.",1,2025-11-07T08:31:55Z,True
@general302,im angry people in pakistan are hungry n these idiots got food infront wat can feed 20 people,0,2025-11-07T08:02:20Z,True
@saimeesaimee2339,Well always a big fan of rhs bhai. The way he gave respect to the owner of surela tikka has won my heart.,0,2025-11-07T05:18:11Z,True
@HassamFarmology,Bus chop e ho gay thy firs food time.ali bhai intelligent amazing fany.nice man,0,2025-11-07T04:43:50Z,True
@ranamuhammadtayyab1992,Sureela Tikka no doubt behtareen hai..,0,2025-11-07T04:37:56Z,True
@engr.zaidakram4552,"When ali rehman and RHS are having conversation its a ""thaat foodie talking"" only foodies will get this",1,2025-11-07T04:27:22Z,True
@shafiqhasan1380,Hidden places Donkey n Dog meat you discover 😜 good job.. Enjoy  ur meal😅,1,2025-11-07T02:41:30Z,True
@asmarauf6295,First food was not good taste uski shakal pay tha,0,2025-11-06T23:27:15Z,True
@qasim_z3,RHS Bhai apna restaurant kb shuru kr rahay Hain?,0,2025-11-06T20:50:09Z,True
@gitymohmandi6358,Omg the sorela tekah corner food looked so delicious ❤❤❤❤,0,2025-11-06T19:58:34Z,True
@waqasahmed2122,Khanay tu taste tu idea nhi kha k pata chalaga insha Allah but surela ki awaz tu bhut alaa super se b upper maza agaya,1,2025-11-06T19:54:18Z,True
@SanaAli-p8i,Ap travel bohot kam karte hai,0,2025-11-06T16:49:23Z,True
@SanaAli-p8i,Ap travel bohot kam karte hai,0,2025-11-06T16:49:21Z,True
@SanaAli-p8i,Ap travel bohot kam karte hai,0,2025-11-06T16:48:24Z,True
@salman-anjum,It’s quite strange that Bhatti Tikka doesn’t have any reviews on Google Maps,0,2025-11-06T15:56:34Z,True
@hirakamal8600,"Ready steady applr go"" reminded me of my childhood",0,2025-11-06T15:29:26Z,True
@AqeelAhmad-k1b,AOA Hamza Bhai King Tikka ka review krn near Dunia News,0,2025-11-06T14:09:44Z,True
@Choty-Guru,Don’t believe any food vlogger.,0,2025-11-06T13:41:07Z,True
@asimamin8949,"Please give review on desi dawat white biryani, mutton cutlet and tangdi kulfi",0,2025-11-06T13:39:17Z,True
@chillcore-x2y,Collaborate with Butt Eats too,0,2025-11-06T11:34:08Z,True
@FizaMAQSOOD1017,Brother u should start eating food taste and price also best of luck,0,2025-11-06T09:53:40Z,True
@Hassanmasood1571,Food hunt ❌ talent hunt ✅,1,2025-11-06T09:35:44Z,True
@ZUA-h6w,Try desi dawats white biryani and bbq rice the taste is bombastic,0,2025-11-06T08:59:43Z,True
@asmatfarid6514,Ali bhai giving full elite desi vibe❤️,0,2025-11-06T06:40:11Z,True
@MuhammadAfroz-b7s,@19:01 Ustad bola k channey intahi fazool hai central model school k samney... ye aesey bta rha k bht kamal hain... bachpan sey kkha rhe bilkul taste ni ab,0,2025-11-06T05:56:13Z,True
@fatimavlogs7214,Try desi dawat lahores white biryani it’s awesome ❤❤❤ and there Zarda and fruit trifle is to die for,1,2025-11-06T05:46:36Z,True
@inayatullahshaikh4387,Hamza Bhatti Tikka is ideol for Abdul Malik Fareed,0,2025-11-06T05:44:27Z,True
@raazzi8911,Hey RHS why you inviting Hamza butt … i think he is uneducated.. littering 7:23  …what a shame ..understand how he’s raised..!!!,1,2025-11-06T03:36:33Z,True
@Tabishmaher-99,"Ali Rahman Bahi. Bao Saleem that recommendation is good. But bola chanay Allah he behtar janta hai ap ko Kya acha lag gaya. Yes if u suggest bola  16,17  years back love it. But now after Bola died we rate them 0 as of we live there and eating bola Chanay from childhood 😊",0,2025-11-06T03:00:01Z,True
@Tabishmaher-99,RHS bro kbi kbi tars aata hai ap par Bahi ney Kya Kya miss kiye hai life mein or wo hiden place hai hamza k liye. Bachpan say kha rahy hai yae sub. Ab ap ka review Dekh kr Kaha jaye hum 😂 khair views and dollars ka sawal b hai. Lahore chor Dey Baki Pakistan explore kry ya Lahore k outer areas ❤,0,2025-11-06T02:52:19Z,True
@asad-kc8zf,Beautiful Lahore? Seriously. It’s pretty much rundown place dude!,0,2025-11-06T01:51:06Z,True
@MusmanGhani-p5d,Visit asif tikka town ship lahore.m guarantee deta hn esa bar b q ap ne kahi nhi khaya hoga,0,2025-11-06T00:17:45Z,True
@rashidrashdi7390,Gulam Rasool  Nila Gunband Lahore walay sy auchay   chunay  koi  nien  bunata.,0,2025-11-05T23:23:39Z,True
@Kiranscook,Wining point food quality third place ki best thi last place ak taraf baqi video ak taraf sari video isi py hoti kya bat hoti first wali place ko or video ko tu cut hi kr dety,0,2025-11-05T23:04:19Z,True
@WaleedTariq-pg2lk,Bhatti Tikka i personally didnt like because of overwhelming taste of ginger and spices,0,2025-11-05T22:46:14Z,True
@aftabjadoon4363,"@rana hamza , in lahore Karim park  there is a hidden Andy Wala burger Billa burger . Try the spot.. unique and one and only",0,2025-11-05T22:45:45Z,True
@Kiranscook,First Wali place mazrat k sat bohat unhinged thi bilkul taste nh lg rahy kebab rhs ko nh pasand aya bs lehaz m rahy thora tu meyar hona chahiye bohat hi chapri choice thi in bhai ko,0,2025-11-05T22:40:09Z,True
@Netherland2000,"PLS BRO U COULD STOP TALKING WHEN AZAAN WAS GOING AND SECOND U SHOULD READ NAMAAZ 
ALLAH NAY HI AP KO YAHA TAK PONCHAYA HAI

WARNA HUM INSAANO KI KYA AUKAAT

Buss video banay ki pari hai or khana khanaa kabar mein yeh video kaam nahi aega

FRM NETHERLAND",0,2025-11-05T22:01:16Z,True
@sadiabarkat1057,Very nice vlog lahore lahore ay,0,2025-11-05T21:08:45Z,True
@AwaisShahzad-y3z,Uffffffffffffffffff Apne to bhook hi lagwa di bhaiiiii gggg hospital se Aya tha doctor ne kha k khuc light sankha la dengue fever huwa lakin ghr a k apki video samne ai or Meri bhook ne muje itna Satya k muje Tika bolti Khana hi pari or feling thi k hamza Bhai k sath bhet k Khana kha ra hu or surela boht surela tha song b or Khana b👍,8,2025-11-05T21:01:23Z,True
@TahaTariq-S7x,Trying Every Anda Paratha in Lahore  Challenge,0,2025-11-05T20:59:28Z,True
@AwaisKhan-xe4eo,"Sureela bhai is so humble and sweet. And also very sureela 😂❤🎉
Love from sargodha",0,2025-11-05T20:15:42Z,True
@iamSalman37,"Tikka kabab karahi temple road k ilawa gujranwala me bhi milti hai aagy pichy 3,4 shops hn food street me",1,2025-11-05T20:08:46Z,True
@Kingx7565,Oh bhai pehli bat yh ky en makhiyon wali jaga kha kha kr video bana ky he famous howa tu aur aaj yh makhiyon wala khana ho gia thori sharm kro,0,2025-11-05T19:43:03Z,True
@muhammadumair3390,Please Visit Hair Village BRB Fish It's Fantastic Fish Please Try This Hair Village Badian Road Lahore,0,2025-11-05T19:17:10Z,True
@hashiruddinn4834,Hamza bhai ustad bola chanay wala humaray ghar k saath hai kareem park. Apse request hai k aap ne aana hai to maine meetup kerna hai aapne. Plz❤❤,0,2025-11-05T19:15:02Z,True
@MuhammadHashirfazal,And yes Lahore ka nashte k scenes ka koi muqabla nahi no matter acha ho ya na ho vibes ki game strong ha. Cholay bhature aur Cholay uff ❤,0,2025-11-05T19:13:43Z,True
@hunting892,Kasi aam logo kay sath bhe khana khaou,0,2025-11-05T19:12:01Z,True
@Missfoode,Try desi dawats white biryani in Lahore and mutton karahi too they serve excellent food,0,2025-11-05T19:10:35Z,True
@muhammadazaan8335,Alirehman bhai is really Lahorei gem ❤❤❤,0,2025-11-05T18:43:28Z,True
@paintbrush0300,Mera khoobsoorat Lahore aur Lahore k khoobsoorat log✨ 🧿❤🧿🩷🧿✨,0,2025-11-05T18:41:04Z,True
@muhammadtaimur7264,Ye to ha authentic nashta ha he lhr ka,0,2025-11-05T18:21:39Z,True
@AbidRaza-h1o,"😂❤Rana ji butt,iqqra ,,etc sary Baal bachoo Waly ban gae han 😂❤ tussvi koe chan Chara do please 😂❤",0,2025-11-05T18:04:51Z,True
@sadianoor4149,"@7:24 kaise bag side pe phank diya ... Yeh humary influencer hein... Kam az kam is baat ka kyal kiya krein k log apko dekhty hein aur follow krty hein... Sirf khanay ka review mat dein, khanay k adab b seekhaein.",1,2025-11-05T17:57:47Z,True
@Selfishknight,Best Part “”When Ali Rehman Bhai said again & again Ko-waab instead of Kebab. Typical Lahori Culture/Style. Lovin it ❤,49,2025-11-05T17:39:12Z,True
@teraboxxapk,I am a big fan of your unique content ideas ❤,0,2025-11-05T17:14:45Z,True
@moosasarwar3118,"Yaar, Lahore yaad agaya 🥹",0,2025-11-05T16:45:45Z,True
@A.Aart107,Itna khana Jata Kaha hae 😂,0,2025-11-05T16:39:56Z,True
@ahsanhall1814,one of the best video. with some best foodie people.,0,2025-11-05T16:11:23Z,True
@AliKhawaja-n9n,Sureela Sahib tikkon ki tikka boti nah ho jaye.,0,2025-11-05T16:08:05Z,True
@dazuotv,Thank you for the wonderful video on finding hidden street food in Lahore👍,1,2025-11-05T15:50:41Z,True
@aliaziz313,"Hamza Bhai! Have you ever noticed that most of these street food spots in Lahore don't literally have a decent sitting place where you can take your families. Why don't you educate or advise these people to atleast upgrade themselves in ambiance, and hygiene. If they are operating for the last 65 yrs and can't manage a decent hygienic plates and sitting then they are the biggest failures. They just Can't have a TASTE...",0,2025-11-05T15:40:47Z,True
@abbolai,"hamza bhai per case hona chaiya, koi is tarhan bhi karta hai yar? itna pani aya hua hai mun mein akhir hai yar",0,2025-11-05T15:40:32Z,True
@saifullahkhan3174,How can you assure that you lahori😊 are not eating Gadhay Ka Gosht.,0,2025-11-05T15:35:36Z,True
@MuhammadAffan-k1w,Bro try dhamaka roll from hadiq contact me if you want to try,0,2025-11-05T15:33:16Z,True
@fazi3166,Hamza bhai Pakistan ka street foods tu try ker lia ab country sy bahir ky street foods ka kuch idea lgay,0,2025-11-05T15:18:45Z,True
@imranqaser3053,Is bandy ko Pakistan ideal main ana chaiy❤,3,2025-11-05T15:11:37Z,True
@VlogswithSudais,Yaaaaaar New Jersey Ao? Aaapko Yahan Ke Bi Khanay Khilayein😍,2,2025-11-05T15:11:20Z,True
@jamaaalinaveedaftabrind2822,"@AliRehman1
Ali bhai, khanay k nawalay ko 2-3 seconds me q khatam kr dety ho, thora enjoy bhi kro, or ahista se khao 😊",0,2025-11-05T15:04:28Z,True
@danishbaig5168,One of the best vlog hamza bhai sureela bbq looking yummy and owner voice wah,7,2025-11-05T15:04:12Z,True
@SalmanKhan-ct1on,"New fikra from SK
Jara jameey he Lahore ay oudi gala hi kuchh aur hai🎉🎉🎉",1,2025-11-05T14:54:11Z,True
@MafiaQueen-m2q,"Yaar, Bhai, kabhi apne shehr Bahawalnager bhi chale jao, wahan ka food bhi bohot tasty hota ha. 😅❤",10,2025-11-05T14:48:01Z,True
@TheReaderbySameer,CUYTIYAPA on first Lunda Kebab 😂😂 bro eat one piece with chatney and give comment that’s it. You are going for street food and judging so much SHIT so please don’t talk to much just comment as you think for street food in Undroon Lahore don’t show your chut chalaki style please 🙏,0,2025-11-05T14:47:25Z,True
@dawoodali9422,RHS not enjoying first food 😂,301,2025-11-05T14:46:43Z,True
@ZIA-ZHK,Allah k bandy me job pe hn or mobile unlock kia or YouTube pe jnb bhai RHS ki video aa gai or video dekhy bina mobile waps rakhna jurm hai lekin video dekhty huy achanak se paet se awazn niklna lg gai or bhook ny tabiyat khrab kr di..  Bht aala bro hr video apki bht best hoti hai..  ❤ from Jhelum.,1,2025-11-05T14:43:35Z,True
@Apkachannel786,11:37 this is nice....wakai hidden food gem ..beef kebab qeema with beef Tikka boti ...great creativity,17,2025-11-05T14:38:04Z,True
@shehzadmalik7829,Mustrd restaurant review plzzz,0,2025-11-05T14:36:22Z,True
@shehzadmalik7829,Please make a video on mustrd restaurant,0,2025-11-05T14:36:04Z,True
@Apkachannel786,"7:25 ranay da food review eating fried kebab:

Fry Wala taste aa rha hai 😂😂",0,2025-11-05T14:34:09Z,True
@azmonswildworld,Kasm sa ak song hone chaiye 😂😂🎉🎉🎉,0,2025-11-05T14:31:23Z,True
@sarfrazlodhi7452,"Bht zabardast, apnay ya series bht achi start ki ha sb food explorer Kay sath videos start ki han",2,2025-11-05T14:30:01Z,True
@ghaznavi1951,"GOOD LOVELY BAR B Q FOOD AND A DECENT PRESENTATION, GREAT HAMZA.",4,2025-11-05T14:25:45Z,True
@Amnabutt118,Monal full menu ❤,0,2025-11-05T14:07:53Z,True
@masoomreza2681,Vicky panda or Amna ashraf rabiya inka Sath bhi video bani female pak food vloger k Sath plz ❤️❤️,1,2025-11-05T13:59:26Z,True
@fahadkapoor3404,i like this food and soorili awaaz,15,2025-11-05T13:56:28Z,True
@AbdulRafay-66,Review 14th street Pizzas please.,2,2025-11-05T13:55:17Z,True
