﻿author,comment,likes,published_at,is_relevant
@irfankhurshidkhurshid9969,Very welcome to Pakistan Lahore city ❤,0,2025-11-16T09:53:52Z,True
@shazprinz,"Welcome to my city Lahore ❤
 (Shahzad from Barcelona)",0,2025-10-30T09:11:12Z,True
@UsmanArshad-ym2ku,I am from Pakistan and living in france and the part of the video you showed food my mouth was full of water 😭 can’t wait to to go back btw hope you guys enjoyed it ❤,0,2025-10-11T17:04:44Z,True
@MuntazirMalik-q8c,I am from Pakistan lahore ❤❤❤❤❤,0,2025-10-05T18:04:53Z,True
@soniajkvlogs9187,Im pakistani uff 🤤🤤🤤Food you are eating chana chaat is my always fvrt,0,2025-09-22T16:47:33Z,True
@saadmaqbool,I live in Lahore,1,2025-09-22T04:09:26Z,True
@Thebeautyconnerbyzainab22,"Visit 
pc Burban Lahore 
Costa nostra Lahore 
Zock cafe Lahore",0,2025-09-19T07:29:56Z,True
@umairnadeem06,You should also visit Packages Mall and Dolmen Mall in Lahore,0,2025-09-18T00:20:14Z,True
@junaidarshad6265,Country site Country site staff,0,2025-09-14T14:34:51Z,True
@TahirMobeen-p6l6p,"I'm shift manager in kababjees restaurant in Emporium mall branch at second floor.! 🙂
Left side to the spice ree ( 9:02 ) from my angle ,and I think you eat rice and Burger Karachi tawa (tawa deal) maybe..!!!😅
I just guess..!!😂",0,2025-09-10T06:16:12Z,True
@ranaali7163,You miss local food,0,2025-09-06T13:30:41Z,True
@RizwanJutt-q7w,"You vizit DHA ,Gulbark, Defiance , Bahria Town ,Johar town pakistan rich aria",1,2025-07-27T09:10:54Z,True
@UsamaMughal-w5x4m,Not a expensive bro,0,2025-07-15T17:28:47Z,True
@jameslynch7826,"Why would you eat crap shopping mall food in Lahore which is famous for its cuisine.
Head down the back street.",0,2025-07-12T18:20:09Z,True
@bunchofpakistanis,@bevetravels 10:53 the person behind you doesnt seem too comfortable. please be aware of the people who surround you.,0,2025-06-20T11:15:08Z,True
@elitetaxis1976,were you using a bank card or cash in places? Where would you recommend for apartments for upto 8 people? Looking for a prime location close to Malls near Gulberg.,0,2025-04-11T22:28:30Z,True
@makhankhan5098,"COST OF FOOD ????
AND TRAVELLING",0,2025-02-15T23:12:49Z,True
@IWouldLikeToEast,"Well done Lahore, Pakistan! You have the best hospitality in the world. Don't become like Europeans, British, Americans, Australians or Kiwis, they are the worst in the world!",0,2025-02-14T10:00:20Z,True
@pkteawasfantastic27219,"Welcome To Land Of Beauty, Hospitality & Foodie 🌺💐🇵🇰 Hope so you will enjoy Pak Trip.",1,2025-01-21T14:29:56Z,True
@abbaskhalaf94,"Finally, i booked my ticket to visit lahore, karatchi, and other cities and villages,in Jun  but i am still concerned because i dont have any contacts in pakistan.",0,2025-01-21T02:44:40Z,True
@kung-fuhustle5755,The best thing about Pakistan is the food and the hospitality.,0,2025-01-09T10:52:16Z,True
@standxHere,"I am amazed by what you guys are thinking about South Asian countries ? We do eat magnum , B&R , London dairy or any brand you name ?? We have the best hotels ,vehicles, house parks ..We eat several times a day whatever we want , Don't follow your media , nobody is a slave and homeless here like you think ..",0,2025-01-04T14:59:15Z,True
@TariqKhan-we8zk,If you can't eat asked shoppers for package take aways ❤❤❤ you can take your hotel eat later,1,2025-01-02T13:56:40Z,True
@emmaelizabeth3652,Im from UK made my home inbLahore ❤,0,2024-12-28T17:50:56Z,True
@LudicrousPlatypus,Wow that hotel looks really nice.,0,2024-12-21T23:12:28Z,True
@Lochschwarz,"Pakistan's Punjab province has banned most outdoor activities and ordered shops, markets and malls in some areas to close early. The rules meant to curb illnesses caused by intense air pollution were imposed on November 11, 2024. Schools and public spaces like parks and zoos will be closed until November 17 in many places including Lahore – a city now considered to have the world's worst air quality, according to live ratings from the Swiss company IQAir.",0,2024-12-16T20:14:23Z,True
@KingKhan-m2t8r,Magnum 1 pound 50 pence not expensive bro,0,2024-12-15T20:02:57Z,True
@nazishrais9718,I'm from Pakistan and my dad is from Lahore,0,2024-12-11T08:26:58Z,True
@nasirhamza5625,Kofta like Bradford’s Sultanas and mint sauce (chutni) looks yummy ❤,0,2024-12-05T23:40:46Z,True
@nazarhayat5729,"mall staff
who work in the shops  if wears gloves and hair net 
its good",0,2024-12-01T02:46:33Z,True
@jayakumarkannan7137,Love  from lndia at TAMIL NADU l love Pakistan videos in the face book for viewers comments every day.,0,2024-11-29T18:12:01Z,True
@SpikeCarter,If you guys want to try some cheeseburgers you should visit SMASH or Brim Burgers. They serve the best beef burgers in Pakistan,0,2024-11-25T21:41:41Z,True
@mahmoodiqbal6666,Be careful in Lahore it might be donkey meat your eating 😂😂😂,0,2024-11-25T10:10:08Z,True
@bilalasgharsahi,"Pakistani Magnum is much more tasty then UK's, the milk content of Pakistani Magnum is more smooth.",0,2024-11-24T21:43:01Z,True
@AhmedAliihsan,Welcome in lahoree......,0,2024-11-24T19:23:46Z,True
@official4473,"Welcome to Pakistan You should visit Islamabad, Swat, Kaghan, Gilgit-Baltistan, Skardu, and if you are more fond of food, Gujranwala from Lahore is a must-visit once. It is number one in terms of food.",0,2024-11-24T08:33:33Z,True
@Pandher-GS,Be careful this is very very dangerous country. So many extremist here. Good luck . Your family must be worrying abut you.,1,2024-11-24T03:47:34Z,True
@moamer786,£1.44 for fresh magnum is well worth it we get frozen for the same amount  in uk,0,2024-11-23T22:42:23Z,True
@azharshahzad3568,Well come  Lahore  Pakistan 🇵🇰,0,2024-11-23T00:18:50Z,True
@Femmink,"This hotel deserved a better shoot, its beautiful 👌",0,2024-11-22T22:05:43Z,True
@Askamirniazi,"Welcome Lahore , Pakistan 🇵🇰",1,2024-11-22T09:52:51Z,True
@AliKhan_19301,Alhamdulillah enjoy.food looks lovely❤❤❤❤❤❤❤,1,2024-11-21T16:36:58Z,True
@ammarkhanSoftwareEngineer,Really 500 PKR Magnum Expensive?,0,2024-11-21T14:03:09Z,True
@Brigit-w8t,Which hotel in lahore is it. I will be visiting pakistan next year,0,2024-11-21T11:23:17Z,True
@bilalzaib8617,Welcome bro but you visit Kalam and kumrat Valley and also visit to Swad and also Azad Kashmir,0,2024-11-21T08:35:42Z,True
@muhammadnaeem5101,"Welcome to Lahore Pakistan.
Love from Lahore",1,2024-11-20T16:32:55Z,True
@zafjutt2337,The magnum is cheap tbh just under £1.50 bargain,0,2024-11-20T15:01:12Z,True
@bestsiblings321,"This food is basically indian touch. You should try authentic pakistani foods like nehari, paye and kuna.",1,2024-11-20T08:31:01Z,True
@MisterZ19,Wellcome to Lahore guys..! Hope you will have a lot of fun here and feel very safe and happy❤,2,2024-11-20T03:05:13Z,True
@kayltashi9264,I love Pakistani food❤,0,2024-11-19T23:07:11Z,True
@nshahid4515,Miss you Lahore my home town ❤,0,2024-11-19T22:54:15Z,True
@MuhammadbilalJavaid-c7r,Thanks to explore lahore in positive point of view,0,2024-11-19T21:10:40Z,True
@sheikh6842,Must mention the price of product you buy so people would get to know how cheaper things here in pakistan are ❤,0,2024-11-19T20:45:12Z,True
@haniakhan1979,Welcome to Lahore❤😊,0,2024-11-19T18:46:20Z,True
@muhammadtaaha6154,This is quality content! I live in Lahore and we welcome you with our heart ❤,0,2024-11-19T14:58:49Z,True
@usamagohar9864,i work at Lahore airport please let me know when will you be go back i wanna meet i work in airline ❤,0,2024-11-19T14:04:26Z,True
@haroonahmed146,"Lahore is as posh as any city in Europe but better food , hospitable people and less expensive 😂",1,2024-11-19T11:16:14Z,True
@demonyt3296,Bro i suggest you must Visit Defence Raya in Lahore its awesome there,0,2024-11-19T04:44:22Z,True
@embeEmbe_01,"5:10 500pkr is only £1.42 you cheap skate, lol😂  That's a bargain for a Magnum custom made ice cream",0,2024-11-18T23:08:58Z,True
@amuaaz,Welcome to Lahore🎉,0,2024-11-18T16:11:30Z,True
@DaniyalMughal-t5v,"What is name of this place in Lahore, Pakistan?",0,2024-11-18T16:03:07Z,True
@manikhan9299,"Please visit DHA RAYA 
Have fun",0,2024-11-18T14:30:25Z,True
@ThokuuSixtynine,Love from Lahore ❤,0,2024-11-18T11:56:57Z,True
@usmandotem,"Welcome to Lahore, be safe. enjoyyyy we love to have youuu !!",0,2024-11-18T09:13:00Z,True
@babarnawazkhan,"i will give 1 star to this hotel ( nine tree)  dirty bed sheets and dirty couches), and the staff always wanted to be tipped,on my way back due to flight delay i was offered a night in royal swiss near the airport and then i though i regret the desicion of staying at Nine tree",0,2024-11-18T01:59:59Z,True
@sidrajamil6460,"HI guys! Welcome to Pakistan, IF you do decide to visit KArachi, my family will be happy to host !!",0,2024-11-17T23:50:32Z,True
@amerrashid1703,Guys .. come on. You are in Pakistan 🇵🇰 eating Indian food with the dosa 😂 good content though non the less,0,2024-11-17T23:32:52Z,True
@bajajmotors9485,Sweet cream ice cream is also tasty,0,2024-11-17T19:38:12Z,True
@00786-d,I Love pakistani Food From Belgium,0,2024-11-17T17:53:31Z,True
@bibibajwa1191,I prefer Packages Mall Walton Rd Lahore.,0,2024-11-17T14:36:21Z,True
@azh-mf5uc,"I'm from London and I visited Lahore , Islamabad and Murree a few years back and had the time of my life with amazing experiences of the people , culture , views and unbelievable hospitality.

Speaking of the security I felt more safe in Pakistan than London.


The western media should be ashamed of how they portray Pakistan which has probably had a major impact on views from your family and friends I bet.",9,2024-11-17T12:59:52Z,True
@umairvlogs3484,"Pakistan is the beautiful country and you will never forget the food specially,people and the beautiful places",1,2024-11-17T12:49:29Z,True
@princetipo2051,Wich hotel u stying in?,0,2024-11-17T12:14:38Z,True
@Umarkhan-9280,0:22 I was born in Pakistan and I agree with your friends and family,0,2024-11-17T08:58:38Z,True
@shahidbutt7372,Avoid so much spicy you may not digest coz we use Spices a lot,0,2024-11-17T04:06:02Z,True
@Iliketosaynish,Prices in malls are twice the regular price outside.,0,2024-11-17T01:58:49Z,True
@goldbee6150,"500 rupees is like £1.50 , that’s an absolute bargain lol. Think he didn’t realise the exchange rate",0,2024-11-16T19:43:20Z,True
@selfmotivated1386,That magnum you said expensive … if its here in london it would be not less than £10,0,2024-11-16T19:28:57Z,True
@umarchaudhary5156,"You can't feel real Pakistan in these malls and 5 star hotel,, visit the wall city of Lahore",0,2024-11-16T18:33:02Z,True
@mehboobbutt1608,"Welcome Lahore 🌹🌹
 Stay Blessed ❤❤
 Lovely guest 🌹😍",1,2024-11-16T17:39:55Z,True
@anserkhan9430,"You at the right place for Pakistani food ,,.Lahore is famous world  wide!! You guys seem to be propa close couple stay blessed!!",0,2024-11-16T17:13:45Z,True
@MerajUddinSiddiqui,"Well Come To Land Of Beauty, Hospitality & Foodie 🌺💐🇵🇰",4,2024-11-16T15:31:07Z,True
@naveedimranofficial2825,The land of spice my lovely Pakistan,2,2024-11-16T14:23:27Z,True
@YasirCanoe-sq4ke,Welcome to Lahore ❤❤,0,2024-11-16T12:58:30Z,True
@KhshifAli-dq9pu,My city Lahore,0,2024-11-16T09:27:36Z,True
@SamiiAsif,First thing first no food is bad but compared to all the options at emporium mall you probably go to most average restaurants and Still like quite surprising.😂 Btw good luck to your journey❤,0,2024-11-16T03:18:45Z,True
@glacousxx,"Oh hey guys Pakistan is an amazing rich and beautiful country to visit.
I hope you two will enjoy 
Lahore is especially good.
But I hope you visit the mountainous regions like murree and human valley .
And go to Azad Kashmir as well it's breathtakingly beautiful.
Oh and also because you've started to upload videos about Pakistan unfortunately people from other countries will leave random hate comments so just saying.",1,2024-11-16T01:53:48Z,True
@HussainShabbir-n8y,Welcome Pakistan Lahore Lahore,0,2024-11-16T01:37:49Z,True
@unitepak,lahore Good places show thanks private sector & govt 1947 to now many thing make other wise when watch from west just old area show ==mega mall malls shopping mall amusement parks spari govt & private zooo .......... never show,0,2024-11-15T23:40:44Z,True
@tahirafzal3174,Try in Kashmir food mate,0,2024-11-15T21:03:23Z,True
@Cheema-l6u,Sorry guys it’s not the best time to visit Lahore just because of SMOG thing which is dangerously bad… I’ve no doubt about that you guys will love it.,0,2024-11-15T20:33:58Z,True
@saleemomran1664,"500 rupees, bro that's cheap you paid around £1.30 if that 🤣",0,2024-11-15T20:22:57Z,True
@RaHiAli-ph5nq,Well come my country Pakistan enjoy food enjoy city,0,2024-11-15T18:31:07Z,True
@Nizamuddin-fr8th,Welcome to Lahore,0,2024-11-15T15:43:45Z,True
@junkievideos,Smog kaha hey ? Why everything is clean and fresh ?,0,2024-11-15T14:52:12Z,True
@1atulibs,"500 pak rs ice cream is expensive , i.e. 1.8 dollar seriously ?",0,2024-11-15T13:28:47Z,True
@drhassanfareedortho8873,What is your hotel name,0,2024-11-15T08:42:35Z,True
@kamranahmed3252,"Hi Friends. Very warm welcome to my city Lahore and espacially my Project as an AirConditioning Engineer, Emporium Mall. I am feeling very emotional right now seeing u guys there. Airconditioning System of Mall area of this Project was completed by MIA Corporation and I had the honor of being part of it as Project Manager.  I have lots of memories about my 4 years at this esteemed project. Thank you for visiting my Project and giving me the pleasure of revisiting it. Wellcome again and dont worry u r safe here. You will be amazed to see the hospitality of Lahoris. GOD bless and enjoy.",23,2024-11-15T08:35:39Z,True
@Amanbutt77,Well Come to Pakistan 🇵🇰 guys. Don’t worry about anything just enjoy the trip & don’t forget to taste local food please 🙏.,0,2024-11-15T08:07:15Z,True
@userytgh,LTN to  Istanbul saw then karachi cheapest journey,0,2024-11-15T08:00:49Z,True
@AdnanAtique-s1l,Well come to lahore pakistan. Be safe and enjoy your stay here,0,2024-11-15T07:52:46Z,True
@AfzalAfzal-yx3ot,A heavy and huge love from Lahore for all our guests 😢😂❤,0,2024-11-15T06:58:54Z,True
@ChillLifeVlog,Did you guys explored walled city lahore shahi hamam masjid wazir khan chaju chobara etc?,0,2024-11-15T06:12:52Z,True
@LuckyAuto-h2s,love from lahore pakistan,0,2024-11-15T05:50:46Z,True
@saeedtajammal6778,Well come 🫴 to Lahore and Islamabad Pakistan ❤❤❤❤❤❤❤❤❤❤❤❤❤❤❤❤❤❤❤❤❤❤,0,2024-11-15T03:36:05Z,True
@afifmalghani5202,"Not the right time for Lahore, TBH 😂",0,2024-11-15T00:19:15Z,True
@catchylira1551,"Hi Guys, Whenever you visit Karachi, you must visit Lucky One Mall. It is South Asia's Biggest Shopping Mall! And please discover The North Walk Shopping Mall. It has a Unique Shopping Mall! I suggest two beautiful shopping malls in Karachi. Please go there and make vlogs. In your next vlog, I will tell you the good places for food in Karachi. Thanks to come Pakistan",0,2024-11-14T23:21:58Z,True
@olivershakeel5050,"If your are in Lahore don’t miss to visit fortress stadium square mall 
Amazing fantastic clean superb mall like this",1,2024-11-14T23:07:34Z,True
@itxfe4r342,Bad time of the year to visit  lahore/punjab,0,2024-11-14T21:46:35Z,True
@alphasubscription6741,Well done guys!! Hope you enjoy!! Lots of love from Lahore. Please if you need any information anything just drop me a message under this comment. I’m from Lahore but currently in Manchester,0,2024-11-14T19:10:03Z,True
@asadchaudhry333,Welcome to Pakistan 🇵🇰♥️ my sister and brother ❤❤ love from Lahore Pakistan 🇵🇰,0,2024-11-14T17:11:31Z,True
@imranhamid1788,"Great vlog. You're right, Pakistanis love their burgers.",0,2024-11-14T16:54:04Z,True
@sairfan06,"This is really sad that how Western world is pushhing Pakistan towards dark side, by all means like not direct flights, they do not import things even if they are cheap and better quality etc. I would like to say thanks to this couple  for exploring the truth.",0,2024-11-14T16:29:13Z,True
@Abdullah-751,You came to Pakistan especially Lahore on wrong time 😅,0,2024-11-14T15:46:42Z,True
@aranesthesia,Kindly visit .old city lahore .whichnis adventure ...this mall is not  representative of pakistan..,0,2024-11-14T15:29:26Z,True
@gamecollector5507,"Hey, great to see you guys having a fun time time. Loved when you read the food names on the menu. Stay blessed.",0,2024-11-14T12:49:16Z,True
@shahgulghani,Welcome to Ppppppppppakiistannnnnnnn😊 keep your self we'll dehydrated with water and culture,0,2024-11-14T12:36:10Z,True
@yahyakhan763,worst time to travel lahore tbh. smog s killing us thesedays,0,2024-11-14T09:53:58Z,True
@qidaarshah,Love Life Lahoree ❤,0,2024-11-14T07:55:54Z,True
@JiyaTop10,"Welcome to Pakistan.. enjoy your stay here and visit Karachi eat nihari, paye and chicken biryani in Karachi",0,2024-11-14T07:46:09Z,True
@mcmc1968,Welcoming to Pakistan 🇵🇰 and my city lahore ❤from 🇬🇧london,0,2024-11-14T07:19:59Z,True
@reflectasahuman9209,Will you visit Karachi? I want to suggest you good places especially for the food.,0,2024-11-14T04:55:16Z,True
@wasiqatiq2774,"Welcome to Pakistan, the land of most hospitable people.. Unfortunately there is some racism in our country and maybe that's the reason you were stopped at the mall or it might be for some Security Concerns regarding other people, but still you don't need to worry about that because we all Pakistani passport holders are treated the same way or the worst when we travel to Western countries and it has nothing to do with us. The western media do propaganda against us all around the world and people believe that all Pakistani people are either criminals or terrorist, but in reality everyone falls in love with Pakistan or Pakistani people when they travel to Pakistan. Enjoy your Trip 🤗",0,2024-11-14T04:44:37Z,True
@Usama7255,Must try #Howdy's burger,0,2024-11-14T04:22:29Z,True
@zohaibjaved9275,Guys welcome to Pakistan Do Visit DHA Raya in Lahore,0,2024-11-14T04:03:56Z,True
@entertainment111d,welcome to our land enjoy the food😀,0,2024-11-14T03:32:19Z,True
@RivoBakx,Smog in Lahore 💀,1,2024-11-14T02:46:59Z,True
@detroitdawg81,"Pretty condescending for you to keep saying i dont believe they have this here, in pakistan. I mean what did you expect camels and sheep everywhere?? get off your pedestal and england isnt exactly a first rate country anymore.",0,2024-11-14T02:12:55Z,True
@Saj14356,"At this time there is turmoil in the country yes everyone is so busy in their livelihood 
But I have been there never had any issues people are helpful. The only thing when you visit villagers they insist to have tea or a drink even when you say no that’s it apart from that Islamabaad town centre is much better then ones in UK",0,2024-11-14T02:12:14Z,True
@arshadmohammed1127,"How ironic that these collaborators, instead of being called 'traitors', were hailed as heroes and Mujhaids, and were given high rewards. If we call this region, 'Azad Kashmir', a name given by those who conspired to conquer our homeland by violating a written treaty called Standstill Agreement; we are, in essence, justifying that illegal invasion and occupation.",0,2024-11-14T01:44:05Z,True
@arshadmohammed1127,"When Pakistan did not come into existence, then the state of Jammu and Kashmir was a country with its own assembly, Prime Minister, State Bank, Judiciary, and other intentions. When Pakistan was created, the Muslim Conference was a political party that raised the slogan of joining Pakistan. In such a situation, how can Kashmiris join Pakistan? Even 2000 MW is being generated in Arad Kashmir and Azad Kashmir needs only 4 MW, so the electricity is cheap because it is not given.",0,2024-11-14T01:43:47Z,True
@qasimzia1285,Use N95 Facemasks in Lahore. The Smog is pretty bad out there. You wouldn't wanna get throat infection on this tour!,0,2024-11-14T01:29:20Z,True
@shayyanali3428,"Warm Welcome Bob & Eve to Lahore, Pakistan. Enjoy ur stay & explore wonderful locations around 💚",0,2024-11-14T01:28:14Z,True
@Kioki1-x8p,"You should try Makhani Karahi for some good mutton or beef dishes, I love eating it whenever I decide to visit",0,2024-11-13T23:58:08Z,True
@talhahassan2649,"People are running away from Lahore, and you are coming to Lahore 😂😅",0,2024-11-13T23:31:20Z,True
@RoamingRelaxation,Lahore never fails to impress! Loved seeing your first reactions – from the vibrant streets to the grand Emporium Mall! Pakistan’s hospitality and culture truly make it an unforgettable experience. Can’t wait to see more of your journey!,34,2024-11-13T22:42:21Z,True
@MuhammadHafeez-wx5pr,"Welcome to Pakistan Bro , hafeez from Lahore, Pakistan",0,2024-11-13T21:28:35Z,True
@yasirzubair20,"11:19 - You could have ask the waiter to pack the leftover food, so you can take it with you? :D",3,2024-11-13T21:09:34Z,True
@rashidramzan4172,"I'm so glad you have arrived in Lahore safely from Hounslow East tube station, I'm pretty sure you will enjoy every second of your time in Pakistan it will be one of your best experiences, especially on the food side. Once you're back in London, I invite you both for a local curry and a catch-up on your return. Thanks, Rash London",0,2024-11-13T20:05:57Z,True
@truthteller7315,"guys , im a pakistani living in london, please be careful about eating street food , you could easily get sick and then spoil your holiday. make sure wherever you eat is hygienic and drink bottled water or boiled water.",2,2024-11-13T19:53:01Z,True
@Ahsen_Ashfaq,Hey there when u came Islamabad please do tell me.i want to invite u here at lunch or dinner at my home,0,2024-11-13T18:57:43Z,True
@RizwanaSaghar,"If you have any leftover food, you can get it packed and give it to someone poor on the streets.",0,2024-11-13T18:53:06Z,True
@imaadkhanofficial,Welcome to lahore,0,2024-11-13T18:44:09Z,True
@MAH-w3v,"Welcome to come Lahore,",9,2024-11-13T18:14:12Z,True
@nomankhokhar1482,Hi welcome to pakistan guys u can go DHA area and Bahria town I hope u can enjoy,0,2024-11-13T18:01:21Z,True
@agul5758,"I watched twice especially food part n Mall 😊😊😊 mouthwatering yumm yummm 😊  
I m craving for Pakistani street food channa chaat fruit chaat  Dhahi Bhura  Phulki samosa chaat  Gool Gupa  pakoras

U both must try Pakistani cakes ice creams local food businesses  for pizza n burgers wraps  so famous  in Pakistan 

If u feel u sick ( If God For bid )  drink plenty of water n keep yougurt  hv yougurts  n buy Isbaghool packs  very helpful 😊",0,2024-11-13T15:17:21Z,True
@Rasheed-im1bn,"Please visit north Pakistan,  and Pakistan,  Lahore 4  biggest mall,, Gulbary Lahore,,Lahore defence raya city,  bahria twon city,  DHA city,  phase city modern twon,,, brands market,  street food market,  and visit  lslambad  city ,  bahria twon city,, park view city,  and DHA city,,, F_markaz city , Gulbary lslambad, all beautiful  twon,,, and  Multan  Gulbary city,  DHA city,  new  multan city,  modern twon,  brands  road market,  street food market,  and  Karachi  city ,bahria twon city,,, DHA city, brands market and  street food market ,modern twon ,,, DHA phase city,  please visit  full Karachi,,,  Gujarwala city,  brands market,  street food market, modern  twon,,, all beautiful  place Gujarwala,,, Lahore  metro train,  metro bus, ,,, luxury hotel and luxury bus and luxury 9 biggest shopping mall,  in Pakistan,  and north Pakistan  beautiful place in  north Pakistan ❤❤😊😊🇵🇰🇵🇰🇵🇰🇵🇰🇵🇰🇵🇰",1,2024-11-13T14:49:11Z,True
@agul5758,"Nice vlog  👌 
One thing for sure u ll not  get this comment  on this vlog 
Hey where are women     
 
 Forin vloggers visitors come thy go to old sites old bazars  historical  places   thy manily focus on exploring as mush as thy can  their nice vlogs with hardwork n edit  receive these comments  
Where r women  some just come to see women  😕 😩  not for seeing places  history n developments  in comment section. 

U both started well  keep it up  Pakistan  is not wat media show  stone age old back wrd   Pakistanies r proud of historical places feel pride for modern developments Malls theme parks water parks go carting car bikes races  lifts zip lines moter ways  new resources of transportation  along with old beautiful buses trucks in Pakistan  old houses n new housing schemes  all worth  visiting,  good thing about Pakistan  its lively  more entertaining energetic in evenings n at night  streers r lively restaurant  street food  markets Malls bz bz . U can enjoy till late its absolutely safe .  Families  frnds mates  go out  for enjoyment. 

Food portions realy massive in Pakistan  u can pack n take in hotel   enjoy food . Its yummy
Pakistan zindabad",0,2024-11-13T14:42:38Z,True
@abdullah45o,"hey guys i have reccomendation list of foods and places you guys would love pleas do visit them
Lahore: Badshahi mosque, (junoon heritage resturant,haveli,cocos den) these are all in fort road food street pleas just visit them if not eat its the most beautiful culutural resturants
Islamabad:  Faisal mosque,pakistan monument,centaurus mall,kohsar market
Karachi: Bahria town,do darya
places that you would love if you like to be in nature: Gilgit,deosai national park,hunza valley,fairy medows,attabad lake

FOOD : namkeen  karai from shinwari resturant,samosa chat  from rasheed sweets,halwa puri from rasheed sweets,gulab jamun from any bakery,javed nihari karachi or nihari inn islamabad
pleas do try them im sure you guys would love it they are must visit in pakistan",1,2024-11-13T13:26:19Z,True
@zahidch1386,Im glad to see that you choose local food over westren fast food. Hope you like it.,6,2024-11-13T13:24:31Z,True
@shahzadaslam384,"becareful with street food,   my advise do not take anything liquid from street vendors,  some of them use tap water     also don't eat anything cold and not fresh     but anything freshly cooked and hot is ok to consume for westerners   beaware of spices in food from street vendors",0,2024-11-13T13:04:57Z,True
@bragasounds2771,"Let us know if u need anything, whatever it is will also invite u guys on dinner at our home... stay blessed enjoy ur time in pakistan 🇵🇰",0,2024-11-13T12:43:04Z,True
@amiralija9492,You guys get wrong place go to street food gonna enjoy there,0,2024-11-13T11:55:10Z,True
@ahsanraza-graphicdesignert1609,"Welcome Guys...to the land of hospitality  and amazing northern landscapes :) From Lahore, Pakistan",10,2024-11-13T11:00:29Z,True
@nadeembutt4021,"Welcome to the great city of Lahore, if you are into mall, please do visit the packages mall as well and guess what, you arrived at the right time in Lahore, because probably the biggest mall of Lahore is about to open its door. Its called the ""Dolmen Mall"" and it is located in DHA Phase 6. Please do not forget to visit fairways commercial in DHA Phase 6. Enjoy Lahore city and cheers....!!!",0,2024-11-13T10:50:36Z,True
@R3UX4,"Welcome to Lahore, Bob and Eve! 🇵🇰✨ Get ready for an adventure filled with amazing food, vibrant colors, and the warmest hospitality you can imagine! Hope you’ve packed stretchy pants because Lahore’s food game is no joke – you’ll be taking back more than just memories! 😆 Can’t wait to see you explore the ‘City of Gardens’ and all its hidden gems. Have a blast and get ready to fall in love with Pakistan! 🌆",16,2024-11-13T10:05:18Z,True
@mahershah1836,Bad time to travel Lahore and multan because of smoge u should go to islamabad and karachi... weather is good there...,1,2024-11-13T09:59:34Z,True
@AJ-wu8bc,Welcome to my hometown Lahore guys! Let me know if you want someone to show you around or for tips on where to go and what to see. 😊,25,2024-11-13T09:08:08Z,True
@MuhammadUsman-dk4kt,Welcome to Lahore !,112,2024-11-13T07:21:38Z,True
@Nobodyofficial-g6t,I dont know if you remeber butt i meet you when you are in islamabad in faisal mosque🎉,1,2024-11-12T12:54:13Z,True
