﻿author,comment,likes,published_at,is_relevant
@happyprince26,"Safffaaiii tu buhaaaatttt ziyadaaa haaa wahhh buhaaaatttt heavy duty haaa... 


Jisme customer mein lassi peeni osme hath dala jaa Raha or sath mein na koi gloves or naa koi saffai",0,2025-11-02T18:48:38Z,True
@Titus213-m2n,Bro stash the cup of that nasty scooped up vermin food😂,0,2025-07-30T01:57:17Z,True
@Muneebali1only,Lahori itni lassi pee ky Toon hojty hain phr raat ko choriya krty pherty  Hain,0,2025-07-26T09:08:54Z,True
@hamidperser,Gloves and hygiene are unknown words there!!!,0,2025-07-23T03:58:56Z,True
@ZarreenShaikh-g5v,Isso dhek ke toh aisa lagra hai ki Adhi lassi toh yahi kajata hoga 😂😂😂😂,1,2025-06-09T03:03:26Z,True
@haruto1004,Boomer stopped killing survivors and started selling lassi,0,2025-05-18T12:38:28Z,True
@aliarslan9897,Me pindi ka hn but ❤❤❤❤ Lahore ❤❤❤❤,0,2025-03-29T06:29:12Z,True
@amirxxx6663,Jo khota kha saktay hain un keh liyeh yeh gand or pasenay wali lassi to koi chez hi nahi 😂,0,2025-03-14T18:03:52Z,True
@MOHAMMADSAQIB-n7g,MBA kiya hoa bnda pechay lassi pack kr rha hai,1,2024-11-14T18:12:14Z,True
@bilalali-vd8vd,Kidhar h ye,0,2024-10-06T23:09:17Z,True
@naveediqbal8635,Lgta he baba adha dhi khud he kha jata he,0,2024-09-17T13:47:51Z,True
@asifmirza3447,Aapoon lassi thori peeni see,0,2024-09-17T09:19:57Z,True
@jamilkhan2056,I guarantee i will identify 100s of hygiene faults there... guarantee...,0,2024-08-29T21:13:09Z,True
@hafizrehanshafi9635,"Ye hoti he paisy ki hirs, ye itna mota aadmi he isko apna ilaj krwana chahie yahan beth kr dahi bech rha he",0,2024-08-25T18:43:10Z,True
@abrarlodhi1,"Me Iski lassi Pi hoi ha
Ye andoor lahore me choti si Gali me shop ha iski gali k kony per
But Lassi Ka zaiqa Level hota ha
Lassi k lia apko subha subha token lyna perta ha or phir bari mushkiL se bari ati ha
Last time me jab Lassi pi ti to 130 Ka 1 glass tha ab Ka koi pata ni",0,2024-08-25T14:48:48Z,True
@imranbhadwal5153,"Lassi kamal haai , men ne pee hai 👍💯",0,2024-08-21T10:06:50Z,True
@nadeemqureshi3758,Palwan g ap v eho gai lassi p p k double decker bnay pai ne..😂,0,2024-08-17T03:04:57Z,True
@adullahbhatti249,Liver fail lassi,0,2024-07-07T13:09:21Z,True
@itsallaboutgamez8884,Lassi ki machine dahi nikaltay hue,0,2024-07-05T07:32:34Z,True
@chuss207,Jeda g ko wash room b jane diya kro itna rush na dalo,0,2024-07-04T18:53:34Z,True
@Lotto_lotterypredictions,Time waste ais se acha apne elaqey se he pe lu lassi,0,2024-06-28T20:32:01Z,True
@drsaddambaloch5511,Hygiene k sahe maa behn howi pardhi hai 😂😂,0,2024-06-25T19:40:46Z,True
@haqiqimanzilallah366,Dahi tu tere pet ke lite pori nhi Hoti hogi,0,2024-06-24T19:08:23Z,True
@mohammadnadeemmnadeem2607,Jo dahhi ki condition hai 💯% powder ka kamaal hai powder k bagher dahhi kabhi bhi aisi nahin banti😅,0,2024-06-24T18:43:12Z,True
@sardarumar9289,Not lassi but dahi.. and this unhygienic guy and place.. I have tried it and it's nothing more than drinking dahi 😂😂,0,2024-06-24T05:59:16Z,True
@opticalstree,"Last year main pakistan gya tha or bahout khush tha k jisko YouTube pr dekhta tha us k paas ja ke aaj lassi piyenge, main or mere sath ek bujurag uncle the Jo bimar bhee the to jab hum inke paas gaye to unho ne Barre attitude mein baat ki or lassi k liye inkaar kr diya😢mana k time k hisaab se shuru krte hain but k tehzeeb to honi chahiye guys khaas to pe apne desh k mehmaano k liye..!!",0,2024-06-20T18:30:24Z,True
@anish3d,The shirt the made of daily lassi deposits.,0,2024-06-17T07:41:22Z,True
@RANGREZZZ_AMAN,Jagah wahi hai kam bhi whi hai  log bhi wahi hai dharm badal gaya hai,0,2024-06-16T17:42:01Z,True
@gustavoofringg,Junk food final boss,0,2024-06-15T11:24:36Z,True
@duneboogie117,"Anymore these food vendor videos from various corners of the world all have a few things in common,:food exposure to either bare foot toe jam,finger nail exscrimits and /or someones inner thighs surrounding the dish/pot with countless textbook high level  contaminants which are easily spotted in any given frame blindly paused on .........smh",0,2024-06-15T10:54:50Z,True
@TashaMyers-561,His farts....👉🏽str8t in the food🤢🤮,0,2024-06-15T09:55:42Z,True
@gregoyo9231,"_I guess their prevailing attitude is:_
*_Hygiene_*_ be damned - it's over-rated anyway._",0,2024-06-15T07:30:06Z,True
@Mattyiice22,Is it a requirement outside of the United States that everyone puts theirs hands in the food asking for a friend,0,2024-06-15T04:17:56Z,True
@baggzloaded,I don't want him around the food.,0,2024-06-14T23:35:46Z,True
@Iisplittle,Screw the food I want dudes toes!,0,2024-06-14T22:57:51Z,True
@rudolpharmijo5488,While his sweat drips into the food,0,2024-06-14T22:00:43Z,True
@Honeybatger,Absolutely no hygiene standard in India for restaurant owners. LOOK @ HOW DIRTY THAT PLACE IS,0,2024-06-14T02:39:37Z,True
@goatpotasium3273,That shit probably tastes really good tho 😅,0,2024-06-13T13:49:36Z,True
@ofavivianakoachere9551,He looks like he eats babies for breakfast.,0,2024-06-13T09:32:14Z,True
@pablotoo948,More like Jabba Lassi,0,2024-06-13T04:15:49Z,True
@dead-beat4694,Many viewers don't know. There's a tube connected to his stomach pumping his lard straight into that bowl,0,2024-06-12T16:38:50Z,True
@umerqureshi4258,*Street food final boss*,0,2024-06-12T15:46:50Z,True
@mralbindutta288,"😂  mera  #SPUM   la..lo. 
     
Lassi  marka  🌺😁",0,2024-06-12T08:51:44Z,True
@RichardHelfrichDeveloper,This is the guy who decides how big everyone else's rations are going to be,0,2024-06-11T16:50:15Z,True
@Dhillonclothes,ਰਿੜਕਣੇ ਤੋਂ wadha ਢਿੱਡ ਆ ਇਹਦਾ 😂😂😂😂😂😂,0,2024-06-11T10:26:42Z,True
@microwaverecipeandvegcooki656,Lassi banatr banate pi bhi jata hai side effects 😂,0,2024-06-11T09:39:57Z,True
@montecali619,Hygiene is very important when making people's food.,1,2024-06-11T06:55:48Z,True
@NeverThatx2,Not gunna lie he prolly hella strong,0,2024-06-11T02:27:52Z,True
@monkashroom,Making money but cant buy a useful spoon,0,2024-06-10T20:05:35Z,True
@ZakirShaikh-lf7qz,Jeeda Lassi❌jaadha Lassi✅,0,2024-06-10T19:24:56Z,True
@Pakistanirajpoot8375,"Araror r camical sa bani ha 2 number lassi ma wahi rhta h dekhta hm kesy banaty hm 😂😂😂😂😂😂😂log jahil hn Kya ghand Pila rhy hn logo ko 
Desi ghee b 2 number ha ghndi chrbi ka",0,2024-06-10T05:15:04Z,True
@yuvrajbhosale3415,Thodi der k baad uncle ji ka pet lassi me aa jayega 😂,0,2024-06-09T08:49:02Z,True
@d.toothpain4155,That stuff comes out of he's  bellybutton,0,2024-06-09T06:12:48Z,True
@spikyendsenpai64,He looks like he eats that shit for breakfast lucnh and dinner 🤧,0,2024-06-09T05:54:27Z,True
@mikeramey1033,Ok.. so im fat.. im 6ft 1in 330lbs.. i have high blood pressure and issues from being as big as i am.. how tf does this guy not have a stroke daily,0,2024-06-09T03:21:03Z,True
@Mingotheking,He don’t need to be working with all that food no more,0,2024-06-09T01:14:27Z,True
@lifeisbeautiful6916,itnaa Mota Paiya... Gujjero ko Pata nahi Ye Binari Kyun Hoti ha..,0,2024-06-08T15:50:12Z,True
@senecagreen8380,Just blows my mind ..🤯 these videos hit different fisher😂😂😂😉✌🏾,0,2024-06-08T10:44:27Z,True
@Chemdok,The word hygiene cannot be found in Indian street food.,0,2024-06-07T17:00:08Z,True
@keithbrien8929,I wouldn't touch that food,0,2024-06-06T06:41:51Z,True
@zoobie2000,Hygiene is his passion,0,2024-06-05T23:17:15Z,True
@amon096,Hygiene is illegal in india 😂,0,2024-06-05T23:10:31Z,True
@balls12324,Smegma buttah ☢️☢️👹,0,2024-06-03T22:45:55Z,True
@kylemartinez3139,He’s tasted too much of his product.,0,2024-06-03T04:43:10Z,True
@Adamblu,Buddy needs to quit playing with food  and put some shoes on mf,0,2024-06-03T01:22:06Z,True
@SarahPage021,What food is that?,0,2024-06-02T04:34:09Z,True
@raviyadav7854,"Matlab log abhi bhi vaha Dahi , lassi kharid sakte hai.",0,2024-06-01T20:28:34Z,True
@Loneranger235,Is there any Food & hygiene department in town ??,0,2024-05-31T15:16:39Z,True
@OscarHernandez-rj1dl,Man will they give food it gets dirty,0,2024-05-31T02:48:16Z,True
@ernestprieto3897,Nope you’re not touching my food,0,2024-05-30T23:13:36Z,True
@MM-zj8be,Who the eff would buy food from that guy...,0,2024-05-30T05:49:58Z,True
@Theteachertrove_33556,Allah Meherban to Gadha pahalvan😂😂😂,0,2024-05-30T04:25:16Z,True
@Fernando-e1m6u,"Like the Notorious BIG once said , when he read the ten Crack Commandments, don't get high on your own supply. In his case, don't eat your supplies",0,2024-05-29T20:49:23Z,True
@rockkktheparty9366,Uncle ne sirf lassi pi hai zindagi bhar .....matka bharke dahi jamaya hai,0,2024-05-29T19:38:58Z,True
@real461,pasine wi lassi,0,2024-05-28T14:57:07Z,True
@yogeshwart2673,We can see more ghee butter in him rather than in shop,0,2024-05-27T18:57:57Z,True
@Moe_Lester_fromUptwn,"Bro this Man!. This Man! Right HERE Farts in your Food! 
No IFs or BUTs.",0,2024-05-27T16:45:25Z,True
@Top-notchdiaries,I want to try your lassi from naga boys from Nagaland.,0,2024-05-26T22:29:13Z,True
@JuanSanchez-zz6jx,Looks very healthy food and clean chef ! 🤢🤢🤢,0,2024-05-26T22:25:56Z,True
@SigridStrobel,Pfui deibel. Hygiene lässt grüßen. 😢,0,2024-05-26T21:55:06Z,True
@free_bushcraft-h1r,Uncle's tummy is bigger than me😁,0,2024-05-26T19:37:46Z,True
@thomasgrabham5184,That be the last person i want to cook for my family,0,2024-05-26T17:58:54Z,True
@rajashekarraosantapuri5415,It's looks like his family business 🤣 must be smelling it since years..but his kids are lucky born rich❤,0,2024-05-26T17:36:35Z,True
@ajit9247,I think he drinks all lassi at the end of a day....😂,0,2024-05-26T17:31:00Z,True
@rahulkumar-bd8ob,baaki bucchi Hui lassi khud kha jata hai,0,2024-05-26T15:44:37Z,True
@dimitridelafield4536,He literally looks like the troll king from the hobbit,0,2024-05-26T15:33:40Z,True
@dulcettonezzz8229,Mmmmm. Slop. Yummy 😋,0,2024-05-26T14:34:32Z,True
@urbanhesse6084,ok OK 😣😞 🚫next time you pick the restaurant,0,2024-05-26T13:20:31Z,True
@faisalshah4223,Shehzada lassi wala❤,1,2024-05-26T12:02:46Z,True
@jaydeepsamantray3333,Final boss of street food,0,2024-05-26T10:42:36Z,True
@hichamkettaly4246,I ll die with no food and not touching this🤮🤮🤮🤮🤮,0,2024-05-26T10:23:09Z,True
@gooddaykriibve6448,Baapare lkta budha pura khaliya 😂😂😂,0,2024-05-26T09:55:09Z,True
@taariqqqq,Yeh lassi pi ker jede wala haal hi ho ga,0,2024-05-26T05:47:30Z,True
@YourWayYHWH,I bet he adds all kinds of extra stuff to whateve that is. I wouldnt allow him to use my restroom let alone work around my food,0,2024-05-26T05:37:04Z,True
@jasontowne120,How the U.S. Govt will be distributing food to people in the year 2075,0,2024-05-26T03:35:12Z,True
@Vimptocandle,Hmmmmm he gives me confidence of hygiene,70,2024-05-26T01:23:59Z,True
@leluckkisstyLor,Your abdomen very big,0,2024-05-25T19:07:50Z,True
@김헨리-d2p,Vladimir Harkonnen's sideline before the discovery of spice.,0,2024-05-25T16:04:40Z,True
@SufiyanKhan-eg4rg,Ajeeb baat hai matka lassi bana raha hai 😂😂😂😂😂😂😂😂😂,0,2024-05-25T15:22:37Z,True
@ziakhan-qw9zi,"Pure Punjabi Pahelwan Parson "" Shair e Lahore or Shair e Punjab Pakistan""",0,2024-05-25T12:20:46Z,True
@aaaa649y,Khudka lassi nikalke rakhta hoga,0,2024-05-25T11:20:22Z,True
@vjj6258,You don't need to buy salt.. 😂,0,2024-05-25T10:24:16Z,True
@mahalalel7771,Gnat butter in every crevasse. 😂,1,2024-05-24T22:55:52Z,True
@romkc3,"Disgraceful, disgusting and unhealthy. Hygiene, cleanliness zero😮😮😮",1,2024-05-24T18:51:41Z,True
@garudalook2902,How much price per litre,0,2024-05-24T09:26:57Z,True
@famecorona84,Biggest leprechaun I’ve ever ever seen,0,2024-05-24T04:47:35Z,True
@rosebailey7009,Knuckles in Cream of Sweat—Yummy!,6,2024-05-24T04:44:29Z,True
@botelloheritage12,We found the Indian street food final boss,0,2024-05-24T04:10:10Z,True
@Unabridged-j3h,"He’s proof the food is great, but I’ll pass!",0,2024-05-23T21:31:18Z,True
@AndyMan-y9f,"I wouldn't want Jabba the Hut anywhere near my food, no gloves either, bet he scratched that hairy crack all day long, ewe no shoes either 🤮💩🤡👹",2,2024-05-23T20:23:41Z,True
@camskittle4841,Hes the final food boss,0,2024-05-23T19:25:35Z,True
@ahmedfayez1973,"Is this food cause fatness and cause disease ? 
The foodmaker : it converts me to a disease it self😅",0,2024-05-23T17:57:20Z,True
@yogendrachandel3301,jis gaaye ka lassi bechta hai usi bejubaan ko kaat ke khate ho Pakistan ko china waale apni lassi pilate hai artificial wala,0,2024-05-23T15:47:49Z,True
@mithileshsharma7171,Yeh buddha thore din bat phatjayega😂,0,2024-05-23T15:19:38Z,True
@jimmyfields3654,Dinner sir 😂😂😂😂😂😂,0,2024-05-23T08:17:14Z,True
@stevepritchard9600,"You can see where all the excess food goes, looks like he last moved back in the 80s",0,2024-05-22T15:51:16Z,True
@daspecialist1220,He stole his portion from the gate!,0,2024-05-22T03:28:25Z,True
@SiddharthDubey-pv1gl,Final boss of indian street food 😂,0,2024-05-21T18:25:13Z,True
@chrishuban3595,"You know, him not wearing gloves, just adds a little extra flavor.",0,2024-05-21T10:27:44Z,True
@midwest1389,Wonder if anyone told him Casey's has thin crust pizza now,0,2024-05-20T16:34:54Z,True
@monakhan9511,Uncle ne apne pat me pura lahore basa liya😂😂😂😂,0,2024-05-20T15:33:34Z,True
@raghumadhura4148,His stomach is full of lassi😂😂😂,1,2024-05-20T06:25:33Z,True
@yashyadav7226,Dukaan hi pet me leke ghum rha hai matka lassi😂,0,2024-05-19T20:39:53Z,True
@Nelle996,Indian street food final boss,24,2024-05-19T16:45:24Z,True
@ashokkumarkumar9775,Lassi special is liye hai kyuki thuk ke dete hai😅😅😅,0,2024-05-19T13:53:13Z,True
@kishanmali6156,Matke jaisa. To pet ho Raha h lassi k ade aa raha h😅,0,2024-05-19T11:55:36Z,True
@vinny.deadmou5d46,"This is why, unfortunately i could never visit these countries bc i would constantly be stuck on the toilet n sick",0,2024-05-19T02:00:57Z,True
@Oliv-x3p,His appearance makes me put off his lassi n without gloves its definitely off for my menu,0,2024-05-19T00:23:43Z,True
@Shifty26,I would not accept food coming from tjis man,0,2024-05-18T23:50:23Z,True
@420-GERM4NY,Tag the guy who's making fun of indian streetfood😅,0,2024-05-18T22:39:43Z,True
@Khan_ahmedali-m4y,Chacha ne pet mein bhi lassi bhar rakhi hai 😂,0,2024-05-18T19:48:22Z,True
@ahsannaqvi0512,Lasi hai ....achi hai....ghar me is se bhi achi hoti hai....bus duniya jahil hai....!!,0,2024-05-18T19:46:56Z,True
@SonyBlack92,"Ekelhaft bin froh in ein sauberes Land und mit Hygiene zu leben in Deutschland. 
Wenn man dort was isst oder trinkt was offen ist kannst du automatisch von einer Brücke springen 🤣",0,2024-05-18T19:21:49Z,True
@Islamic_shortsofficial786,Lassi ka power,0,2024-05-18T15:15:02Z,True
@briansoutherland,He put the butter in the cup like I will drink this in a minute,0,2024-05-18T14:28:35Z,True
@Alpha_Monk3,Lagta hai apne peit me lassi store karta hai,0,2024-05-18T12:40:42Z,True
@a213f9,Jabba the hutt selling lassi...,0,2024-05-18T08:29:33Z,True
@fouad.m,India dirty food,0,2024-05-18T02:21:35Z,True
@reflectiveCharm,Hygiene is such an important part of life,0,2024-05-18T02:07:08Z,True
@guillermorodriguez6952,Quiero saber dónde queda el restaurante para no entrar nunca.,0,2024-05-17T21:45:02Z,True
@CPT2ANC,Nick name “hot Cheeto”,0,2024-05-17T19:26:30Z,True
@walterdemarco6191,Go in uk you make me. All derty people make money in England,0,2024-05-17T18:18:01Z,True
@Snr1768,Well that's postponed my dinner,0,2024-05-17T17:14:43Z,True
@danielkemp868,"In the words of Bruce Lee ""Don't just drink the Lassi, BECOME the Lassi.""",1,2024-05-17T15:09:14Z,True
@ben1763,Big up the Gingers,0,2024-05-17T12:14:17Z,True
@ninadthakur2320,Now you know the storage place of lassi!!!😅😅,0,2024-05-17T06:55:58Z,True
@RealPutin234,Street food final boss,0,2024-05-17T04:53:07Z,True
@justinfeehley811,Dips that big toe in for extra flavor 😂😂😂 🦶🦶,0,2024-05-17T00:41:49Z,True
@AlirezaJahromizadeh,I love salty lassi❤,0,2024-05-17T00:21:34Z,True
@AlirezaJahromizadeh,I ove salty lasy❤❤❤❤❤,0,2024-05-17T00:20:37Z,True
@user-yk1ss9oh6e,Why Indians and Pakistani don’t like to wear gloves when serving street food????,0,2024-05-16T20:43:38Z,True
@KCT337,Bayhad tasty hoti hay inki lassi ham khud bhi her Sunday mangwaty hain bhai say,0,2024-05-16T20:04:53Z,True
@nj21naz36,Stop eating feed the children instead,0,2024-05-16T19:45:49Z,True
@shanenaidoo7764,He needs to eat a salad for dinner,0,2024-05-16T18:47:02Z,True
@abdullahzahidabdullahzahid8957,He is jeda and it's lassi is very popular it's located in walled city gumti bazar,0,2024-05-16T18:13:31Z,True
@kyawhtet-lv7to,comical pajeet hygenic streetfood,2,2024-05-16T17:58:45Z,True
@jmaths27,You could also make an excuse for every single eventuality in this video. But the big black toe [bottom left] - no excuse 💀,0,2024-05-16T17:54:45Z,True
@truecryptoinfo8270,Ghota lassi shop 😂,0,2024-05-16T14:58:40Z,True
@srinivasnirmalkumaravula7829,He must avoid his right hand touching the curd by using big spoon or span,0,2024-05-16T13:04:11Z,True
@hamzasaleem5037,"Jeeda's lassi ❌
Jeeda's Paseena ✅",0,2024-05-16T08:06:06Z,True
@chriscassady2249,I want bohng in my lassi,0,2024-05-16T07:33:54Z,True
@patriot7633,"Musalman ho gaye per Hindu Lassi nahi gayee. Hindu blood jor maarata hai. 
Amritsar bhaiye di lassi door nahin Lahore se.",0,2024-05-16T02:55:16Z,True
@philhernandez4401,I would buy nothing from that man especially food wouldn’t want him within a mile of anything I plan eating,0,2024-05-16T02:46:33Z,True
@jodyreid4337,He who controls the spice controls the universe,0,2024-05-16T00:47:52Z,True
@nkgajjar,Lassi uske matke me se nikal raha he kya,0,2024-05-15T22:50:35Z,True
@nabilmadki3903,Streat food finall boss,0,2024-05-15T19:58:12Z,True
@SITAKANTAPATTNAIK,GAND DHONE MEIN PROBLEM HOTI HOGI. 😅,0,2024-05-15T18:17:04Z,True
@NabajyotiBramha,Lassi ka achli matka toh bhai saheb ka pet hey,0,2024-05-15T18:05:28Z,True
@MSDplays,Street food Final Boss 😂,0,2024-05-15T17:50:46Z,True
@kishanpal2100,Iski last lassi h sayad,0,2024-05-15T17:12:14Z,True
@babarkaleem,Lassi peenay k fawaid iskay pait ko dekh lo.,0,2024-05-15T15:41:23Z,True
