﻿author,comment,likes,published_at,is_relevant
@ateebali7371,I don't believe the idiots telling Katie about the guy putting arm around her he's the owner of restaurant and probably used to many foreigners ladies so just chill not a big issue it's not that any guy came and put his arms around her ..Just chill all of you !!,0,2025-11-26T17:03:10Z,True
@thanks131,"2 things
1 you were not modest in wearing cloths like you visited badshahi mosque and you didn’t even covered your head. Secondly while walking in the streets you were not properly covered, so people stared at you.
Secondly any person who disrespect you just show him in the video. Pakistan police will take care of it",0,2025-11-19T08:37:20Z,True
@spfilshvlogers,Come to India in food,0,2025-11-16T16:17:56Z,True
@rahailsiddiqi2245,"This kind of heavy food , our females eat everyday😂❤",1,2025-11-11T10:04:48Z,True
@Imperfectshots8,U look like my crush at lahore 2 years ago😢,2,2025-11-05T14:36:19Z,True
@rajasuleman3968,Is selfie wale or shoulder pe hath rakhne wale baghairat ki report kro .. agar koi Lahore se abi daikh Raha he to ..,0,2025-11-01T19:11:47Z,True
@Salabatawan,Waris  nihari  wale  khhoti  K  bchy  kbhi  gori  orat  ni  dekhhi  kia  janm  janm  K  tarsay  janwar,0,2025-09-17T21:07:10Z,True
@Mishimized,That scumbag should not have put his arm around your shoulder in that selfie. Sorry about that. I am a Pakistani living in Canada and know this for sure that men are not supposed to do that with women other than their wives. P.S I was in Lahore at the time when this video was posted and I hadn't been back for 20 years.  :O,0,2025-08-12T14:10:13Z,True
@alisyedj,"It is too late to add but I would say travel north .. Hunza , Skardu .. I saw your video where you stayed with a host family in Kalaash.

Also I would have recommended Gwader and Baluchistan but it is not safe due to insurgency.

Btw, where in US are you from? I am in Bay Area",0,2025-08-12T08:01:38Z,True
@zaq786,jheela food point is selling only broth and look at the line,0,2025-07-22T00:09:21Z,True
@bullishharvey8793,Bro white women in Lahore and Karachi travel clogging is so cringe,0,2025-07-18T23:37:47Z,True
@bullishharvey8793,Here's an idea. A team of 4 white American women travel clogging Pakistan,0,2025-07-18T23:36:04Z,True
@kadirmammond444,HELLO BE CAREFUL THIS FOOD IS NOT HEALTHY AT ALL EVEN THAT DRINK NAN OF THE FOOD IS GOOD FOR HEALTH.,0,2025-06-09T07:49:07Z,True
@beardedninjah7982,"Instead of nahii, whixh means no...

 Say haram means forbidden in islam. If theyre muslims thel be shocked. Itll be a reminder to watch himself... 

If they act up even as believers then switch back to telling him no!! They understand english too. 

Or sah sharum kurro ... Which means you should be ashamed. Its mkre aggressive. But at this point id be walking away to safety xos with this sentence your telling him off.

Stay safe ❤❤❤❤",0,2025-05-29T16:35:07Z,True
@bubbfreddy9256,"I am absolutely furious with this bafoon face guy in blue, aggressively pointing finger in her face on the table and then with his arm around her. 
If I were in lahore I would find and teach him a lesson. He is a disgrace to our hospitality",0,2025-05-28T03:04:16Z,True
@animals123-7,"No handshakes, no hugs, no touches. If any guy, old or young, tries to touch you, stay away. Leave the place immediately and give a bad review.",0,2025-05-15T21:42:00Z,True
@abdullahaashir9164,That waris nihari owner was so cheap and disgusting. How dare he put his arm around you,0,2025-05-02T09:22:29Z,True
@ruggeddog3103,"7:11 this guy points to the people standing behind and staring, ""this is your first time seeing an angrez(white person)? then get out of here"" he did the right thing👏👏👏

I'd like to apologize for the guy wrapping his arm around you, though his intentions were maybe not to make you feel uncomfortable but, it's inappropriate and you can just say no.",0,2025-04-26T19:54:30Z,True
@Aas-219,Nice vlogs.... .... except the arm of nihari person around you...don't let anyone do that it's against our values...,0,2025-04-02T09:31:11Z,True
@rebel_moon2,"Pakistan is a Muslim country so men normally refrain from touching women( who are strangers to them and not family). Speaking as a Pakistani women, any guy trying to touch you has bad intentions. BTW thanx for visiting Pakistan.",0,2025-03-28T11:52:34Z,True
@muhammadimransaif9240,Kate visist some village in punjab like outskirts in lahore you will find really hospitality and true ruch culture of punjabi,0,2025-03-17T09:29:44Z,True
@hifzahome6546,Bohat sharam ki BAAT hai waris wale ki Jo harkat ki hai ek fornar ke sat Kuch to sharam kar leta ye insan izzat kharab kardi Pakistan ki is bande ne jahil insan,0,2025-03-15T07:20:39Z,True
@qasimraza575,"Anyone from Lahore , and have contacts in police , please report this man .",1,2025-03-13T05:38:32Z,True
@Raja_realestate,Katie you can enjoy some real good Nihari in NY as well. Especially in long island,0,2025-03-08T11:06:21Z,True
@saroshsiddiq,Great food ❤ love to visit Pakistan 🎉,1,2025-03-05T19:42:52Z,True
@lifeinScotsland,😂 M rolling It's not doggy bag dear it's normal bag we use in pakistan,0,2025-03-05T11:46:44Z,True
@FarhanAhmed-bz8ej,"Seekh kabab? Or desi kabaab? 
Just bring everything 😂😂",0,2025-02-26T20:32:06Z,True
@cidpusa700,Seems like some delicious food will have to go and try Waris Nihari.,0,2025-02-26T16:33:23Z,True
@zeeshanzaman6454,8:52 worst nihari number one 🤣,0,2025-02-26T16:13:54Z,True
@nomiawan3670,JEELA FOOD NOT HEALTHY MISS,0,2025-02-23T11:34:19Z,True
@irfanchaudhry7180,You should explore these things with the help of ali rehman and adeel Chaudhry owner of junoon restaurant.,0,2025-02-21T22:03:40Z,True
@rayhaanalykhan,"Worst nihari number 1, buahahahha",0,2025-02-21T07:57:52Z,True
@shahidahmed6804,Lahore take taste of bong paya made by lamb leg,0,2025-02-20T18:42:59Z,True
@usmantariq8743,hope you will visit Pakistan again specially Lahore,0,2025-02-20T17:08:43Z,True
@74aamer,The food looks amazing thank you for sharing this,1,2025-02-18T16:53:43Z,True
@AhmadShaikh-m4l,Lahore police KO tag Karo or is ban day k khilaf report kro shoulder per hath kasay rakha he 9:54,3,2025-02-18T13:52:22Z,True
@MajidAli-ql5em,"Well come to Karachi food,,Katie",1,2025-02-18T09:04:11Z,True
@MakeArtTube,Desi people would normally eat this much,2,2025-02-18T07:55:20Z,True
@heraldnorman,"I really appreciate u for travelling Pakistan,  the  more time u spent here, u will start loving Pakistan food & their people",3,2025-02-15T07:08:05Z,True
@asifahsanullah,"Infinite thumbs up for venturing all by yourself and tasting the street food… but this is the right way to have a real experience of these cities and towns! Please do stay safe! And for sure do not drink water from open container, always buy your own water from good store. Water is the primary thing that can get you sick and end up at a hospital 
Enjoy your visit! ❤",4,2025-02-14T22:45:54Z,True
@NineteenSixtyNine88,"Nihari is something you can have even on a full stomach, any time of the day! or night LOL",2,2025-02-14T03:33:19Z,True
@zerotalentkhan,9:59 Leave a review for Waris Nihari. Remind them how we treat women in Pakistan. Especially guests.,23,2025-02-14T01:01:09Z,True
@zerotalentkhan,"9:59 putting his hands over her shoulder, very beghairat of you choudhary sab.",1,2025-02-14T00:55:01Z,True
@UmairMahmood-t3f,Holy moly u are gorg❤ous babe...Im from Canada but born in Lahore...,1,2025-02-12T17:21:30Z,True
@lifewithnaturevlogs5407,Come to KPK I INVITED U CHECK OUR FOOD.,1,2025-02-12T14:40:03Z,True
@fahadmalik5794,Karachi is having the  Best cuisines   better than any City in Pakistan better than Lahore,1,2025-02-11T16:38:50Z,True
@danyalkhan7644,"As a Pakistani I'm extremely sorry for the difficulties that you faced being a solo female traveler. It's really sad to see this but it's the reality, but I'll say that bad people are everywhere, apart from the uncomfortable selfies i hope you have enjoyed your visit to Pakistan. ❤️",21,2025-02-11T16:06:54Z,True
@Photolover-t8h,"Regardless if tourists were rampant in Pakistan or not. Not taking money is a cultural thing in Pakistani culture.  Whether in Pakistan or outside of Pakistan. I am first generation Brit and even I have inherited that value. It is considered disrespectful to charge a guest or a friend any money because the implication is that if I did charge money then that person is not really someone who I seriously consider a guest or a friend. It is normal. So, if any Pakistani doesn't want to charge you any money no matter what country you're in, just accept their request and chill. It is normal for Pakistanis.",0,2025-02-10T21:03:01Z,True
@makanmata,"I'm assuming that you were accompanied by a man, but you should be careful not to leave anybody with the false impression that it is safe for a woman to walk the streets of Lahore alone. Most people in Lahore are completely welcoming and friendly, but it only takes one to ruin your life. There is a reason why you don't see women walking in the streets without male escorts. This is especially true at a place like Jeela, which gets - how to put this delicately? - the most ignorant element of society made up of the most credulous and uneducated people who are impressed with his cheap tricks.

As far as where else you should go, Nadeem Butt, Ilyas Dumba at Truck Adda,  Khan Baba, Jeda Lassi, Nashta at Haji Sahib Nihari Walay",0,2025-02-09T17:49:48Z,True
@bmsworld-k8v,"Sister you have to wear scarf before going out to everywhere you go, bcz a girl wearing cultured dresses can't be touched by strangers, so keep in mind to wear scarf to protect yourself, believe me you will be feel comfortable in scarf",0,2025-02-09T14:20:44Z,True
@DaddyPov,"i request you to come with a ""boy"" in pakistan its still not safe here, people are uneducated and illiterate as well in pakistan but apart of all i hope you enjoy your jourrney in pakistan and visit my country again.",0,2025-02-08T22:34:56Z,True
@muhammadmohsin5969,8:53.... Worst nihari number 1 😂😂😂😂😂😂😂😂,0,2025-02-07T15:39:30Z,True
@nazsalim8689,Peshawar for amazing food. Nisar charsi tikka to start then rambali chapli kebab. There are many amazing breakfast places there to boot. Islamabad is burger city so good for western inspired foods. Lahore is breakfast capital as you are now aware. Karachi is biriyani capital of pakistan but the seafood there is also amazing. For stunning views head up north. You will have a amazing time.,0,2025-02-07T13:26:22Z,True
@nomi.3619,I go the same place for food waris Nihari one of the best dish ❤❤❤❤,0,2025-02-06T23:08:31Z,True
@topeverythingbyyk,Btw Luke always try Cheese paratha Islamabad so what about that?,0,2025-02-05T19:45:30Z,True
@peshawarvloggerboy3818,come to Peshawar I Show You best delicious Street Foods ❤🙌🏻 well come to Pakistan 🇵🇰,0,2025-02-05T12:04:57Z,True
@SaraInam-s5y,"You cant taste better biryani,nihari, bihari kabab and haleem anywhere other than karachi",0,2025-02-04T23:55:21Z,True
@Mambzu-z6n,Good vlog of your lahore pakistan visit 🎉🎉 your video is awesome ❤ ..... My sincere advice..... When you are traveling in india pakistan bangladesh don't let any male come near you or touch you and it's inappropriate in our south asian culture...... Love and prayers from Bangalore India 🎉🎉❤❤,0,2025-02-03T18:03:24Z,True
@Knight4201,That  restaurant you went to looks like a giant scratch card from the outside,0,2025-02-03T16:00:17Z,True
@Spooferish,"These guys who want to take selfie with you are not representing Pakistani culture, also if you reject they dont have right to insist. Dont take it for granted. If you complain other pakistanis will teach them some lessons.",4,2025-01-31T07:37:01Z,True
@Rehanharis777,"some of the moments in the video were hard for me to watch as a man/pakistani, don't allow anybody to touch you like that shithead man definitely lacked civil sense unless u don't mind to be that comfortable with strangers or maybe u are gentle and don't want to be rude but i would say it's not rude to shut off people who are invading your privacy without your consent.",1,2025-01-30T22:34:36Z,True
@TruthAndContext,"Lanat on Waris Nihari, I will come to your shop and apne dauther ki sath bhi mere eik ese photo banwana.",0,2025-01-30T21:47:04Z,True
@jaangee-w7w,lahore lahore aaaaaa,0,2025-01-30T11:48:31Z,True
@muhammadnaveedahmad9823,Waris Nihari(saddar bazar) burned up yesterday.😒,0,2025-01-30T06:21:51Z,True
@ZulfiqarHaider-l2m,"Watching your video made me  feel uncomfortable as a man put his arm around you is not a nice and totally unacceptable in a Muslim country. how would he have liked it if I put my arm around his sister mother or wife, so please don't let that happen again because it's disrespectful  and uncomfortable to watch and the boy who wouldn't take no for an answer i wish I was there and would have stuck that camera where the sun doesn't shine i am of Pakistani background and hated them scenes",0,2025-01-30T04:27:36Z,True
@annasqureshi,Are you still in Lahore? Would you do a fan meet up? My daughter loves you she wants to meet U,0,2025-01-30T00:30:47Z,True
@h.raza_1997,"Lahore is Lahore but Peshawar is Peshawar because we're Pashtoons we respect our culture & know the hospitality very well. Come visit to Peshawar, Pakistan we'll go to different places & making different video's & having different experience. We Peshawar citizens don't ask for money we know the respect of foreigner guest's.😊",0,2025-01-29T22:54:54Z,True
@rdkhan....3468,lahor not good foods pishawar good foods com hear my baby,0,2025-01-29T17:40:54Z,True
@sstaar52,"Hey Katie, welcome back to Lahore. Was still waiting to have a coffee with you in London.",0,2025-01-28T23:49:29Z,True
@xnali183,I want to tell the world that the person of waris nihari one who put his hand on her shoulder is a fuck guy he was just a bulshit person and not a pure pakistani his face was telling his inner 😢 realy sorry @katie Caf,0,2025-01-28T17:18:18Z,True
@shafzahh,"For your safety and comfort as a solo female traveler, I suggest selecting reputable and well-organized establishments such as restaurants and cafes over local shops.👍 there are some great family resorts and modern malls for shopping – you'll have a much better time that way, I think. Without a male companion, it is quite unsafe to roam on streets as there are more illiterate people. Please don't stake yourself only for YouTube videos 🙏 you may make videos on the modern side of Pakistan as none of the YouTubers post such content ...",0,2025-01-28T08:31:13Z,True
@adeeliqbal3925,That’s very inappropriate and cringe that the guy at Waris nihari sitting so close and then placing his hand over your shoulder for a pic! You need to set clear boundaries and it’s very embarrassing as a Pakistani that some people don’t understand the concept of personal space! I hope you enjoy your travels and stay here in Pakistan,0,2025-01-28T08:23:45Z,True
@mirzawilayatali1677,"I honestly appreciate your courage for visiting Pakistan, especially one of its busiest cities, Lahore. I'd still suggest getting someone, probably a lady friend, who can help you get around to the places you want to explore. 9:57 and 16:02 is an embarrassment for us; sorry about that, stay safe",0,2025-01-28T08:08:05Z,True
@bro_hubb,"Hey, Kat. I hope you're doing good. I had a lot of fun seeing your vlog I don't watch vlogs on YouTube because of the time issue but from your vlog heading you mentioned Lahore I have to know that cause Lahore is my home city and I was born and brought up in Lahore right now doing my studies and job Germany from last 2 years. Honestly, by seeing your vlog I'm missing and craving the food right now haha lol. First of all, I'm sorry about the incident that happened to you which made you uncomfortable I hope the authorities see that video and put a penalty and fine on that idiot also the areas you're visiting are considered rural mindset populace. I recommend you visit Gulberg/Bahria Town/DHA and show that side of Lahore too. :) I wish you the best of luck. P.S. Your video has put a smile on my face and it's the first time I'm commenting on a post on youtube haha.",0,2025-01-28T05:45:44Z,True
@Ahmad-Addious,You are not going to old food places find a local tourist or go to lakshmi chownk lahore for all good desi food.,0,2025-01-28T04:53:27Z,True
@abidfarooqui4899,Do not eat any cold stuff or drink water. Stick with cooked hot food and bottled drinks please.,0,2025-01-27T03:17:49Z,True
@usufdalia,add me as Usuf Dalia instead of Yousuf Falooda🤣😂,0,2025-01-26T22:06:26Z,True
@syedaqeel1724,Those pictures with the owners of Waris Nihari looked creepy,0,2025-01-26T22:00:45Z,True
@KashifKhan-ii5vi,"Today is Sunday January 26 2025,, if you still in Lahore, you can visit my family my sisters brother welcome your warmly..",0,2025-01-26T20:43:55Z,True
@asiftahir,"Our people got no sense at all, they run to take selfies and make the gust unfomfortable.",0,2025-01-26T20:42:39Z,True
@AhsanAkhter-AA,Visit karachi for the best food in Pakistan.,0,2025-01-26T18:27:10Z,True
@SparkhillTepster,Go to the Avari and order some Murree Millennium beer and have that with desi food - epic combination. The streets are too chaotic for us non—Pakistanis!,0,2025-01-26T16:37:21Z,True
@babarkhan-vd6dp,"@ 9:57 plz don’t let anyone get so close, some people are really illiterate they don’t have civic sense they think that western ladies can get frank with anyone. It’s not our culture and surely such people never like anybody to get so close to their women (mother, sister, daughter, wife) but when it comes to western women they don’t care about physical distance and try to impress their friends and mates.",0,2025-01-26T15:30:52Z,True
@memyselfyo8844,"Try butt Karahi, Basheer Dar ul mai (fish), Punjab Tikka and Copper Kettle",0,2025-01-26T11:03:22Z,True
@BlueEyedW0lf,"Hello, if someone is watching from Lahore Police, 
9:55 Please take action against this guy, he is definitely harassing this woman by putting his hands on her shoulders which is totally inappropriate.",5,2025-01-26T10:13:31Z,True
@MohammadAli-fd1rw,R u alone in Lahore,0,2025-01-26T09:49:19Z,True
@MuhammadWaqas-iu3yl,Great people great hospitality with out your money,0,2025-01-26T08:50:52Z,True
@AwesomeLosesWeight,This area near the fort and old walled city is known for harassment of tiktok and influencer girls. If you YT you will find this. I wish the law enforcement sees this and does a better job of making things safer.,0,2025-01-26T06:33:47Z,True
@AwesomeLosesWeight,"yo, don't let anyone put their hands on you. That's not a norm by Pakistani standards. That guy was a creep. It may not be much by western standards but the thought process with such creeps is that you allowed him this much, you are open season for more. You have to be careful. 99% people take it as their religious duty to be hospitable to guests, but there are creeps. Also don't go to back alley food places

So many wrong things done - but yes few things in life will come close to the taste of Nihari. Hope you find a local travel buddy as I hope you have a unforgetful and amazing journey. A bit more of street smarts please.",1,2025-01-26T06:22:59Z,True
@cookingwithnad7345,Welcome to Pakistan 🇵🇰 Sister you will love ❤️ it Pakistani food Culture peoples and No 1 Hospitality of Pakistan 🇵🇰 Pakistanis in this world ❤,0,2025-01-26T06:14:55Z,True
@mindframesthis,"I didn't like that piece of shit to put his arm on your shoulders. This is not appropriate and real man in our country don't do that. We apologies for the inconvenience. Please take care and don't let - especially people working in these restaurants to treat you like that. Not all people working in restaurants are bad, but just try to be careful. You don't need anyone from the restaurant to explain everything you eat or how it tastes.  Welcome to the country and enjoy your time while you are here.",0,2025-01-26T00:04:06Z,True
@mubashirbukhari01,"Selfie incident is unfortunate... its just reflects how much some people are uneducated and lack good manners. Very disgraceful attitude.  

I hope rest of your experience is wonderful.

Salaam o Alaikum",0,2025-01-25T21:31:11Z,True
@basir_shahab_markhor,May ALLAH always bless you and your family with his blessings and fulfill all of your wishes INSHA'ALLAH AMEEN :),0,2025-01-25T20:54:05Z,True
@nobelcreature8205,"nisar charai tikka, please visit that place, in Peshawer😂😂😂",0,2025-01-25T18:31:18Z,True
@besteveryoutubechannel1232,9:56 such a shame for Waris nehari owner . So disrespectful.,1,2025-01-25T17:31:11Z,True
@tousifqammar3153,I love Nihari but the guy should have some etiquette he don’t had to put his arm on your shoulder.,1,2025-01-25T17:16:16Z,True
@aliimran1110,Nutrition food fresh,0,2025-01-25T16:45:47Z,True
@aliimran1110,Real delicious food,0,2025-01-25T16:45:06Z,True
@hamzaawan422s,I love the one thing in this video the way food shop guy put Palestine flag 🇵🇸 to show solidarity with Palestinians... ♥️🇵🇰,0,2025-01-25T16:14:47Z,True
@m_for_mohsin6090,"Soo soo much sad 😢 to see that behavior from lahoris . Off course even i didn't feel comfortable watching them in video constantly for staring at you. 
In my opinion fully cover yourself even wore hijab if possible or dupatta and try to get Pakistani look to avoid this ... More you should join someone to explore city with , Thanks",1,2025-01-25T16:01:21Z,True
@aarifboy,If u come to Lahore go to Yousaf Falooda in Anarkali. Falooda is only thing I didn't see in West. All other things r available. Falooda is sometimes called Kulfa too 😁,0,2025-01-25T14:53:31Z,True
@MuhammadRamzan-u3v1t,"G
Hi
Pakistan 🇵🇰 lahore ❤❤❤❤",0,2025-01-25T14:06:41Z,True
@dazuotv,Thanks for the great video of eating all the best street food in Lahore 👍,8,2025-01-25T14:01:47Z,True
@naveedazhar1215,javed nihari pia road,0,2025-01-25T11:56:09Z,True
@MustafaCalligraphy,"You might want to head on to Bundu Khan Restaurant or some well-rated restaurants, especially considering  hygenic situations in most street food vendors. MM Alam road does have some restaurants where you can try Pakistani food, not necessarily you have to get street food. Even I have not eaten from these places.",6,2025-01-25T11:10:44Z,True
@roshaanshahid4397,17:43 you should try falooda instead of Rabri Doodh next time falooda wiyh kulfi is main delacacy,0,2025-01-25T08:12:13Z,True
@roshaanshahid4397,Wtf we watch Goori Eating in  Jeela Restaurant before GTA 6,0,2025-01-25T08:05:59Z,True
@riazurrehman6825,I have watched your carribean vlog & I have seen how much you comfortable with solo carribean guy 😅,1,2025-01-25T07:29:30Z,True
@waseem9876,U missed haveli restaurant near mosque,0,2025-01-25T07:25:58Z,True
@maryamjunaid4255,"I live in canada but basically from Pakistan. I wanted to give awareness that Its better for a woman traveller to be accompanied by some male companion like friend or family member, as unfortunately, population in small areas are mostly ill literate and have no exposure to international people. Its not being negative but no country has all angels. There are good and bad people everwhere. When there is a language and culture barrier, you need to be careful.",1,2025-01-25T07:23:09Z,True
@haider_ecom,Thats a harrasment case for putting hands on a female foreign tourist. I'm a Lawyer myself and really didn't like that at waris nihari.,2,2025-01-25T06:58:38Z,True
@naeemkhan-8260,"Lahore museum,  Delhi gate, lahore zoo, lahore Railway station,",0,2025-01-25T06:39:55Z,True
@naeemkhan-8260,"Try to eat clean food,  especially street food,  use disposable glass ,",1,2025-01-25T06:37:57Z,True
@naeemkhan-8260,"in lahore or other city ,",1,2025-01-25T06:34:46Z,True
@omerosdaskalos7708,"😮 oh ! Youre back there again ? Or have you left again already? Hard to keep track 🤔🤣 
If youre still in Lahore , you could possibly visit Kasur town nearby, to see the Sufi shrine of the poet Bullay Shah. And you should visit Shalimar Gardens (Mughal times) as well as the Lahore Fort/Badshahi Mosque. If youre willing to go a bit farther away you could also see ancient Harappa (ruins and small museum BC) . If you go to Islamabad, you can visit the Taxila museum and the Khanpur dam/lake and also Murree hill resort. Along the Lahore-Islamabad motorway you can visit Kallar Kahar , and Katas Raj (ancient Hindu temple with legendary tale) - and a half dozen orher places in that region. Youve already been up North to Chitral and the NW i think ? I think you can just focus on the Lahore-Islamabad area for now. Good luck. 
(BTW, youre navigating Lahore traffic well this time ✌️)
(PPS - i note you've already been to the Badshahi Mosque in this vlog, so that's out anyhow)",1,2025-01-25T05:40:40Z,True
@omarfarooq3230,Try the pulao with palak and the keema naan from Khan Baba!,0,2025-01-25T04:44:57Z,True
@atiqkhn0,Owners of nihari shop were some cheap people to place arm on your shoulder. Do not let anyone get that frank. We people are respectful and you should demand that.,0,2025-01-25T04:20:24Z,True
@charmaine8512,I dont think food served in plastic is safe.  Earthen ware or leaves would be better.  Food handling if clean would be yummy,0,2025-01-24T23:36:22Z,True
@khanwashere264,"THE REASON IS CALLED NIHARI BECAUSE THIS FOOD WAS DESIGNED FOR THE PEOPLE WHO GO TO WORK IN THE MORNING, 
NIHAR MEANS MORNING, 
THE IDEA WAS THAT YOU EAT HEAVY FOOD SO YOU CAN NON-STOP WITH GETTING TIRED ,
AND NIHARI TAKES LONG TIME TO COOK 🍳 AS WELL AND BEST NIHARI ONLY IN 🐄 COW MEAT",1,2025-01-24T23:15:35Z,True
@khanwashere264,"THE REASON IS CALLED NIHARI BECAUSE THIS FOOD WAS DESIGNED FOR THE PEOPLE WHO GO TO WORK IN THE MORNING, 
NIHAR MEANS MORNING, 
THE IDEA WAS THAT YOU EAT HEAVY FOOD SO YOU CAN NON-STOP WITH GETTING TIRED ,
AND NIHARI TAKES LONG TIME TO COOK 🍳 AS WELL AND BEST NIHARI ONLY IN 🐄 COW MEAT",7,2025-01-24T23:10:45Z,True
@finessefluteevents3165,Lahore is so big its impossible to explore the whole city in just few days,1,2025-01-24T23:10:12Z,True
@Sam12345-o,"Hey Katie, 

I feel sorry upon how men were treating you inappropriately in this video. In all honesty, I am totally enraged. It's highly inappropriate to touch someone without their consent, let alone if it's a woman. In a Pakistani culture and also Islamically speaking, it's considered to be highly inappropriate when a man does that. If you are not related to a man,  e.g. if you're not their mother, daughter ,wife or sister; they are not even supposed to come into your radius or they are supposed to interact with you at a safe distance.

 You need to be more proactive about this and start yelling at them, on top of your lungs, and ask them to "" pee-chey Hut-toh ( step back)"". And stare back at them ( with your eyes popped out) . Please be very careful. 

Also the people you met in the video ,they are mostly lay men workers or underprivileged. They are illetrate ,uneducated and basically frustrated in their lives ( usually financial reasons ).

It's just like you're in America and in the middle of hillbillies , who are primarily homeless. So you can only imagine how unsafe that can be to be around them. So do not to go alone in the historic places. It's always a good idea to be escorted by someone or go in a group. 

Yes Alhumdulilah, We Pakistanis are super hospitable but that doesn't mean everyone will treat you the same. Having said that, I thoroughly enjoyed your video and keep up the good work 👍🏻",0,2025-01-24T23:07:47Z,True
@khanwashere264,"THE BREAD 🍞 AT WARIS NIHARI IS CALLED,  NAAN",1,2025-01-24T23:04:53Z,True
@khanwashere264,"FOR BEST NIHARI AND BEST BIRYANI,
YOU HAVE GOT TO GO TO KARACHI, 
THERE IS NO MATCH FOR IT  IN WHOLE PAKISTAN 🇵🇰",3,2025-01-24T22:57:12Z,True
@ronrash7795,If you get uncomfortable with anything you should show it with a rude or angry tone....they'll leave you alone immediately!!! Unfortunately the civic sense is not the same everywhere!!!,2,2025-01-24T22:32:40Z,True
@mk-fp2dh,"At 9:54, this person exhibited overly friendly behavior that made you feel unsafe. Physical contact is unacceptable, even in the United States. You were fortunate to be filming, as it likely prevented further escalation. Given his actions on camera, it's concerning to imagine what he might have done if you weren't recording. Please prioritize your safety, especially in Lahore and rural areas of Pakistan.",12,2025-01-24T21:46:43Z,True
@WaqarHashmi-c6x,You look amazing 😍. Please visit Karachi too and visit famous food street at burns road and boat basin. Port grand etc,1,2025-01-24T21:40:52Z,True
@toxicproduce2523,go to dha Rhaya but at night time specifically,1,2025-01-24T21:26:43Z,True
@DablewTee,Visit Gujranwala for Amazing food❤,11,2025-01-24T21:03:35Z,True
@ZahidKhan-i5y5s,Im really for that illiterate bullshit guy i can notice in your  eyes..some Devils exist in every society and culture but have a nice trip 😊,0,2025-01-24T19:03:06Z,True
@masoodkhan427,Suggest that you always carry  antibiotics if you want to eat oily niharis,3,2025-01-24T18:40:23Z,True
@masoodkhan427,Smash burger ..baked …aylanto .. sumo ..paolas ..if possible take a friend along…,1,2025-01-24T18:38:54Z,True
@samiyaahmed8164,😋 nice foods  delicious,2,2025-01-24T18:29:11Z,True
@saami208blue,Visit DHA Raya....you love it like Europe 😅,3,2025-01-24T18:28:18Z,True
@BrentTimm,"Pakistani food is some of the best in the world! I spent 120 days there in 2023, and I can't wait to go back this year. Maybe I will see you! ",220,2025-01-24T18:14:52Z,True
@asifali-ud3ie,Warm well come  to Lahore Pakistan dear respectful miss.,0,2025-01-24T17:41:54Z,True
@raz0229,"09:54 He wouldn't do that to a Pakistani woman, would he? Although I truly believe he just lacked civic sense and it was not his intent to make you uncomfortable, but you ought to be telling them not to invade your personal space if they're getting too close.",113,2025-01-24T17:23:49Z,True
@ranatanveer9835,"Some illiterate people may be in any society we apologise on this unfair behaviour. Sorry.
We are muslims we respect every human being particularly womens.",2,2025-01-24T17:10:09Z,True
@shahzadaslam384,well taking two heavy meal one after other will make you dizzy    it was better to take one such meal at one time     but that guy with his arm on your sholder  9:56  seems creepy to me    this is not our culture and don't like this    if that guy is reading this message  it was not a good selfi bro,4,2025-01-24T17:05:14Z,True
@ISLAMLIFE356,Bundu khan restaurant,0,2025-01-24T16:03:50Z,True
@HaseebKhan-ez6wz,9:54 the person shouldn't really be touching you. I hope you were comfortable during your time there,20,2025-01-24T15:57:54Z,True
@alisahmal7997,"Always say NO to guys asking for selfies, and do so rudely—there's no need to be polite at all. The person begging for a selfie at Badshahi Mosque is such a lowlife, fucking pathetic.",0,2025-01-24T15:34:43Z,True
@py16667,"8:30 if you’re a lefty, do what’s most comfortable, don’t feel pressured to using your right hand, it’s literally not a big deal at all",48,2025-01-24T15:15:38Z,True
