﻿author,comment,likes,published_at,is_relevant
@FareehaYousaf-r4x,"Celebrating birthday is very common in Pakistan,many families celebrate  thier birthdays in different resurants",0,2025-12-05T14:55:47Z,True
@NB-kt3od,The best food in the world no doubt.,0,2025-12-04T18:41:13Z,True
@mohammediqbalsandhu1661,Lahore is an amazing city,0,2025-12-04T12:57:05Z,True
@Wajid-w4u,What a cool view😊,0,2025-12-02T12:33:44Z,True
@DesiJugaarDIY,"I ate in Indian restaurants no where near the same taste , fragrance or Quality I experienced in Pakistani restaurants. Their food is overcooked , dark and over do with spices leave you confuse with all the taste of different ingredients  .",6,2025-12-01T14:31:18Z,True
@finest-w2b,"Brother so very glad that you enjoyed. This is a fine restaurant but the best food in Lahore is to be found in homes. Family recipes are sometimes kept in families for generations, and many times they have origins pre-partition. I pray that you had a very wonderful stay and ate very many fine meals. Love from PK to you.",1,2025-12-01T02:07:29Z,True
@foziashah978,Thoura nahi Indian Pakistani khana mein bohat bohat farq  hai kio k Pakistan mein non veg aur chanies aur Korian khaney b street food mein milta hai Jo India mein nahi hai,1,2025-11-30T09:30:47Z,True
@Zafran-v9x,Pakistan has some of the best restaurants in the world very scenic very modern nd best food,35,2025-11-29T19:27:12Z,True
@MuhammadFarid-f6x,Pakistan & India Same Dishes different Taste because one of Halal meet (Pakistan )and other side India Haram meet,2,2025-11-29T09:08:05Z,True
@lorenacehu1436,How expensive was the food?,4,2025-11-23T17:42:15Z,True
