﻿author,comment,likes,published_at,is_relevant
@umeammarauroojqaria,mujhay lahore daykhna hay 😬😬,0,2025-12-02T05:24:56Z,True
@artworkbyarmughan1403,World city day of lahore i am in lahore,0,2025-10-31T14:12:44Z,True
@FAISALKHANNAIZI-h4u7f,Mai Pakistan mai mainwali se gya Lahore ma mujh yaqen ni ata tha kh yh Lahore hy,0,2025-08-24T09:05:09Z,True
@FAISALNAIZIHuyar,Lahore is beautiful love from mainwali,0,2025-07-26T08:21:36Z,True
@MdUmar-q5v,delhi and  lahore aree both good cities,0,2025-07-04T08:08:37Z,True
@AizaKhan-b4s,LAHORE LAHORE HYE,0,2025-03-06T01:00:00Z,True
@amarnathjha8319,"I love Lahore, Lahoriat friends in USA and Lahore stories.
Lahore was originally LUVPURAM and this City(NAGAR) was eastablished by Shri Luv, older son of Shri Ram of Bharatbarsh (with capital at Ayodhya).
Mere priya Lhori dost, Hindu Muslim, Sikh Budh jhagre se uper utho aur apne Itihas(TARIKH) ko pahchano aur use sahi sahi apne children ko transfer karo.
JO koum apni Tarikh bhul jati hai wo Tarikhi panne se hat jati hai. Apak itihas bahut purana hai. Ancient time se LUVPURAM (Lahore) wahin khara hai. Pahle Vedic Arya ne ise basaya, fir Budh ne age barhaya, fir Islam ne ise aur naye naye buildings jorkar age barhaya. Fir Sikhon ne age barhaya. Fir Angrej ne aakar aur bistar diya. 
Pure duniya ke log Lahore aana chahte hain. Yadi Egypt aur Greece tourist map par hai  to Lahore ko bhi hona chahiye. 
Ab Lahore ko kisse khatra hai?Ise duniya ka top business center banye. English aur Urdu ke sath sath Sanskrit ko jinda kijiye.
Sanskrit ko Byakaran(grammar) dene bale koi aur nahi, balki Lahori Shri Panini  hi to the!.
Lahore ke Tarikh per research hona chahiye. Is per kitaben likhi jani chahiye.
Lahore ka appreciator - ek USA based Sanatani.",0,2025-02-15T13:14:49Z,True
@TalatRuzwi,This is my city Lahore,0,2025-01-24T10:48:56Z,True
@entertainingworld5360,Museum of history k pehle kya tha vo blurr kyo kiya bhai,0,2024-11-09T15:51:37Z,True
@md.shahadathossainkhan7871,Babar Bhai salam from Dhaka - Bangladesh. Lahore is very historical and beautiful city. Thank you very much for your tremendous efforts. I am coming in to this city inshaallah. Khoda Hafeez.,0,2024-10-26T08:58:11Z,True
@PrinceSaab-st3ec,Lahore ❤ Lahore aey,0,2024-10-12T03:53:56Z,True
@waleedahmad6877,"So glad to know that, more than lahoris,  indian people  are appreciating lahore ..love you all❤",0,2024-09-22T06:46:06Z,True
@AdeelHussain967,Lahore is a heart of pakistan ❤❤❤❤❤,0,2024-09-10T09:01:15Z,True
@AmmadNaeeem,Oisis nhn show krwaya apny its an incomplete video of lahore,0,2024-09-06T19:12:05Z,True
@Sololife07,"A Hindu legend based on oral traditions holds that Lahore, known in ancient times as Nokhar (City of Lava in Sanskrit),[1] was founded by Prince Lava,[2] the son of the goddess Sita and Rama; Kasur was founded by his twin brother Prince Kusha.[3] To this day, Lahore Fort has a vacant Lava temple dedicated to Lava (also pronounced Loh, hence Loh-awar or ""The Fort of Loh"").[4] It is one of various etymological theory of Lahore's origin.

Rama fighting Lava and Kusha.
The oldest authentic document about Lahore was written anonymously in 982. It is called Hudud-i-Alam (The Regions of the World).[5] In 1927 it was translated into English by Vladimir Fedorovich Minorsky and published in Lahore. In this document, Lahore is referred to as a small shehr (city) with ""impressive temples, large markets and huge orchards."" It refers to ""two major markets around which dwellings exist,"" and it also mentions ""the mud walls that enclose these two dwellings to make it one."" The original document is currently held in the British Museum.[6] Lahore was called by different names throughout history. To date there is no conclusive evidence as to when it was founded. Some historians trace the history of the city as far back as 4000 years ago.[7] However, historically, it has been proved that Lahore is at least 2,000 years old. Lying on the main trade and invasion routes to South Asia, Lahore has been ruled and plundered by a number of dynasties and hordes.",0,2024-08-31T15:06:06Z,True
@MozmlHsan,Touch mobile j5prime samsung lay saktay hain bhata chowk say atay khbay taraf lais walo K saath internet mobile may kara lo os key dukan hain lais walo say j5prime 10000 dus hazar main lay lo yeh nahi pata kitnay mobil hain os K pass nahi tu askari store walaly K pass touch mobile hain pehlay os key shayzad mobile key shop thi ab rashid doctor ki lane par dukan hai os say poch lo shayzad mobile dukan wala kahan hai lahore may oon ki pehlay shayzad dukan thi on say lay lo.10000 dus hazar wala shayed sasts B day day.,0,2024-08-24T15:29:08Z,True
@Sikander653,you missed the Beautiful Churches of Lahore,0,2024-08-24T15:17:15Z,True
@Alifawal962,Bhai phrany lahore e phirta raha h,0,2024-08-08T08:57:25Z,True
@kamalhussain4707,"Only one huge tower, historical places and metro developed by them india's third grade city is better then lahore",0,2024-08-06T06:10:39Z,True
@HarisKhan-km8mp,I live in lahore but still watching this. Cuz i love lahore,0,2024-08-02T10:41:24Z,True
@TheGlassworker.267Anime,Lahore kis kis ki City ha? 👇🏻👇🏻,2,2024-07-27T22:11:51Z,True
@krishnagopalacharya9210,Lahore is beautiful city ❤,2,2024-07-09T18:39:03Z,True
@thepkai,Lahore the wonder of God Lahore ko Sony ki nagri b kaha gya tha,1,2024-06-26T15:07:16Z,True
@arnabdas9220,Ess pandit nehru ke wajah se lahore india se chala gaya😢,0,2024-06-25T13:08:38Z,True
@Imrakhanlashari-hr3qy,Ilove ❤ Lahore ❤❤❤❤,0,2024-06-22T05:58:18Z,True
@beat_butchers,Lahore is best i love lahore❤❤,1,2024-06-06T12:44:51Z,True
@TECNOZAIN-h6c,I went in many countries but Lahore especially modern Lahore Defence etc is superb Pakistan is not has pure and has no artificial beauty. Punjab villages Kashmir Islamabad and kpk are amazing…………❤❤❤❤❤❤,0,2024-04-21T19:56:09Z,True
@TECNOZAIN-h6c,New Lahore is beautiful incredible,1,2024-04-21T19:53:21Z,True
@TECNOZAIN-h6c,My heart my Lahore my Lahore Defence ❤Dha Lahore ❤❤❤❤,0,2024-04-21T19:52:34Z,True
@mohammaddaniayl7671,Lahore Lahore e,1,2024-04-09T20:51:20Z,True
@parvezhussain1781,Bahot  khoobsurt  shahar hae   ❤,1,2024-04-02T09:16:46Z,True
@claudiapatriciaflorezolier458,"No conozco Lahore, pero me gustaria conocerle, conozco alguien de allá, y es sencillo, gente buena, un abrazo desde Colombia a todo Pakistan",1,2024-03-30T00:04:10Z,True
@Aishaferrari06,I will go to Lahore inshallah so beautiful 📿❤️,0,2024-03-11T20:58:21Z,True
@masyaniya,I love Lahore❤,0,2024-02-11T07:50:15Z,True
@behiran2252,Love Lahore and my country brother Pakistan from iran 🇮🇷 ❤🇵🇰,1,2024-02-09T10:01:47Z,True
@ShyanAli-zw2bd,LAHORE IS CALLED ❤PARIS OF EAST❤🎉,0,2024-02-05T19:11:46Z,True
@ALLISWELL-on3oy,Beautiful lahore. Love from.. india ❤,0,2024-01-15T09:31:59Z,True
@Shmo7cf,"Masha Allah aap ka lahore bahot accha hai ❤
Love from India 🇮🇳",0,2023-12-31T06:27:05Z,True
@richardbock7344,Love you Pakistan TOOOOOOOOO match. Miss you Pakistan But I will be back Soon. Last time I have been 1996. I ned be back live 1 mounth to see every changes. Love you Lahore miss you.,0,2023-12-25T16:54:59Z,True
@piyushkumarsingh497,I want to visit lahore but I will not gate tourist visa.,0,2023-12-02T02:11:44Z,True
@Muntaha_Shahid,"Shahi Qila or Lahore Zoo nahi dikha ya hai video mein 😮😮
M.A.O college or Emporium Mall Tomb of Allama Iqbal Bhi nahi dikha ya hai 
I live in Lahore ❤❤❤",0,2023-11-24T17:33:28Z,True
@Muntaha_Shahid,I live in Lahore ❤❤,0,2023-11-24T16:48:48Z,True
@yorkexports5679,Jine Lahore nai dekhiya ohh jamaiya hi nai from India amritsar,1,2023-11-19T14:53:48Z,True
@paritahirfamily,Miss you lahore,0,2023-11-11T01:07:03Z,True
@ashishchhikara7203,Lahore ki aatami b royi hogi jb ye pakistan me gya😢😢,1,2023-09-25T07:05:40Z,True
@muslim_first,I live in US and recently visited Lahore. It's more modern and beautiful than what's shown here and has all basic facilities actually more to see because of historical side of Lahore. Not all are Punjabis in Lahore. Pathan Kashmiri Baloch Gilgiti brothers are in Lahore too. Everyone lives like brothers. Punjabi and Urdu are spoken,0,2023-09-24T01:16:20Z,True
@imransharif443,Lahore Lahore hai beautiful city,1,2023-09-22T22:14:57Z,True
@pankajkumarmishra1007,Ye wakai khubsurat sehar h lkn agr aj India hota to next leval k city hoti like Mumbai Kolkata,1,2023-09-17T08:35:29Z,True
@GB-fc3qy,1971 ch jad paki army ne surrender kita c ta e |uch! !ndra gandi Lahore rakh lendi,1,2023-08-16T11:29:43Z,True
@ashirbadmishra9554,Abe isa dhakna ka bad pata chala ki india na kya gava ha lakin jo gavaya usa behatar paya ha amritsar yaar lahor sa jada beautiful ha ❤,0,2023-08-15T07:10:33Z,True
@sandy_speaks,"क्यों रुक गया यार, ❤
कर रहा था video चलता जाए चलता ही जाए बस...

Sooner or Letter 🇮🇳 लहराएगा शान से LAHORE के Tower पर...

65 में बचया, ते हुण आगे नी बचागा ❤",0,2023-07-06T08:12:51Z,True
@hafizwaheedahmad-l4c,lahore is best i like lahore most beautiful city🥰😍🤩😘,1,2023-07-01T09:27:49Z,True
@MuhammadHussain-tv8gd,Lahore is a very very beautiful and developed city .I love Lahore  and all the cities of Pakistan.❤,0,2023-06-29T08:28:24Z,True
@TabassumKhan-vl9ll,Meri toh bhot khawaish hai Pakistan jaakr wha rehke aane ki love from India 🇮🇳,2,2023-06-26T13:57:12Z,True
@ninjapirate123,I've heard that Lahore was the most polluted city in the world,0,2023-06-06T05:12:46Z,True
@Bharatunique,Beautiful city lahore,0,2023-05-24T16:50:52Z,True
@hpWorldVlogs,"Such a beautiful city... 
Sach hi kha hai.. Jisne Lahore nhi dekhiya usne kuch ni dekhiya...

Love from India...",1,2023-04-21T14:27:30Z,True
@TheRealJalal,*Lahore Lahore aye😊love from India🇮🇳*,1,2023-04-15T11:58:21Z,True
@Murtaza_Ibn_Adam,Isss bakwas city ko karachi se log compare karty hai mene toh Aj Dekhe 😁😅😅 metro train or bus bana kar bhi Karachi se Lahore pechy hai development mein Karachi me na Metro train na koi kam karwata hai abhi Karachi  nineties ka bana hua bhi bhot agay Lahore se,0,2023-04-14T06:31:08Z,True
@Dilsebharat2023,We hope...one day india will capture Lahore city....our army will annex Lahore....just wait and watch,0,2023-04-11T03:31:06Z,True
@mpvview4628,Poor city🤦🏼‍♂️lahore... Come to india chennai mumbai bangalore kolakata delhi🔥,1,2023-03-31T19:16:46Z,True
@zartashasartdecor,King Edward medical college is also in Lahore.Theno 1 medical college.lahore is the best .love from Dg khan pakistan,0,2023-03-27T18:41:10Z,True
@saamamam8927,"Lahore:
The heart of Pakistan
City of Gardens
City of literatu
Paris of east
The strong historical city
It's not a city but an emotion❤️
Lahore Lahore ha!",5,2023-02-03T15:02:33Z,True
@sanjairaj3532,"Lahore was often described as the Paris of the east by the Britishers..it had 600,000 Muslims, 500,000 Hindus and 100,000 sikhs living in it peacefully… I wish to see a video of that historic city",1,2023-01-29T03:23:13Z,True
@jashansaroa256,Lahore are best and beautiful city in old Punjab ❤but at a time Lahore still pakistan,1,2023-01-24T05:46:45Z,True
@haiderfaisal098,Sorry to say Lahore is made by Shabaz sharif and this fact,0,2023-01-18T16:56:36Z,True
@akashdahyat55n.s.p27,Bhai main aapki YouTube ki bahut Se video Dekhi aap log na Apne shahron Ko Mumbai Delhi Bangalore Chennai Kolkata Hyderabad Gujarat Ahmedabad se compression karte ho Mujhe sharm Aati Hai aap log kaise bol sakte ho aapke Pakistan mein jo Shehar Hai Na Jisko aap ine chehron se compress karte ho jaise ki Lahore Bhai Mein Ek baat Bataun Jitna Bada Aapka lahaur Hai usse Kahin Bada India mein ek Chhota Sa Shahar Hai MP Mein Jabalpur India mein Chhota Mana jata hai per aapke lahaur se 10 Guna Jyada development aur Sundar hai Uske bad aap bolate ho Karachi ka competition Mumbai se karte ho bhai aapki Itni Badi kar acchi hai na usse Jyada 10 Guna Bada Hamare Dar Indore shahar jo aap ki Karachi Ko 10 bar Takkar De Sakta to Fir bhai India Ki Intezar Ki Baat To Kiya hi mat karo yah sab Shahar Tumhare Lahore Karachi Islamabad Ke Baap hai Aaj Jitna Bada pura Pakistan ka budget hai na usse Jyada Bada Mumbai ka budget hai sale Tumhari aukat To Hai Nahin aur usse Jyada baat karte ho,0,2023-01-14T09:35:28Z,True
@MehrAbood,Lahore is a city when you will enter it you will Feel flashback to Mughal Times  🔥🔥,1,2023-01-14T08:21:53Z,True
@Rahman619,"Beautiful city Lahore
.. Love from Bangladesh 🇧🇩🤝🇵🇰",7,2023-01-11T19:52:18Z,True
@nomadicfalcon2466,"I've been upto Wagah twice but never to Lahore, hope to go there in future, division of Amritsar and Lahore is an insanity. Only Bengalees and Punjabis are the victims of partition, Kashmir is a separate issue, heart wrenching",0,2023-01-11T14:20:49Z,True
@AiAnimeAnimated56898,Lahore the wonder of God,0,2023-01-04T16:40:21Z,True
@sonia_kapoor786,"My grandfather and his family  left kanakacha, pakistan at the time of partition and at that time he was just 7-8 year's old but still at his last breath he always praised pakistan. I wish i got chance to visit their once in my lifetime although i also love pakistani shows bcz by watching those serials i feel connected to our brothers and sisters from another country.",2,2022-12-17T12:18:45Z,True
@harshitvasavada201,"I think Lahore is nearest city to India
nice vlog bhai",0,2022-12-07T21:10:16Z,True
@khalsablog2906,"Ik aari jaona jaroor lahore life ch ❤️
Love from Punjab India",2,2022-12-05T11:21:43Z,True
@آفاک-ن9ع,Lahore Aik Kehfiyat 😍,0,2022-11-27T21:27:53Z,True
@abdullahmir2940,next week lahore ka tour krne jarha ho. koi bta skta hein weakly ek average person ka kitna khrcha hota hein?,0,2022-11-21T17:46:56Z,True
@ayeshaaziz111,"WHY DID YOU SKIP THE NAME OF OUR GOVERNMENT COLLEGE UNIVERSITY, LAHORE??? GC University, Lahore JUST CANNOT BE SKIPPED. THIS IS SO RUDE AND HURTFUL!",0,2022-11-18T04:24:10Z,True
@suryarising5009,"Tomb of jahangir , Anarkali , Noorjahan in lahore  , Pakistan.... Tomb of Akbar   .. Humayun in sikandra , India ...",0,2022-11-16T17:48:02Z,True
@muneebrahman1027,"Lahore akhir lahore hai.. proper city.. Karachi comes no where near it, totally a fucked up disastrous jungle with no systems and structure. Allah kisi dushman ko bhi na le k jaye uss aziyat khany men. Na jaan mehfuz na maal.",0,2022-11-11T21:19:38Z,True
@muneebrahman1027,"Lahore akhir lahore hai.. proper city.. Karachi comes no where near it, totally a fucked up disastrous jungle with no systems and structure. Allah kisi dushman ko bhi na le k jaye uss aziyat khany men. Na jaan mehfuz na maal.",0,2022-11-11T21:19:32Z,True
@muneebrahman1027,"Lahore akhir lahore hai.. proper city.. Karachi comes no where near it, totally a fucked up disastrous jungle with no systems and structure. Allah kisi dushman ko bhi na le k jaye uss aziyat khany men. Na jaan mehfuz na maal.",0,2022-11-11T21:19:02Z,True
@abidulislamrahat4079,"The diversity of Pakistan fascinates me,the cities of Azad Kashmir, Lahore, Peshawar, Multan, Karachi, Faisalabad attract me a lot.
Specially i wanna going to fast Lahore.🥰 
I have seen video documentaries about them on the internet.Just amazing.  
Inshallah one day I will visit my dream travel destination Pakistan😊🇧🇩",2,2022-11-09T04:59:22Z,True
@rehmanali5343,Lahore is a beautiful city,0,2022-11-08T14:13:30Z,True
@surafaletemesgen,"I can't describe in word,   that how curious am I to see Lahore. Lots of love from Amritsar Punjab",0,2022-11-07T06:09:30Z,True
@randomtv3258,I moved to Canada sometime ago puri Zindagi Lahore main guzarri tou aaj yaad arrhi thee ksm say video dekh Kay Rona aanay lga tha so many memories 🥺❤️,0,2022-11-03T23:56:46Z,True
@asaddarwish6240,Love you Lahore,0,2022-10-30T01:12:30Z,True
@maryk4717,Went to lahore recently was awesome,0,2022-10-27T22:24:34Z,True
@aroaro744,"Noncence , show actual Lahore people life.. worst city",0,2022-10-27T03:52:20Z,True
@khmoin4444,"Lahore Lahore ae. 🤗 Jinne Lahore ne wekhya oo jamiya hi nai. 🤠
Love from Lahore. 🇵🇰",4,2022-10-20T08:21:48Z,True
@ahmadarslan630,Mashallah OUr Lahore is so beautiful ❤❤❤,1,2022-10-06T12:21:52Z,True
@samuelwaseemphilip156,bhai ne churches aisay nikalay hain jaisay koi sachi dushmani nikalta hai ... Lahore khobsorat hain kash yahan basnay walon k dil bhi aisay hi hotay,0,2022-10-05T21:09:21Z,True
@haroonhussainkhansab6919,I am from peshawar next weak i visit lahore inahallah,2,2022-10-05T08:02:36Z,True
@swarnjitsingh1844,LAHORE  BOOK SHOP IN LUDHIANA,1,2022-09-29T09:18:11Z,True
@divyanshu8414,"I met a girl on social media, she is from Lahore. We had a great conversation about india and pakistan related to different topics on which common people generally talk.  She was a beautiful girl. 
In some points she had misinformation about  India's development, education, health care, public welfare, etc. When we were talking about Lahore and I suddenly asked to her about the history of Lahore. I don't know why she said, inspite of knowing the history of Lahore she was  trying misinform me. And i replied to her that the name of Lahore was actually came from the king LAV son of lord Ram. We are the descendants of lord Ram, I'm kushvanshi, the descendants of the King KUSH elder son lord Ram. 
And i compelled her to Google about it and then she agreed.",2,2022-09-25T04:04:12Z,True
@jakariamahamud9838,Love you Lahore from Bangladesh💚🇵🇰🇧🇩,11,2022-09-23T11:47:52Z,True
@thezeegarshow9614,Lahore the great city great content buddy,0,2022-09-17T19:49:59Z,True
@therealgentelman643,Sala pura city mein kuch dekhne like nahin hai bas yehi park ko different angle se dikha raha hain...😂😂,0,2022-08-28T18:32:58Z,True
@mr.pratap,"Lahore may be the most loved state of Pakistan from India.
I have a wish to visit Lahore
kyuki jene lahore nahi vekhiya......................",2,2022-08-23T15:20:55Z,True
@jaishreekrishna2957,Nice acha h Lahore,1,2022-08-22T02:41:01Z,True
@ibrahimsardar2130,Asif zardari shram kro 👎🤏lahore ko dekho😍 or apne karachi ko dekho tmne karachi ka kachra bnadia,1,2022-08-16T18:32:26Z,True
@HarpreetSingh-rq3db,I love Lahore from Punjab(India),1,2022-07-25T16:46:01Z,True
@travellingvlog8378,Lahore jaisa City pori dunya m na sahi pory asia m ni hoga..Love my City ❤,0,2022-07-25T14:49:13Z,True
@babubabe8294,Superb views...LAHORE....it's really a beautiful city....❤️❤️❤️❤️,3,2022-07-11T06:18:22Z,True
@snapart293,Lahore me ek bhi mandir ni hai hmne farak nhi kiya kisi bhi dharam me hmare yha hr  jgha masjid mil jaegi ye log tabhi barbaad hai or rhenge bhi poor pakistan 🐖,0,2022-07-10T00:23:40Z,True
@zainabkhatoon5805,Lahore to  beauty ful  hai magar loog bhoot haramy haan,1,2022-07-07T07:26:33Z,True
@Avi-1-12-12,Or gomen isko 8 month mai😂  “Lahore BRAND”🔥,1,2022-07-05T19:48:31Z,True
@DailyTiktak,Lahore is Lahore,1,2022-07-03T12:04:15Z,True
@superduper9732,Very few people know that Lahore was named after hindu god and in 1947 it almost came to india,1,2022-06-20T21:52:06Z,True
@nitinkumarsahu8415,Lahore jaise city bohut Kam dekhne ko milte hne 💟💯 from India,9,2022-06-12T01:46:38Z,True
@shameelsh6926,Masha Allah ...what a beautiful city... adding Lahore and Pakistan to my bucket list.... Insha Allah,0,2022-06-09T12:48:34Z,True
@shikshapandey8196,"Badshahi mosque is same as jama masjid ,jama masjid is largest mosque",1,2022-06-08T08:07:28Z,True
@haljordan4082,Got it. Lahore is 2nd hand Lucknow of India.,1,2022-05-01T11:21:11Z,True
@evertonbouwer4038,"This city looks amazing!Its loaded with new designs and ancient constructs.Why is Lahore never spoken of when tourism is mentioned or Pakistan for that matter?Every time i've watched tv the country is never shown in its true glory.It always gets shown to be dusty,violent and drab.Ive been misled.What a beautifull country!",0,2022-04-26T14:39:24Z,True
@LifeInUK,Beautiful city lahore,0,2022-04-26T00:08:34Z,True
@nazia786hassan6,The infrastructure speaks itself why Lahore is called the heart of Pakistan❤️🇵🇰,2,2022-04-24T08:41:03Z,True
@vinitgupta733,Lahore is beautiful City,1,2022-04-23T11:14:04Z,True
@way-sahara3369,I am from India Lahore is quite beautiful and clean but lack of  modern Infrastructure. As compared to Indian developing City.,0,2022-04-22T19:06:30Z,True
@evilsfather4609,Bhai ye video lahore tour kam mosque tour jyada lagta tha,0,2022-04-22T17:36:46Z,True
@tayyabarana278,I love my city Lahore ❤️....,0,2022-04-19T23:29:14Z,True
@shahrukhamir3447,East or West Lahore is the best Pakistan zindabad Lahore dabindabad 👍👌,0,2022-04-16T17:53:55Z,True
@footpath1794,"Beautiful city lahore.❤
This video suggested by my lahori frnd.❤. Love and respect from india❤🇮🇳🇮🇳🇮🇳",0,2022-04-10T14:10:47Z,True
@sakrnkl,Beautifully city in Lahore,0,2022-04-10T06:56:24Z,True
@sakrnkl,Delhi Gate in Lahore and Lahori Gate in Delhi♥️,0,2022-04-10T06:55:18Z,True
@khushijindal4043,"I could not thought that Lahore is sooooo much beautiful, it would be soo blissful if  it was part of Punjab as I m Punjabi. I could visit as many times I want. Love from india",0,2022-04-04T09:51:29Z,True
@Earthen330,"And this is not even main Lahore. 
You should added the main City centre",0,2022-04-02T06:20:37Z,True
@ammarasehar2015,My beautiful country' s beautifull city. Lahore 😘😘,0,2022-03-31T18:40:47Z,True
@aswinbhagyanath177,"Beautiful. India and Pakistan was one. Only because greedy politicians, we were divided. And Lord Mountbatten and Mcmohan hurriedly drew a line on a map without ever visiting the border. Our brothers and sisters got divided and many were murdered. All due to religion and dirty politics of British, Congress and Muslim league. What a shame!",0,2022-03-31T12:30:03Z,True
@xcaroff6235,Bhai aapka Lahore achha hai per aap jitna masjid pe Paisa lagate ho utna aap apna paisa education and manufacturing me lagate to aapka desh bhi hamare itna devlopment hota,0,2022-03-27T09:19:28Z,True
@ghulamshabbir2486,GC university is the heart of Lahore,1,2022-03-26T09:08:19Z,True
@SubhashisDasgupta,"I have been reading such wonderful literature and reminiscences of Lahore. It is steeped in history , art, culture , food and festivities. Must have been a wonderful place to live seeing the nostalgia of the residents past and present. I have moved around within Bangladesh from India , hope to visit Lahore too  if our region becomes streamlined and peaceful like EU some day .",1,2022-03-25T18:31:07Z,True
@vedanttripathi363,Indian city is far much better than Lahore and karachi,0,2022-03-21T16:43:29Z,True
@man08839,I am living in Islamabad but my wish to visit Lahore one day. It is very famous all over the Pakistan,1,2022-03-21T05:45:25Z,True
@rohaanshahzad4546,Lahore Lahore hai,1,2022-03-04T20:35:55Z,True
@takiyasir4851,"Beautiful Lahore ❤️ Greetings From Dhaka, Bangladesh 🇧🇩😍",6,2022-02-25T15:01:55Z,True
@Peeyush5805,"My Favourite you Are 💖💖
                             💖💖 Delhi &  Amritsar & Lahore City",1,2022-02-24T14:05:03Z,True
@Peeyush5805,My Favourites This I Miss You  Lahore City,1,2022-02-24T14:03:33Z,True
@randomthought2026,Amazing and beautiful City Lahore.,0,2022-02-17T15:48:09Z,True
@htastemaster7188,"My grandfather would always say, ""If you haven't seen Lahore, you have not seen anything."" Such a beautiful city.",17,2022-02-12T19:24:26Z,True
@Mobilegamer-mg7,Eiffel tower lahore 🤣🤣🤣🤣🤣...saalo khud ka b kuch bna lo 🤣🤣,0,2022-02-11T09:15:23Z,True
@muhammadabbas6793,At 6:06 it was Lahore University of Management Sciences. I want to mention my university.,0,2022-01-24T18:07:56Z,True
@ashokshrivastava2086,"WOW, LAHORE IS BEAUTIFUL. LOVE FROM INDIA",0,2022-01-23T04:22:24Z,True
@suhailvlogs09,i love pakistan 🇵🇰 and i love her mujhe pasand hai pakistan ke log bohot jiyada,2,2022-01-22T18:27:50Z,True
@sringerisharada3042,6:58 Lahore station and NOT even a Punjabi sign board. Pakistan is an Oxymoron by its existence. It's also an usurper of stealing Hindu Homeland and temples have disappeared.,0,2022-01-18T03:50:55Z,True
@utk567,“My grandmother’s dad has passed Law from Lahore!” Wish to be in Pakistan 🇵🇰 some day!”,2,2022-01-16T14:38:32Z,True
@subhajitroy2699,"Very old city, no modern construction & davalopement",1,2022-01-10T15:03:31Z,True
@abhishektiv4400,"Lahore was named after Lava, son of the Hindu god Rama, who supposedly founded the city. Lahore Fort has a vacant temple dedicated in honour of Lava. Likewise, the Ravi River that flows through northern Lahore was said to be named in honour of the Hindu goddess Durga.",3,2022-01-03T02:01:52Z,True
@asadshahzadd,You have shown only 40% beauty of Lahore but I appreciate your effort.❤,0,2021-12-29T18:18:16Z,True
@asadshahzadd,Hmm good effort  achi video th lekin 40% lahore bh nahi dikhaya lekin acha thi video mgr dikhany ko abhiiii bhi bohat kuch thaaaa bohat kuchhh,0,2021-12-29T18:12:02Z,True
@mehargraphy6767,Subhanallah Bohat Khobsurat Video bnai He Lekin Bohat kuch miss kiya he apne Bro Like Sozo Water park Butterfly park Lahore Zoo Lahore Highcourt The Mall Of Lahore Gulshane Iqbal Park And Canal Road Of Lahore . 2nd Part Bna Do Video Ka ❤️❤️❤️❤️❤️ From Lahore,0,2021-12-23T21:45:00Z,True
@vivekmishra07_,My dream is to visit one day lahore and Karachi and other pakistani cities which are earlier in India because all the places reminds me of our history ❗🇮🇳,1,2021-12-17T04:13:11Z,True
@shawan1646,"Lahore city only one city , where not a single one up to 10 floor,and no skyscraper 😆😆 it's imagine 😄😄",0,2021-12-16T19:26:34Z,True
@siddhantkumar7469,Lahore the greatest city of punjab.   And whole Indian subcontinent,1,2021-12-14T18:23:23Z,True
@herman.brinkworth6926,Lahore is  Beautiful.,0,2021-12-12T02:45:52Z,True
@raidergaming5248,Lahore  is no doubt a highly  well  develop ed city  as compared to  our  Karachi i think being a Karachiite i am vvv jealous of our Karachi  lagging behind,0,2021-12-11T20:41:23Z,True
@Sham_Gaming.,I'm from London my Grandparents from LAHORE.,0,2021-12-10T09:38:15Z,True
@Manpreet5463,Jinne vekheya nai Lahore oh vekhe Kalanaur.....:)..............would love to visit Lahore once in my life....... roohaan door nai hundiyaan pindey lakh hovan..... vassda rahe Punjab...aedrla te odrla....,2,2021-12-06T05:26:26Z,True
@Hamza_f,Karachi is modern but Lahore is historic PLUS modern,0,2021-12-05T17:17:43Z,True
@danishjamshed6139,IN PAKISTAN WE SAY   „jinne lahore ni takya o jameya hii nhi“  ❤️🇵🇰,0,2021-12-05T10:33:17Z,True
@ezzazahmed3711,lahore is best city.from bangladesh🇧🇩🇧🇩🇵🇰🇵🇰,13,2021-11-28T06:30:20Z,True
@ezzazahmed3711,i love lahore.🙂🙂,1,2021-11-28T06:29:22Z,True
@hufair2215,Words most polluted city lahore,0,2021-11-21T17:45:07Z,True
@Bholekbalak,Chutiye Redclif ne HINDU MAJORITY CITY hone k bawjud Lahore ko Pakistan me de diya th Vrn Aj Lahore India me hota.,0,2021-11-09T16:46:47Z,True
@peerfidaulqamar9924,I am lahore of my heart this real,0,2021-11-06T13:15:47Z,True
@peerfidaulqamar9924,I am top fan of lahore,1,2021-11-06T13:14:32Z,True
@peerfidaulqamar9924,I love Lahore,0,2021-11-06T13:14:00Z,True
@itsmegicalmelghat9182,"Lahore City is very beautiful.....
love from India ❤️🇮🇳..",0,2021-11-04T13:46:20Z,True
@chandrayanmangalyan8225,"Lahore is very beautiful place.
Love from Jaipur.",1,2021-10-14T18:46:22Z,True
@friendshipforever5846,I am grateful to be a Pakistani ❤️💯🇵🇰,0,2021-10-11T07:15:51Z,True
@Ranag78669y,Lahore. Pakistan . My love.,0,2021-10-09T11:15:14Z,True
@manokhan1582,I visit all places in lahore coz i live on lahore .pakistan ♥️,2,2021-10-08T22:36:45Z,True
@anandmehra2561,Would love to visit lahore someday! Lots of love from India 🇮🇳,0,2021-10-04T07:59:37Z,True
@shivaputra_krishna_IIT,I am pretty much sure that in an amazing city like that of Lahore there is much more to see than a copy of Eiffel tower and the animated pics of the airport! Lol......The vivid vibrance of the city makes it a must visit place of South asia!,1,2021-10-02T09:14:21Z,True
@ManishKumar-ph7fi,Very beautiful and clean city lahore. Love from india 🇮🇳,9,2021-09-30T04:03:00Z,True
@CITY_WALK_DUBAI,Thanks for sharing my friend 🇦🇪🙏🙏❤️❤️✌️✌️/ friend from DUBAI/ UAE / UNITED ARAB EMIRATES  سلام علیکم‌ / امارات  - دبي   🇦🇪 ❤️❤️🇵🇰 🇵🇰🇦🇪🇦🇪🇵🇰🌹🌹❤️❤️❤️Dubai ❤️Pakistan🇵🇰❤️❤️🙏🙏🤲🏻🌸🌸👍👍✌️,1,2021-09-17T08:43:04Z,True
@muhammadishfaq1846,Lahore Lahore aye,0,2021-09-14T14:12:39Z,True
@yasshvisehra2225,Lahore was heart of India before partition ..most of beautiful citis,1,2021-09-10T15:18:49Z,True
@sometimesithinkthanoswasgo9274,My grandfather he is from Lahore and even now also tells about Lahore such a beautiful place....(he has seen british rule),0,2021-08-31T11:16:17Z,True
@fatihsahin7462,"I am from  Republic Turkey 
Love Lahore  and All Pakistanis People",46,2021-08-29T22:43:50Z,True
@renukaprasadtumkur,"Well the caption may be not that appropriate in my view, east has got fashion cities most akin to Paris are- Singapore, Hong Kong and Mumbai the least comparision.
Correct if I am wrong, in other way, Lahore is most imposing and beckoning, thanks for upload.",0,2021-08-25T16:02:27Z,True
@raghavridhi1871,i luv lahore so much,1,2021-08-23T07:03:16Z,True
@vaibhavsharma5162,"Lahore Is Beautiful, 
No offense But Hamare Tier 2 cities which are more then 25 (Jaipur, Chandigarh,Indore, Lucknow, Ahemdabad, Dehradun etc etc)are more beautiful and Developed Then Lahore.. 🙏🙏",0,2021-08-22T13:49:42Z,True
@ritik4215,"According to oral traditions, Lahore was named after Lava, son of the Hindu god Rama, who supposedly founded the city",1,2021-08-20T09:32:57Z,True
@w.m.aslam-author,Lahore is a wonderful city; I visited in 2016 and enjoyed my time there. I hope to see more of the city in the near future. Thank you for sharing these amazing images.,4,2021-08-16T23:11:17Z,True
@raghavridhi1871,lahore is paris of east asia,1,2021-08-16T02:00:23Z,True
@raghavridhi1871,lahore is paris of east asia,1,2021-08-16T02:00:13Z,True
@CinecoProductions,"Sir, Loved your video. Can i have your videos small clips please for my upcoming video?",2,2021-08-15T14:02:08Z,True
@ksk1nine,"Lahore is always in my prime travel list. Wish I could ever visit there. If kartarpur corridor extends from Amritsar to Lahore then sure I'll visit on the very first day. 
Happy Independence Day. 🇮🇳",9,2021-08-15T10:55:21Z,True
@Wasqasahmad.official,Pakistan is beautiful country lahore love you,0,2021-08-14T15:07:58Z,True
@talhamo2,Mazay ki baat. Yeh toh aadhay se ziada poorana lahore hai. Abhi toh asal nai developments waali jagah aagay dikhayi hee nai. MashAllah Lahore Zindabad. Pakistan zindabad ♥️,0,2021-08-09T19:00:59Z,True
@KundanSingh-ll8qb,Kash us time hum sach much hi chhin liye hote lahore wapas ni karte 😂😂,0,2021-08-06T01:40:24Z,True
@72novi,Love Lahore wish to be there,0,2021-08-04T19:10:59Z,True
@vikramk6869,I want to visit this beautiful city Lahore. Love from India,5,2021-07-31T16:51:07Z,True
@safecurecscommunications3239,No temple in Lahore ?,0,2021-07-27T06:44:48Z,True
@rifatrifat9228,I love Lahore 💗💗💗💗,0,2021-07-23T18:57:59Z,True
@rameshchandrasharma2634,bello munabao 99miles Hydrabad pakistan money note exchange,0,2021-07-22T12:53:56Z,True
@Kushal_kumara_rao,Lahore is named after Shree Ram son lav,1,2021-07-19T06:04:47Z,True
@aliosman1542,Lahore and Delhi has one thing in common  both has  Same  heritage buildings,0,2021-07-09T17:33:24Z,True
@mdhusain4389,"If Pakistan spend more money on education, Health care and technology then the country is going best country in Asia",0,2021-07-07T10:05:33Z,True
@Abdullah-ts4ps,I love from lahore pakistan🇵🇰,1,2021-07-05T02:29:38Z,True
@rajatagarwal6108,Delhi and Lahore are quite same.,0,2021-07-04T16:56:52Z,True
@moistcritical6956,"as we pakistani say 
anyone who has not seen Lahore has seen nothing",1,2021-07-04T07:40:46Z,True
@MrSamba17,"Though i was born in lahore, i couldnt recognize a single place. Miss the city so bad… best food in the world…!!",2,2021-07-01T08:35:50Z,True
@free0-q8k,Such beutiful city Lahore 💕💕💞💞💞🥰🥰🥰🥰🥰💞💓💓🌹🌹🌹🌹🌹. Love from India.,0,2021-06-30T19:40:47Z,True
@Abdulbasitawan66,sirf. Eifell tower bana denay sy lahore paris nahi ban jata.  paris ki to kya bat hai. lahore aglay 100 saal b paris nahi banyga,0,2021-06-27T13:46:52Z,True
@idaresay3902,😂😂😂😂😂😂 paris me to cartoon hai mohammad ka.. Lahore me bhi hai kya,0,2021-06-24T19:33:50Z,True
@amankumarthakur4849,Lahore is really beautiful love from Bharat,0,2021-06-20T20:21:22Z,True
@imokay6929,"Lahore city teaches beauty can be built without constructing highrise buildings ❤️❤️😊Love from Gurgaon, India 🇮🇳",3,2021-06-18T16:28:47Z,True
@muhammadsufyan3906,We miss Lahore,0,2021-06-18T14:38:52Z,True
@vikasjaiswal665,"Beautiful Lahore. Fucking international media doesn't feature any of these locations, Always want to picture Asian countries as Slums",3,2021-06-15T19:54:45Z,True
@dishadave2486,Lahore my dream place 😍 ps love from India,4,2021-06-15T19:36:25Z,True
@ajaychouhan-gf9ws,"Ohhhh so beautiful 

Is it Pakistan,,
Amazing 



Wants to visit there 


But don't know how they treat me and my family being Hindu",1,2021-06-13T14:53:28Z,True
@samalimalik3897,Love to visit Lahore Karachi Islamabad peshawar azad  kashmir gilgit baltistan frm india 🇮🇳 ❤️ 🇵🇰,1,2021-06-12T10:31:03Z,True
@humairafawad1680,zabardast. very nice effort. 🇵🇰❤,0,2021-06-11T07:46:53Z,True
@rituparnabanerji3797,Tombs of jehangir; noorzehan ; anarkali WOW !!!!!! 🙏👍,0,2021-06-10T14:24:46Z,True
@rituparnabanerji3797,Great info about Lahore the ancient and modern vistas 🙏🙏🙏🙏🙏🙏 from Kolkata 🙏,0,2021-06-10T14:22:39Z,True
@manindersingh7856,Bahut bahut pyara wa verre Lahore....ajj tak sirf apne BAPU JI toh pic's dekhiya si te suneya si ...but tusi ajj wikha bhi dita...khaas karke GURDWARA SAHIB...so thank you very much verre...kash partition na hoyi hundi tah assi bhi apne sheher layalpur hunde...verre bahut pyar satkaar charde PUNJAB toh,1,2021-06-10T13:06:39Z,True
@classicfirepak-familybusin889,"Thanx to the #mughal empire who recreated lahore, an ancient city of Raja Loh, into a modern classic city of gardens.",2,2021-06-09T07:55:38Z,True
@classicfirepak-familybusin889,Thanx to Shehbaz Sharif who developed lahore for good. 🥇👍,0,2021-06-09T07:54:00Z,True
@classicfirepak-familybusin889,Lahore lahore hai !! 🤪,0,2021-06-09T07:53:10Z,True
@siamkhan_,"There is a tunnel in Lalbagh fort, Dhaka,,people believe that this tunnel goes through Bangladesh, India, Pakistan,, connecting Dhaka with Delhi then Lahore...",0,2021-06-08T20:40:47Z,True
@MubasshirAKhan,"I heard of a saying - JIs ne Lahore nahi dekha, woh kuch nahi dekha (one who has not seen Lahore has not seen anything. Rightly said.",0,2021-06-08T19:17:33Z,True
@m.hasnainbutt8547,Data darbar view could be more better,1,2021-06-08T17:30:07Z,True
@kapildevyadav7839,Its lovely city and what I heard that old city also having its beuty and it is still preserved. I have one request that Sir Gangaram is having great contribution in Lahores modern glory so pls preserve his memorial as I heard that it is not taken care with good care. And if I wish to visit Pamistan then how sfae it is for Indian visitors because I wants to visit all heritagecities including Gangapur village.,0,2021-06-08T08:55:03Z,True
@SadguruPrernaTrust,"All mosques , gardens but no industrial park !",0,2021-06-07T22:51:23Z,True
@RaviPatelravipatel98,"You guys can compare Lahore with Lucknow , Though Lucknow has more rich legacy in culture and archetecture.",0,2021-06-07T16:40:45Z,True
@cisy6790,Y there is a history museum ..while the history of country is just 70 years 😁😁😁🙄🙄🙄🙄😁,0,2021-06-07T11:08:32Z,True
@datef2958,Lahore is the best,0,2021-06-07T07:40:44Z,True
@JavedAli-vv7tu,I love lahore city,0,2021-06-07T06:43:09Z,True
@RameshChandra-rg1sh,2021 astrology numerology LAHORE PHYSICS IS LAHORE 2022 MATHS LAHORE CITY,0,2021-06-07T04:47:43Z,True
@NATUREFLEX75,Ek time jab ye sheher bhot khubsurat tha abhi toh itna pollution hai ki isse delhi bhot aage nikal gaya but i love this city also ❤️👍,0,2021-06-06T14:11:17Z,True
@nikhil0401,Inshallah hum lahore waapis leke rahenge,0,2021-06-06T12:36:31Z,True
@JavedAli-mv5pe,"Great city of pakistan. 
But i condemn how punjab budget is spent only on Lahore. Other cities have struggled due to this injustice",0,2021-06-06T11:14:39Z,True
@mariuamshahabtayyab5690,Bhahahah paris of the east so cheap,0,2021-06-06T09:06:59Z,True
@aliranmal7150,I am impressed beautiful city Lahore .,1,2021-06-05T18:25:37Z,True
@ArnabKumarRoyOfficial,Love from India. satch main mast city hai lahore. ❤️❤️❤️❤️❤️❤️❤️❤️❤️❤️❤️❤️❤️❤️❤️❤️🇮🇳🇮🇳🇮🇳🇮🇳🇮🇳🇮🇳🇮🇳🇮🇳🇵🇰🇵🇰🇵🇰🇵🇰🇵🇰🇵🇰🇵🇰🇵🇰🇵🇰🇵🇰🇵🇰🇵🇰🇵🇰,0,2021-06-05T17:30:04Z,True
@AamirKhan-sp7df,"Jinna lahore nii waikhya, O jamyya hii nii.....❤️❤️❤️",1,2021-06-05T16:50:47Z,True
@PakistaniReactionOnIndia,I visited lahore in 2015 and we stayed 3 days ..Lahore have many tourism places,0,2021-06-05T11:15:17Z,True
@ziauddinmalik6501,Nothing about old city,0,2021-06-05T07:31:54Z,True
@pbc5137,"Considering Lahore’s importance in Hindu/Sikh history, I can’t for the life of me figure out how did our idiot leaders give it to them.  But in all fairness and to their credit, Pakistani cities seem to be much more cleaner and livable than Indian cities.",1,2021-06-05T02:50:33Z,True
@emaantalha8537,Haye mera lahore 💓💓💓💓💓💓💓💓💓,0,2021-06-04T20:40:48Z,True
@Abbas-mz2rk,Jis n sab kuch kya ok lahore m usko he galyan de is qoum n . pag jahil qoum jis n mulq banaya tha uski behan ko b maf nahi tha is jahil qoum ne,0,2021-06-04T06:17:13Z,True
@shykhzara4074,"I LOve My City Lahore 
Proud be a Pakistaniii😍😍Lahori Kuri😘",0,2021-06-03T17:46:01Z,True
@dramakun4931,By the way Lahore is not a Paris of the east Jaipur is Paris of east,0,2021-06-03T12:22:16Z,True
@asher6648,Dera ismail khan is 100 times better than shitty lahore..,0,2021-06-03T02:06:13Z,True
@rajinderlalarora4179,It was told that a person is yet too take birth if he has not seen Lahore. I was 7 when partition took place. Partition was unnatural as many people believe in both India and Pakistan.,1,2021-06-02T13:43:55Z,True
@davidroberts5501,"Nice to see Lahore 👍
You showed us lots of good places. Thank you so much but I have one complaint.
You showed Sikh Temple, you showed us Government College but you didn’t show Cathedral Church on Mall Road and you didn’t show F.C.College. Yes I know because these are Christian Institutions 🤔
And as usual you are another Prejudice Muslim. Otherwise you and everybody else knows these are very old Landmarks of Lahore city and it’s very shameful of you. You have shown your real face 👹👺👿💩👾👻💀☠️👾",0,2021-06-01T17:08:03Z,True
@RizwanKhan-uj2nz,Lahore : the Film City,0,2021-05-31T19:49:04Z,True
@yashvarma1153,Lahore is named after Lav the Son of Lord Sri Ram .. Don't believe me just google it.. 🚩🚩,0,2021-05-30T18:27:22Z,True
@tseek001,"Why is it always about elites' corruption and money they looted, blah blah blah etc? 
Who speaks for the victims and loved ones and families of innocent women and children slaughtered in broad daylight MURDERS of model town by previous PMLN Gov't and it's Ministers ?? Would there be justice ever?
Anyone??",0,2021-05-30T17:06:15Z,True
@skd2697,I find Islamabad more beautiful than Lahore or any other metropolitan Indian city as well for that matter.,0,2021-05-30T10:51:58Z,True
@MKjee-mt3sf,"Very nice tour.....alot of progress in Lahore, been there 12 years ago! 🙏🇸🇬 to the Sikh temple Nankana Sahib. My Baba use to say that people who have never seen Lahore they have not seen anything in the world!",0,2021-05-29T10:35:35Z,True
@brownguy8566,"Don't know why we Indian pakistani called our cities Paris New York 
We have our own beauty Lahore is Lahore theres only one Lahore in the world and that's beautiful 
Same goes for us Indians",1,2021-05-29T08:47:02Z,True
@pirmuhammad1579,Sadio ka dhanda company 😃,0,2021-05-29T04:23:24Z,True
@blacknigga19870,I love lahore from kp,0,2021-05-24T20:26:07Z,True
@luckysingh4205,"Jinha Lahore nahi dekhya 
Samjho jamaya hi nahi.
Sada purkha peecho esa hi dharti da na .",1,2021-05-23T04:24:44Z,True
@isratjahantanha8345,Lahore pakistan ma ha or india ma?? kaha ha Lahore,0,2021-05-21T06:57:15Z,True
@noorilahi1868,Half lahore is missing no full video,0,2021-05-20T10:02:08Z,True
@vandnakumari5528,I heard about only but I want to see Lahore ❤️,0,2021-05-16T10:23:06Z,True
@ramzanshahbazpakistan4829,LAHORE LAHORE Ay love u,0,2021-05-13T04:38:06Z,True
@ainharjitbs,"I would love to visit Lahore, I want to meet the hospitable Pakistani people, I am searching for anyone who can guide me there, can anyone help?",0,2021-05-12T08:28:11Z,True
@abdrjpoot4248,Sab batein ek Jaga but Lahore is Lahore ☺️☺️👍👍👌👌,1,2021-05-08T07:42:50Z,True
@sadiaanser2184,"I wan't to travel in Lahore 
I love travelling ❤
Amazing 💗",1,2021-05-06T12:56:30Z,True
@sanaafreen9011,I really want to visit Lahore❤️,0,2021-05-06T08:15:04Z,True
@jack_thekingh22,"My grandfather was from Lahore (Sargodha)vo hamesha khte the jinnne Lahore ni dekhya vo jamiya ni Ty meri dadi kndi hundi c jine Lahore ni takya vo jamya koni🤣vo ab is duniya me nhi h par unki baate or taane abhi bhi Yaad h mujhe🤣🤣🤣o Tu chup kitti Kar ,ki thi gyo,kitha gya kanjra,ve put gal suni ,jeenvande🤣😂🤣 love u dadi dadu🥺miss u so much plz come back ☹️btw love frm Haryana India 🙏",0,2021-05-05T17:53:48Z,True
@AmitKumar-nm4gf,Beautiful lahore city but ita made by  shree Ram son  LAV-KUSH. I really love❤ this city. Love from haryana.,0,2021-05-05T07:34:43Z,True
@mohihihihit,I really really really wanna visit pakistan....why these corrupted politician are so bad nd cruel ......why they separate us .....love frm india..... anybody can tell me the name of the background music.....it's really soothing❤️,0,2021-05-04T17:57:24Z,True
@mushrifali786,"Hamare vikas Divya kirti sir ne kaha tha jisne Lahore nhi dekha usne kuch nhi dekha
Respect from India 🇮🇳",3,2021-05-04T13:08:25Z,True
@innamullah2037,"aap jo chezain vidio main dekhaty ho.in main sy ziyada tar ky bary main kisi ko pata hi nahin.main khud lahore  bahut bar gea,lekin phir bhi khuch chezain ky bary main aap sy pata chala.is liye kehta hon.vidio main naqsha chahiye",0,2021-05-02T12:28:09Z,True
@AyeshaAnjum-kk7gx,So beautiful i wish ki main bhi ek baar lahore jaaoon,0,2021-05-02T10:20:36Z,True
@BIGREALTY,Bandung Indonesia ❤️ Lahore Pakisan,0,2021-04-27T04:44:15Z,True
@waqasrafiq7483,Good Love Live LAHORE PAK,0,2021-04-26T06:32:35Z,True
@mathiewgreg5240,"My tourism teacher  who happens to be very funny and throws jokes here and than mentioned once the name LAHORE. So here, we speak both french and english in Montreal. So LA means ""THE"" in French. Hore means you know what in english. So she suddnly made the connection in her mind. LA HORE... I was the only one who undrestood her lolllll hahahah",1,2021-04-25T20:38:00Z,True
@aizanaseer4775,Lahore lahore haG,0,2021-04-25T16:15:51Z,True
@iopoolp5661,Lahore Lahore ha...,0,2021-04-21T19:58:19Z,True
@shahidhassan5805,Lahore Lahore aey,0,2021-04-21T14:46:38Z,True
@sahilxs9672,Too big city man🤪🤪🤪,0,2021-04-17T18:00:33Z,True
@mahnoormano1700,Lahore is my city 😍😍😍😍 i am student of university of lahore,1,2021-04-15T09:44:15Z,True
@digvijaysingla7301,May Lord Shiva bless Lahore. Om Namay Shivaay jai Shiv Shankar Har har Mahadev 🙏❤️👍,2,2021-04-11T13:55:03Z,True
@pipasapiyushranjannag7115,Lahore has it's own type of Beauty. Which Can't be express in a words..What a Wonderful City Of pakistan...!!!.A huge ❤️❤️Love FROM INDIA,93,2021-04-10T23:28:51Z,True
@mr.chrispbacon5987,Lots of memories are connected with lahore!🇮🇳,1,2021-04-09T05:45:16Z,True
@yulifarida4742,"I hope Allah gives me opportunity for go to Lahore especially Gujranwala (Tohed Park, street 4, near Masjid Dar ul Islam Ahlisunnah). Salam from 🇮🇩",7,2021-04-08T14:18:19Z,True
@marinaevtuchenko4112,Lahore it is really my dream now! Amazing and so Beautiful!,2,2021-04-01T09:17:08Z,True
@brown_boymusic9682,"I am indian but I love Lahore city...
I love pakistan..",0,2021-03-31T13:21:28Z,True
@KD_Live_1,"Dil to karta hai Lahore ghumne ko 
Par kambakht in leaders ne janjir baand rakhi hai",1,2021-03-30T04:14:48Z,True
@muhammadfarzaan,Pretty sad because now lahore is full of plastic bags and plastic bottles,0,2021-03-29T16:16:10Z,True
@harkamalgill5168,Lahore is beautiful City yaar bro,1,2021-03-27T17:14:55Z,True
@Jatoisahib786,LAHORE is 1000 times more beautiful than this video in all aspects,0,2021-03-27T13:24:39Z,True
@riteemaharjan4351,see what bollywood movies show how pakistan is and how pakistan really is...modern city embracing the native beauty of heritages...Bollywood really is a big scam..Pakistan really is a beauty...Love And good prayers from Nepall to pakistan and pakistani friends..I wissh to visit pakistan for once...wish me a luck...,0,2021-03-25T12:52:30Z,True
@dubaistreetwalker,My dream 😍😍😍😍 i love lahore city i m from india 🇮🇳  💓🇵🇰 Lahore,0,2021-03-23T18:25:25Z,True
@rositalondon6439,what a beautiful city of Lahore!,0,2021-03-19T10:35:17Z,True
@maheshsampath9934,Lahore ohhh what a memories in 1996 march 17th... 🇱🇰 won the world cup in this beautiful city... with beautiful people of 🇵🇰️,153,2021-03-18T19:28:27Z,True
@muhammadnomanjaved4847,I love my city Lahore,2,2021-03-14T20:07:33Z,True
@asif1612,"Log to achchhe hote hain aur leaders bure hote hain. magar leaders bhi logo me se hi hote hain. Danga hota nahi karwaya jata hai, magar jab danga hota hai to apni qaum k log masoom aur dosre zalim lagne lagte hain. Shayad insani fitrat yahi hai. Angrezon se hamne sirf phoot dalo aur raaj karo hi sikha hai. Abhi bhi hit hai dono hi mulkon me.",0,2021-03-11T10:10:52Z,True
@Maan58880,Proud to be a Lahore... we people  are so generous and welcoming... if you visit here plz   don't forget to taste the food ....,1,2021-03-08T17:08:29Z,True
@naveedshahryar123,Main Lahore se 80 Km dur hon. Lekin main siraf 2 dafa he  Lahore Dykha hy😭😭😭😭,1,2021-03-07T08:21:34Z,True
@mujiburrehman3849,Beautiful city lahore.love from india,0,2021-02-28T11:35:22Z,True
@muhammadathariqbal5418,"Oh bhai ring road, kalma chowk fly over and canal road kidar hai ?????????????? Bad impression of Lahore documentary.",0,2021-02-25T10:36:12Z,True
@MrRana328,"Love you lahore 
Miss you lahore 
It's been 10 years 😪",1,2021-02-16T08:28:42Z,True
@shoukatbhatti4870,"Lahore Lahore eey,Nahi reessan sehar Lahoe deeyan,  most beautifull capital city of punjab since centuries , I have A lot of property, in Lahore",0,2021-02-15T12:02:37Z,True
@zabardastexplorer2858,Lahore lahore aey. Love from uk🇬🇧,0,2021-02-13T22:05:48Z,True
@ihtishammalik8580,"PLACES MISSING IN THIS VEDIO.
1. TOMB OF JAHANGIR.
2.TOM OF NOOR JAHAN.
3.PUNJAB UNIVERSITY.
4.RIVER RAVI
5.BARA DARI(ON RIVER RAVI)
6.CHUBURCHI
7.BUTTERFLY GARDEN
8 ASSEMBLY HOUSE
9.CIVIL LINES COLLEGE
And if we add places who are not so large but still historical the list can go to 50. You can visit same places many times but can never be bored because of some magic in lahore ❤️.",1,2021-02-13T18:03:51Z,True
@ihtishammalik8580,"Born in lahore, and living in it for 23 years and have visited all the places shown in this vedio countless times.",0,2021-02-13T17:53:33Z,True
@rational_india2,Yaha building Kam ..aur chhote Bina cement plaster  wale aur bina painting wale makan hi Jadha dikhate hai.......ye lahor se to India ke 25 lakh population wale city achhe ....ye sirf flyover aur ...azadi interchange ko hi ...dikhate hai,0,2021-02-13T08:58:23Z,True
@jasjitsingh4565,Lahore lahore e a,0,2021-02-10T03:32:24Z,True
@khurramshahzadrandhawa1732,Plz sargodha ki video b shot karen plz,1,2021-02-07T23:35:59Z,True
@poeticbites100,Reason why Tu lagdi Lahore di was used in the song ❤️,0,2021-02-07T06:50:43Z,True
@bhupendrakumarpra,Lahore as like a purani Delhi,0,2021-02-05T23:29:44Z,True
@shreyashchauhan8561,"Saare makbre Bharat me jahangeer, anarkali, noorjahan aur Babar Lahore chale gye
..
..
 offfffo india me rhna tha naa hmlog bhaga thode rhe the..
Tajmahal, Humayun, shershah sbka maqbara dekh liya.. pakistan kaise jaaun baki dekhne.. 🧐",1,2021-02-05T18:34:55Z,True
@anshchaudhary8953,Kuch Chutiyo k Vjh se Lahore humare Hisshe se chala Gyaa. Koi nhi apne beto ne acha Maintain kr rkha hai city ko.,0,2021-02-04T19:02:19Z,True
@kinggeorgev1425,I like the music not lahore.,1,2021-02-02T04:48:16Z,True
@konyakpochuri1663,"Lots of love to Lahore, India. India is really incredible. I will come India and visit Lahore. 🇮🇳❤️🇮🇳❤️🇮🇳❤️🇮🇳❤️🇮🇳",0,2021-01-26T17:07:06Z,True
@yeshonestly4268,Lahore Lahore hai!!! 👍🏻,0,2021-01-26T04:53:04Z,True
@musicgiants9365,I hate lahore..lohore me jany ky bad har jagan mazar aur purany minnar aur qilly hi nazar aty hain jo ky purany darbari logon ki jahalat ka jeeta jagta subot hain..jinki wajah se aj humara ye haal h.,0,2021-01-24T20:56:35Z,True
@asra_ash_rose,I am from Karachi and ab Lahore main rehne lgay hain lekin Karachi k baghair dil nhi lgta.,0,2021-01-22T20:37:42Z,True
@blackmanta774,"Lahore is beautiful, Lahore is love! <3",0,2021-01-16T12:32:51Z,True
@sansijatt8187,I love my Lahore I love My Pakistan♥️♥️♥️♥️♥️,0,2021-01-15T13:21:37Z,True
@sahilsingh822,Humara punjab 😣😣 sab kuch ek tha .. lahore jane ko dil karta hain,2,2021-01-11T08:16:13Z,True
@artworkbyarmughan1403,Happy new year in this lahore paris of the east covid corona 19,1,2021-01-01T23:12:37Z,True
@alishatalpur6195,Yr ab mujh bhi Jana chaheya Lahore ma frnd ghum ke aye ab mere bari,0,2020-12-31T08:34:20Z,True
@TaxiServiceRotterdam,Lahore lahore way burahhh,1,2020-12-31T00:16:04Z,True
@themirsahab,"I am from lahore. Excellent video lakin
Is kay elawa b beshumar places hai jo is video may nai dekhai
Like
Ravi River
Fortress Stadium
Mall Road
Canal Road
Jail Road
Ferozpur Road
Multan Road
Lahore Zoo
G-O-R
Gulberg
Defence
GYM Khana Club
National Park
BRB Canal
Shimla Pahari
Wall City
(Wall city may Dehli Gate kay elava mazeed 11 Gates aur b hai. In total 12 gates may say srif 6 Gate salamat hai or baqi Jahil logo nay Tur diye)

Various Malls
i.e.
Imporium Mall
Pakages Mall
City Tower
Pace
Aurega
Galoriya Jeans Mall
Panorama Center
Naki Market
Liberty Market
Ichraa Bazar
Anarkali Bazar Etc

Various Hotels
i.e.
PC Hotel
Awari Hotel
Flaties Hotel & others

Various Beautiful Socities

Beautiful Buildings 
i.e.
State Bank
High Court
Town Hall
GPO
PTV Building
Radio Pakistan Building
Shah Deen Manzil
Lakshmi Chowk etc

Various Plaza, Cinemas, Roads, Schools, Collages, Universities, Parks & Darbars",0,2020-12-25T13:25:22Z,True
@ProKing.246,I live in Lahore and Lahore is the most beautiful city in Pakistan but in northern areas like kashmir and sawat etc are more beautiful in greenery love from Lahore Pakistan 🇵🇰🇵🇰🇵🇰,1,2020-12-24T07:31:39Z,True
@zunairkhalid4479,"Every city of Pak  is beautiful but Lahore is Lahore ,City of living hearts , city of kings  ,city of cultural heritages.",1,2020-12-23T09:49:09Z,True
@MuhammadZeeshan-dk1kg,Lahore is the city of Gardens and Colleges and Lovely Friendly people. 💚❤ love from lahore. 😘,65,2020-12-18T07:34:08Z,True
@monirkhan7545,Love from Bangladesh! I heard to many good  things about Lahore & Pakistan from my father. Very near future I will visit Pakistan Insh Allah!,1,2020-12-16T17:13:29Z,True
@kastirkakakhel375,"Miss you Lahore!!!! History, food, shopping & friendly people make Lahore a unique place to visit!!!  IA will visit soon!!! Love from Canada!!!!",4,2020-12-13T23:46:53Z,True
@princessjazz5767,I miss Lahore <3 Pakistani living in America,0,2020-12-12T04:02:00Z,True
@saurabhpulsar,Hello lahore waleyo from your neighbour Amritsar,1,2020-12-09T11:29:01Z,True
@abusayeednadim696,So nice from Dhaka,0,2020-12-06T04:11:23Z,True
@digvijaysingla7301,Kudos to shahbaaz sharif. Extraordinary work done in Lahore.,0,2020-12-05T13:34:39Z,True
@mr_aarav8620,"High rated gabru In this song, Lahore City has been shown very well. Why...And there is nothing special in this video",0,2020-12-03T03:06:44Z,True
@tahaejaz1130,This is not even 10% of Lahore beauty,0,2020-12-01T19:07:31Z,True
@nawazkhan6952,Lahore Lahore ay Pakistan da dil 😍😍😍,0,2020-11-29T21:03:44Z,True
@ismailbmarak5526,Lahore is a part of India hope one day will be back to India.,1,2020-11-29T05:33:03Z,True
@digvijaysingla7301,May Lord SHIVA bless Lahore. Om Namay Shivaay jai Shiv Shankar Har har Mahadev.,1,2020-11-28T15:02:46Z,True
@sukkusen4621,Lahore is beautiful best wishes from india 🇮🇳❤️🇵🇰,42,2020-11-28T11:10:31Z,True
@digvijaysingla7301,I love all the stunning views incredible city Lahore.,2,2020-11-28T09:07:51Z,True
@seharali7094,Mera lahore  Allah isko abaad o shad rakhe,0,2020-11-26T05:58:06Z,True
@PriyaSingh-bw4ji,"Race corce, moti mosque, jama mosque, Shalimar Bagh, safari park also situated in india....",0,2020-11-23T18:35:16Z,True
@Nusrat_jahan030,"Lahore is great city,, from🇧🇩🇧🇩🥰",85,2020-11-22T12:03:53Z,True
@najmuddinsk5488,bhai pakistan dekhne ki bahot khuwaish hai bhai par kya kare hame wahan ka visa nahi milta,0,2020-11-21T13:46:06Z,True
@chaqib8777,7:04 The first name of Gaddafi stadium was Lahore crickett club. 1974 Pakistan hosted the 2nd annual meeting of OIC in Lahore. The Libyan leader  M.Gaddafi  delivered a speech in favour of Pakistan Nuclear Programme. After that government of Pakistan  named this stadium in his honour.,18,2020-11-15T14:45:30Z,True
@Fridayflights09,Ma Shaa Allah beautiful 😍 💖 city ❤ Lahore love 💘 from india 🇮🇳,2,2020-11-15T04:32:57Z,True
@drsnk7644,AMAZING .... and miss Lahore 😊,0,2020-11-06T12:45:52Z,True
@randomgalleria,i saw arfa techonolgy buling this building is biggest building  in Lahore,0,2020-11-03T19:44:30Z,True
@ajaxamsterdam8310,Lahore is a very nice city. Very good food and enjoy. Love from Holland❤❤❤,1,2020-11-01T17:02:46Z,True
@TheIhtesham58,Lahore Lahore Ay.. 😍 beautiful video bro,1,2020-10-31T08:08:55Z,True
@Unseen_user02,From India wanna visit Lahore one day🇮🇳❤️🇵🇰,0,2020-10-30T14:08:43Z,True
@Inspirational_quotes307,Choro yr choti choti buldings hain,0,2020-10-29T17:12:01Z,True
@abdulhaseebsheikh1390,why not the canal road its the best road in Pakistan Lahore is the only city that has a canal which cuts a city into two equal parts,1,2020-10-28T15:51:57Z,True
@Ali-zj4jt,Dislike walay out of Lahore walay🤣🤣🤣🤣🤣,1,2020-10-27T14:06:41Z,True
@nawabzada5800,Lahore full of punjabi heritage and culture....also want to visit charda punjab specially amritsar and Chandigarh,0,2020-10-25T15:15:16Z,True
@its_Raahul,My ancestors was from sialkot . And Lahore is the capital of greater Punjab . Love from jalandar to Lahore ❤️❤️.,2,2020-10-25T14:48:56Z,True
@garrygrewal4893,No word for this beautiful city❤️ Lahore Punjab🇵🇰 sada dil a.... Love from India,147,2020-10-23T14:16:22Z,True
@malikdaniyaltiwana7459,I almost visited all these places ☺️☺️🤩🤩 and they were so beautiful 😍 i am from Lahore and proud to be a Pakistani 🇵🇰 and lahori oh khaide ne naa ka lhore lhore ae ta jine lhore nai takiyaa oh jameyaa aei nai 🤟🤟🤟🤟😉😉😉,0,2020-10-22T12:36:23Z,True
@akashchouhan2015,Hussaini wala border khol do yr,0,2020-10-22T04:37:27Z,True
@graceleyva4556,I was here last year.  Lahore is really a beautiful city.  I will go back to this city soon.,1,2020-10-21T10:23:58Z,True
@luluchannel3999,My dream is to move to lahore ♥️,0,2020-10-18T21:17:47Z,True
@drariflatif2550,Lahore is matchless plus people are lahore are pure love,0,2020-10-17T11:29:46Z,True
@Abdulrehman-nm9ql,Make a video on (the city of eagle)means SARGODHA,0,2020-10-16T18:15:43Z,True
@youtuber_rakesh,goosebumps after seeing lahore video,1,2020-10-16T15:45:12Z,True
@tilakrajmusic7601,Background music is awesome  perfect matched with Lahore city .............,2,2020-10-15T08:13:40Z,True
@umairasajjad4178,"Please include Liberty market, Shah Alami, Akbari Mandi, NCA, High Court, Mall Road, Cathedrals, Lahore Canal in the footage. Thanks",2,2020-10-15T05:08:34Z,True
@surajsrivastava7479,"Bahut Sundar h Lahore, kaas ki kbi ja pta",0,2020-10-07T18:56:29Z,True
@surajsrivastava7479,I love this city'Lahore Pakistan,1,2020-10-07T18:55:59Z,True
@ArshdeepSingh-zv6oj,from india lv lahore prane ilaka c sada kasor,2,2020-10-07T11:18:25Z,True
@UsmanAli-hq9pv,My love my Lahore,0,2020-10-06T17:57:41Z,True
@someonesomeone313,"Lahore is beautiful. 

Coming from an Indian.",7,2020-10-05T07:27:59Z,True
@waniaumair,I m from Lahore🙋🙋,0,2020-10-04T18:45:31Z,True
@anshuraj6445,"Well , Beirut is known as the Paris of East not Lahore. BTW good city.",1,2020-10-02T10:32:52Z,True
@Emankhan963,Hi my teacher say that watch the video I decline the of ms teams,0,2020-10-01T05:35:45Z,True
@NusratRizvi-ox3fg,"I will strive with all energy I posses to have this beautiful city of Lahore revert back to its original and rightful owners the Sikhs. Someone please show me how to go about it; the thoughts that readily comes to mind but I am sure our Sikh friends would object to is to kill off as many Muslims along with their children  you find in that town. Tell me what do you think about how to accomplish his sacred task.
Nusrat Rizvi, Palm Beach Gardens, FL",0,2020-09-30T16:18:58Z,True
@rickyesharma56,"Brother, lahore is great but this isn't what I'm talking about, the background music is awesome could you please tell me that specially it's name",5,2020-09-26T13:55:48Z,True
@nabilfassil4438,Love Lahore From Morocco 🇲🇦❤,82,2020-09-26T02:25:37Z,True
@rahulrajnarula,"I loved it!!! My family was from Lahore undivided India. I feel India and Pakistan should join back hands together!!! Common educated countrymen doesn’t have any grudges!!! It’s just because of few jokers in between, that we all are suffering from just 2 generations. Otherwise if we see nature!!! It also sees India Pakistan together in the form of Indian sub continent. 😍🇵🇰🇧🇩🇮🇳🇳🇵🤗",7,2020-09-25T10:58:31Z,True
@Irfanahmadsial933,There is no other Paris and Lahore is one only ❤️,0,2020-09-23T17:55:11Z,True
@earthisgoal1548,best music and best Pakistani city Lahore,1,2020-09-23T11:00:16Z,True
@talksick952,I am from India and i love Pakistan especially Lahore city,0,2020-09-23T07:50:43Z,True
@laturdigital1386,"wow.. i cant believe this... Lahore itna acha hain... Good Very Good City, Delhi Gate in Lahore and Lahori Gate in Delhi. ❤️",0,2020-09-20T12:23:57Z,True
@abhramshaikh6905,"Amazing yar 😲🤩😍
I'm Indian and I don't know Lahore is so beautiful, now I know😍✨❤
By the way I'm from Jaipur, it's also amazing place, always welcome🎉",25,2020-09-20T04:14:10Z,True
@jyotimishra9818,Amazing lahore from INDIA,0,2020-09-19T05:49:23Z,True
@jaffri34,"Shehbaz Sharif truly has transformed Lahore,
Love from Karachi❤",7,2020-09-17T14:41:29Z,True
@KamalKumar-qq1ye,"Bro, There was one Building in which Title was blurred.... Anybody from Lahore, Please tell me what was that?",0,2020-09-17T12:02:20Z,True
@usha5627,PAKISTANI people I want to ask that have uh heard lag di Lahore!!!by guru randhawa!!!!!!do uh like it?,0,2020-09-17T06:27:04Z,True
@Ali-uk1sb,Love you lahore,0,2020-09-16T04:10:19Z,True
@parinda__2605,India ki cities ke samne chay kam pani jyada lagta haii... Is se achha hmara ahmedabad haii...its old city no developement no it companies no corporate sector nothing so stop spreading this thing apke pas ghumne ke siwa dikhane ki koi chiz hai jo ise paris btaya paris financial hub hai vha companies k head quarters hai sbb modern hai sari system so plz,0,2020-09-15T18:21:35Z,True
@kulwantguru,"ਜਿਹਨੇ ਲਾਹੌਰ ਨੀ ਵੇਖਿਆ, ਉਹ ਜੰਮਿਆ ਈ ਨਈਂ,  Jehne Lahore nai wekhia, oh jammia e nai, kise ne sach hi kiha, i am from Ludhiana, and i will see Lahore one day,",1,2020-09-14T05:19:36Z,True
@swifts1075,Love💗 Lahore dher saraaa💞,1,2020-09-13T23:14:56Z,True
@jka1373,"Beautiful video, but missed seeing the markets, the old city areas, love to watch one video on other places too",0,2020-09-13T19:11:48Z,True
@shivathote7648,No temple remain in Lahore. Very sad. Only india is secular country which has respect for all religion,0,2020-09-13T17:14:54Z,True
@captainsalif4752,These tombs like anarkali tomb or others should be washed so that it looks good,0,2020-09-13T13:24:12Z,True
@annisam2692,"I love Lahore because I have a best friend at Lahore
and I'm from Indonesia
One day I wanna meet him and visit lahore, aamiin  :)",12,2020-09-13T11:06:12Z,True
@kingofhell9978,India ka sabse underrated City v isse better hai😂😂,0,2020-09-13T07:55:48Z,True
@shafiqqamar1091,"LAHORE IS A GREAT CITY
 I LOVE THIS CITY
 IT IS MY CITY",1,2020-09-12T14:28:41Z,True
@saddamhossen6680,"Love from Bangladesh. Beautiful city... 
Insallah I will travel in Lahore. Love Pakistan and love Muslim brother ....",93,2020-09-12T02:32:39Z,True
@riteshbajaj1258,"For me Lahore is pre independence beauty of India.

It's has lots to tell to rest of the Indians.

Long Live India-Pakistan",1,2020-09-11T22:23:39Z,True
@feruzaxudoyorova6585,"Assalomu aleykum!
My friend is from Lahore.Now he is living Saudi Arabia.I adore him and his country.",18,2020-09-11T11:19:28Z,True
@Al-Fiyas_Content,"Masha Allah bahot hi khoob, Insha Allah maine jald hi ana hai Lahore, Pakistan",3,2020-09-11T04:58:40Z,True
@ahmadfarazkhan5108,Not Paris of East    Lahore of East,0,2020-09-11T04:34:51Z,True
@AkshaySKumar-cn8iw,Pakistan is a good country and the people are also good the government is corrupt and the officials too and they cause problems in India which then gives the inhabitants of the country a bad name and the whole ind vs pak situation happens all over again. I have family in both Punjab and Lahore and they both say good things about both sides.,0,2020-09-11T00:35:43Z,True
@manishjoshi6019,Issi lahore mai 1965 war mai indian army ghus gyi thi🤣🤣🤣🤣,0,2020-09-10T15:41:39Z,True
@farahmalik6357,Lahore sb ka bap ha us jesi koi city ni 💕💕💕🤟😎🤟,1,2020-09-10T12:31:32Z,True
@johnsonmonyo6195,Beautiful city if possible one day I would surely like to visit Lahore n Karachi love from Delhi India 🇮🇳🇮🇳💜🇵🇰🇵🇰.,0,2020-09-09T23:16:26Z,True
@MrMuhammadfayyazraja,💞💞💞😍😍😍Hmm Great Love to LAHORE 😍😍😍😊 🙃😘 ..💞💞💞,0,2020-09-09T18:08:16Z,True
@junaidkhan-nl1ze,Jitna bara Lahore h utna Karachi ka gulistan e johr h 😂,0,2020-09-09T12:42:59Z,True
@MohsinAli-yx5js,Lahore is the place where Pakistan served breakfast to the Indian Army in 1965 in the morning. 😂😂😂😂😂,0,2020-09-09T11:45:37Z,True
@manishnautiyal6925,European city k sath na compare kare... Jo h jisa h acha h.. Iski apni ek shan h.... Ise Lahore hona chahiye na ki east ka Paris.... Lahore jada sahi h,0,2020-09-09T03:58:43Z,True
