﻿author,comment,likes,published_at,is_relevant
@MdUmar-q5v,but some places maybe more and more places where is so trash but this way i see firstly this us more beautiful i cant believe that this is lahore but why you psted videos of lahore very dirties in areas ki pick laagaya krey sach btau mgr jaha say mnay dekha ha na lahore waha say wo gaun say bi ganda ha yaani k swa motor way and some area,0,2025-06-21T11:10:56Z,True
@Np21318,Lahore my favourite city in Pakistan love from india 🇮🇳😘,13,2024-09-24T20:28:19Z,True
@hirenahir76200,"I am from that YouTube video where an indian person who visited lahore said that Lahore is just like delhi I didn't believed so i searched Lahore and yeah isn't wrong tho the difference is lahire don't have night life like Delhi, lack some sports cars and ncr and Noida",2,2024-09-16T16:59:01Z,True
@muhammadkhan-hp4fx,The reason for the development seen in Lahore is that more than 50% of the whole province's budget is spent here . That's unfair with the rest of the cities.,3,2024-09-09T04:48:12Z,True
@mohamedalibootaan4286,I used to lahore i love it.,2,2024-08-14T19:18:49Z,True
@Rana_javed1234,"bhai Multan road wali side py a k bhi Lahore dekhao. ap bs Gulberg , DHA hi dekhate rehte ho.",2,2024-08-01T05:25:46Z,True
@VolarisCharchin,"Is Lahore always this clean and kept? This is beyond beautiful, Big cities are hard to keep this clean.",6,2024-06-30T14:20:23Z,True
@umariqb5249,Beautiful  cantt se liberty and mm alam Road yadein taza ho gae big city lahore,7,2024-06-08T17:36:54Z,True
@snehu929,Ise duniya ki sabsi ghatiya country India.....h....its dirty everywhere plus hot too especially up- bihar....pakistan is thousand times better than india....its concrete jungle in india,0,2024-06-06T04:36:20Z,True
@irkfaisal,Lahore and Delhi is same,1,2024-05-25T06:19:46Z,True
@abdulrehmanakram.3030,Behn Chodo in Bill Boards walo ki har jaga Advertisements Board e nazr aa rehy hain. kam tu salla pakistan mae hae nai tu itni advertise kis ki kr ry hain? Sari Beauty tu inn Behn Yakko nae khrab ki howi ha,0,2024-05-24T00:47:59Z,True
@HamzaAshrafHamzaAshraf-u7o,Love from Lahore  🇵🇰🇵🇸❤,4,2024-05-14T10:08:17Z,True
@Darahsaan2812,So Beautiful view from 13:25.,1,2024-05-12T13:48:20Z,True
@srinivaspatel8414,"Lahore best city 

In india capital city delhi is not much developed",2,2024-04-08T05:29:59Z,True
@SHIVAMYadav-pw5uz,Lahore is very beautiful...way beautiful than Delhi,2,2024-04-04T22:23:42Z,True
@tariqchand1228,"Waaaooooo
Absolutely stunning lahore
Speechless ❤",1,2024-04-03T13:05:01Z,True
@Rocky45415,"Apologies for the long comment but I thought I should share my thoughts..I am from india MP. I had the privilege of visiting Pakistan in December of last year, and I must express that it was an exceptionally rewarding experience. Despite having traveled to numerous countries, I found Pakistan to be particularly enchanting, largely due to the warmth and hospitality of its people. The genuine kindness and open-heartedness exhibited by the Pakistani people left an amazing impression on me, and I hold fond memories of the gracious welcome extended to me during my time there. Pakistan holds a special place in my heart, and I am grateful for the opportunity to have experienced its rich culture and hospitality firsthand.Wanna say something more....The natural beauty of pakistan is something else..I think if pak govt looks forward i think pakistan can become number 1 for tourists...I visited kashmir,KPK and skardu in pakistan...The natural beauty of all these places gave me peaceful vibe.. Pakistan is the only country where i wanna go again and again..The hospitality of poor people in pakistan even if they don't have personal houses,was unbelievable..Even after telling them that i am a Hindu still they treated me like a king.... Really enthusiastic journey of my life...",126,2024-03-30T23:57:45Z,True
@AJ-zg5xw,"Masallah lahore is very beautiful , can easily compete with any african city",1,2024-03-26T19:00:42Z,True
@shahzadaslam384,that's new part of my city     old part is still chaotic and alwasy crowed     but hopefully old part will also improve    there is development so yeah the city is getting in good shape    a lot needs to be done specially environment as after Delhi Lahore is on top,3,2024-03-26T12:45:59Z,True
@nasserali-khan276,"Punjab’s over 50% budget goes to 12% Punjab population of Lahore. The majority of Lahore’s population is uneducated, poor, and backward. With little human development and no prosperity, only 14 out of every 1,000 Pakistanis have access to car as compared to the UK of 555. This is how poor Pakistan is. A nation gets the leaders it deserves.",1,2024-03-19T07:31:41Z,True
@ZahoorKhan-cx3zy,"My Lahore it’s not just a city ,🥰 I see it as the 8th wonder of the world💖💎💖💎",1,2024-03-18T12:51:24Z,True
@I-NewS1,Lahore is the 2nd most beautiful cities in Asia after Islamabad.,1,2024-03-17T17:05:53Z,True
@Anonymous-8080,"Wow, Lahore is so beautiful brother!
Love from New Delhi !",7,2024-03-14T06:47:27Z,True
@marcuswilley9809,"The newer developed parts of most big South Asian cities are just like these. The older parts are not organised. It’s same with Lahore, Delhi, Dhaka, etc.",5,2024-03-12T18:22:59Z,True
@amirstar3152,Nai reesaan shar Lahore diyan ❤,27,2024-03-12T18:17:37Z,True
@premsadanand1563,I realise why population is a big problem in India If you go to a big city in India you would never be able to drive for so long without vehicles and people passing by,2,2024-03-12T17:33:34Z,True
@Artist_47812,Lahore & Chandigarh (India) both of cities are planning by lee carguciar✌️✌️💝,2,2024-03-12T08:40:44Z,True
@sundipmittal,"I m from Bharat. Lahore is beyond expectation. Very well.planned, modern, green city wide  roafs tall buildings & not less than any other  modern city of the world. Best wishes.",72,2024-03-10T22:38:38Z,True
@SimplyLaw,"Had India not got partitioned, Lahore could have been the Financial Capital of India. But unfortunately, Jinnah had other plans, which ultimately led Lahore to loose River Ravi as well...",1,2024-03-10T16:41:09Z,True
@parshuram11023,"Wow Lahore is a nice city
Love from Bharat",6,2024-03-10T14:31:13Z,True
@tjm8206,In  Lahore   there  is  world no  1  big  and  beautiful  17  ports..Lahore  port  there  is  2378  big  container  ships  every time  stands....76890   boing  planes   landed  and  take off   in  every  24   hours...453666   passengers  arrive  and  deparcher   with in  24  hours...In Lahore  there is 3425  seven  star  hotels...Lahore  is  world  no  1  big  and  beautiful  city...In  Lahore  there  is  456  million  peoples  lives  at  there...,2,2024-03-10T12:57:15Z,True
@shubhangbahadur7112,"Delhi and Lahore are sister cities, unfortunately separated by the mindless nefarious idea of dividing the Hindu and Muslim brothers of United India.",1,2024-03-10T09:34:52Z,True
@a.b.5015,I have one question. Is whole Lahore is like this or not ? Because this looks very beautiful and clean. I can't even find smog or pollution here in the video.,3,2024-03-10T06:51:10Z,True
@kapilkumar-jg7ol,"Jine lahore ni vekheya ... Oh paida hi  ni hoya


Salute to Sir Gangaram "" Architect of modren Lahore""",16,2024-03-09T18:58:33Z,True
@jssprasad3570,They have looted the resourceful areas and developed the Punjabi Pskistian. One day they will.price for this.,0,2024-03-09T15:50:12Z,True
@AkashAli-os6fh,Iam from Bangladesh my biggest fan BABAR AZAM citi in Lohore !,13,2024-03-09T04:59:11Z,True
@AnasAnsari-ol8js,"Lahore is love ❤.. Even living in London 🇬🇧, I miss my Lahore.",8,2024-03-09T02:40:17Z,True
@debiprasadmishra9378,😢bhout dukh lagta ha wo mountbaaten lahore pakistan ko da gaya aje agar india punjab ma hota to india ka shan ko char chand lagta 😢 or pujab ko or rich karta fir be hamara lahore ko itna acha sa rakha ha pak walo na achi baat ha 😊❤love from india,2,2024-03-08T07:50:55Z,True
@advik1862,"Yeh videos dekh ke lagta hai, Kya hi antar hai border ke iss paar ya us paar, har cheez ekdum same ghar jaisi lagti hai. Aise videos banate raho, I'm from Delhi.",14,2024-03-06T20:38:37Z,True
@dallumdallums7796,I live in Karachi and visited Lahore few years back and will say it's an example of beauty and cleaniness,33,2024-03-06T14:51:25Z,True
@MysticSage-hg3jh,"Lahore is a Part of Sikh Empire.

Very Nice, We Will Take it Back
Sat Sri Akal",2,2024-03-06T09:52:34Z,True
@costaeditz959,"why lahore is so maintain, why lahore is so develop, why lahore is so good. who control Lahore? which government?😮",0,2024-03-04T05:05:35Z,True
@vedgondik6203,Bro after watching this my city looks same...calm and less traffic... Lahore is same as Nagpur...,3,2024-03-03T17:10:45Z,True
@Ezzkill44,LAHORE IS A TWIN CITY OF DELHI,1,2024-03-03T15:38:53Z,True
@Destinationpak,"Sir which equipment are you using, the quality is amazing.",1,2024-02-25T09:30:41Z,True
@DKJawed40001,"Lahore is indeed a beautiful city like Islamabad and Karachi and rest of Pakistan.

Greetings from India 🇮🇳 😊",14,2024-02-23T16:28:33Z,True
@akhtarshahbaz6951,Lahore so green,1,2024-02-23T03:47:12Z,True
@akhtarshahbaz6951,"Shahbaz shareef work
Weldone shabaz shareef on lahore",6,2024-02-23T03:46:21Z,True
@akhtarshahbaz6951,"Ring road is much better 
Make vidio on ring road lahore",1,2024-02-23T03:45:23Z,True
@akhtarshahbaz6951,Indians wish they visitt lahore before hindo goes to jahun num hell,0,2024-02-23T03:40:35Z,True
@rajkaushik5812,jidaa tera lahore h un vichee india ne toilet banye ne😂😂9 crore saree indiaa de milla ke jida budget iunki sadii tata electric gadii beech lendi va😂😂,2,2024-02-22T06:56:29Z,True
@Forusaresidents,I will be visiting Lahore soon!,10,2024-02-21T01:42:30Z,True
@DrWegasOslo,"Balley Balley Lahore di !! top class video, thanks from Oslo, Norway",1,2024-02-21T00:23:42Z,True
@talhanadeem6602,Lahore is Very Beautiful City but in Summer Lahore is World Palooted City on Earth More Forest and Trees 🎄 Growing in This Beautiful City 🏙️🌆,1,2024-02-13T20:40:01Z,True
@karanpandey1349,It's crazy how similar Delhi and Lahore are! I would think I am driving in New Delhi if I were on these roads.,1,2024-02-12T09:42:59Z,True
@salimafridi2304,Half of all Pakistan annual budget spent in. Lahore. Pajabistan.,2,2024-02-11T04:19:30Z,True
@hanifkhawaja2396,Unfortunately it's also one of the most polluted,1,2024-01-03T19:58:37Z,True
@DrWegasOslo,"Balley Balley Lahore di !! top class video, thanks from Oslo, Norway",13,2023-12-27T05:06:36Z,True
@malikumarjann5197,"I love my city Lahore!
PAKISTAN ZINDABAD 🇵🇰",9,2023-12-26T11:31:45Z,True
@ch.khalid.lone5840,home of Punjabis. beautiful Lahore.I from Kashmir,1,2023-12-26T00:26:33Z,True
@PakDesiinUsa,"Lahore is 100 times better than Baltomore  city, here in USA",3,2023-12-25T19:36:05Z,True
@hemantganorkar4261,Infrastructure of Lahore  city is looking to be so good . but Bikes are so old . Love from India . Pollution jyada nahi hoga Lahore mei,6,2023-12-12T13:38:03Z,True
@abhibhardwaj7337,Very good view,4,2023-11-09T07:28:27Z,True
@nazmulgani3776,"Lahore is one of the nicest cities in the world.   I am impressed by the lush greenery,  the neat and clean roads...........the roads are so smooth...............",21,2023-09-26T14:57:18Z,True
@MuhammadUsman-ft2iu,My beautiful lahore,1,2023-09-06T11:41:13Z,True
@kazijiaurrahman8989,"Lahore is on of the best city off pakisthan,,,,,",1,2023-08-22T13:33:56Z,True
@bilale.4034,"Wao , im from tunisia lahore very green and clean streets, moderen with nice roedes and  trafic lights , appart city really .",55,2023-07-21T01:30:46Z,True
@05udc08097,"I saw a video of bhubaneswar city in YouTube,and both  bhubaneswar and lahore city look almost same, especially the roads and greenery",1,2023-07-13T02:22:38Z,True
@sohailmohammad78,"👍⚘💜
Zabardast view !
Reality yeh hai ke taqreeban sab hi lahore  ki development ke khilaaf thhay, issi liay 2018 ke baad iss ki development rook gaie.",1,2023-07-11T11:11:07Z,True
@DeadSkyWT,"Lahore's infrastructure is pretty amazing. 

One of the best in the subcontinent, behind Delhi & Mumbai. 

GDP wise Mumbai & Delhi are much higher, but Lahore's development is stunning.",23,2023-07-08T22:46:15Z,True
@David001-u2p,"Lahore k kuch parts achy hn.. Poora Lahore asa nhi hy..  Ye I think cantt k areas hn jo developed hn.  Baki karachi say lahore ka koi mukabla nhi karachi is way bigger than lahore..  Shahra e Faisal jesa aik road nhi Lahore mn.  Karachi roads are wider and skyscrapers enhances the beauty of karachi.  Baki Lahore roads are not wider just kuch roads he wide hn like liberty chowk ,,azadi square or kalma chowk bus",2,2023-07-08T11:42:31Z,True
@NylonStrings83,if u consider Pakistan so clean and perfect then why are tens of crores  are desperate to leave pakistan,0,2023-07-01T08:22:55Z,True
@archismanbanerjee4430,"Roads and greenery are excellent.
Vehicles are old fashioned and need more skyscrapers which will enhance looks of Lahore.
❤️From🇮🇳",20,2023-06-22T09:38:48Z,True
@user-ry7fu,Kuch jealoused logo ko yaha sirf hera mandi nazar ati hai wo jo 200 saal pehlay the ab nahe !!!!! Hasad or bugaz kay maray log bas jalty rahein gy panjabi or hamari shan Lahore say,4,2023-06-21T08:59:11Z,True
@muhammadtaha8675,Love your music taste. Soothing video ❤️,1,2023-05-17T21:55:03Z,True
@nabanihalder7882,Lahore ke road India ke cities ke mukable bohot hi developed hai.,37,2023-05-10T05:53:13Z,True
@shabihhaider1027,"Lahore, Lahore hai.",2,2023-04-30T07:43:46Z,True
@MayankYadavdivine,As and Indian i really appreciate you have made such clean and green roads and maintained them but you don't have money to buy petrol what will you do with these roads 😂😂,0,2023-04-23T15:17:26Z,True
@Dilsebharat2023,Since historically Lahore was a part of India...so we will take back Lahore from pakistan... It might be time taking...but we will take back Lahore from jihadi radical Pakistani...,0,2023-04-11T18:29:19Z,True
@bytheway4819,Lahore is like delhi...,5,2023-04-11T16:32:00Z,True
@bhediya2442,Wow lekin mujhe lagta hai ki pure Pakistan ka paisa lahore me hi dala gya 😀thaa isliye lahore City itni khubsurat hai 🤔 lekin nice 👍❤️ city,2,2023-04-06T15:00:30Z,True
@asjadashraf602,Peaceful area lahore cantonment ❤️,2,2023-04-02T16:22:36Z,True
@knowledgenagri4068,"Lahore tere warga na koi hor hai 

❤❤ Flabbergasting. Perhaps the best/most beautiful cantonment in Pakistan.",19,2023-03-21T12:53:37Z,True
@asmrLmasya,super video. I love Lahore,4,2023-01-07T17:08:59Z,True
@ahmadbuzdar4643,excellent video of lahore,1,2022-12-25T03:00:34Z,True
@mabdullah3394,I went to lahore probably after a decade and found it more modern and innovative and vast than previous decades 💕❤️💕 lahore is love. From sargodha,56,2022-12-12T14:21:43Z,True
@ramaniranjanroutray7851,I am from India . The road is so beautiful . But don't understand why the people and their vehicles are not matching to the roads . I know Pakistani people are very good looking . But Lahore's majority people dress up too much traditional  and design of vehicles should be upgraded .,53,2022-08-03T18:19:42Z,True
@MuhammadRizwan-zo2lh,"Lahore very developed city 
Heart of Pakistan",8,2022-05-05T18:31:12Z,True
@ShahabJadoon,#Lahore most beautiful city of #Pakistan ♥️🇵🇰,7,2022-05-02T16:55:48Z,True
@nadeembutt4021,Lahore is not only the best city in Pakistan but probably one of the very best in subcontinent....,109,2022-04-24T12:08:49Z,True
@MuhammadAK88,Lahore is more developed and clean than Karachi. Shame on PPP and MQM. They have destroyed Karachi 😭,35,2022-04-17T11:23:38Z,True
@teresakhawar9944,Video shown only the good and beautiful roads..not the actual lahore ...i am here here in pakistan right now and i would say video is just for your eyes only.dont get disappointed if you come here in pakistan✌,5,2022-03-29T03:31:00Z,True
@tauqeeranwar7275,Good effort. I appreciate you dear,2,2022-03-22T08:38:06Z,True
@aliqadar6669,Main Karachi se hun aur kehna chahta hun ke kahan karachi aur kahan Lahore.Fully developed hai lahore kash karachi bhi aesa ho jaye toh kya baat hai.,66,2022-03-10T10:32:08Z,True
@Sajeeth-H,Pak is not pak it is usa l like road quality and wonder full can u show the tourist places,4,2022-03-03T17:14:35Z,True
@nzrsiddiqui,Parts of Lahore are very green. Well kept and clean too. Nice video.,38,2022-02-23T15:23:35Z,True
@tahiryaqoob4437,"Beautiful clean city.
Lahore Lahore ay",19,2022-01-04T17:29:58Z,True
