﻿author,comment,likes,published_at,is_relevant
@ehsaas11,"Sachin Tendulkar's Performance Against Shoaib Akhtar in ODIs:


Balls Faced: 192 deliveries


Runs Scored: 129 runs


Dismissals: 7 times


Batting Average: Approximately 18.43 (129 runs / 7 dismissals)


Strike Rate: Approximately 67.20",1,2025-03-30T08:04:55Z,True
@AjeetSingh-zb2tg,i can't imagine the crowd if Kohli comes to Pakistan.,0,2025-03-11T05:22:47Z,True
@satyam7930,ye sb indian team k liye planning ki gyi thi lekin wo nhi gyi to vikrant gupta se hi kaam chla lo😂😂Pakistan k liye to yhi virat kohli hai,0,2025-03-08T08:37:59Z,True
@crafteezbyFami,Pakistanis are big hearted people.  ❤,0,2025-03-05T19:13:20Z,True
@rakeshpanda4199,Cricket and cricketers of both country make emotional  to the people of both country many times. Why not ? Both are two brothers of one mother.Terrorism and cross border firing separates the two brothers,0,2025-03-05T18:59:14Z,True
@johnsontoppo4337,Isi se smjh jao ki india khelne nhi pakistan jb vikrant jaise admi ko jisko india me koi puchta nhi hai uske liye itne log askte hai to socho virat aur rohit aur hardik jaise stars agar pakistan me kadam rkhte to kya hota,1,2025-03-04T18:25:13Z,True
@ChetnaNand-n3r,"Shukriya Pakistan bhai 👏👏👏
Dil jeet liya 🫡🫡
Great Lahori people 🙏🙏
Tearful thanks 😢😢",0,2025-03-04T12:20:06Z,True
@wajeehsyedsyed4060,"Pakistani people aor indian people sub akhty hona chaty Hien laikin sarkar ko apna positive krdar ad krna chiyay.....
Butt indian sarkar ko chiyay tha Pakistan mien team baij daity hair good",0,2025-03-03T12:55:31Z,True
@Rajan-wl9kf,Pawan Negi ko hi bhej dete agar Pakistan walo ko photo lena hai to,0,2025-03-03T02:48:10Z,True
@chrisharris7488,Welcome sir in zinda dilan e Lahore,0,2025-03-02T10:01:40Z,True
@JunaidDar-by1gm,"I haven't seen such illiterate people in my whole lifetime.A month back Mr. Vikranth Gupta was saying that pakistan is not safe for our players to be there.And by the way i am Indian and we doesn't know who the funking shit is Vikranth Gupta and look at these Pakistani illiterate Media,  it seems there patriotism is died. Instead of asking Vikranth what were u telling about Pakistan they are welcoming him. Sorry it is not called hospitality it's foolishness 😅...I think the media is anngaged in order to gain viewership...",1,2025-03-02T09:56:07Z,True
@Storythelabra,"The new CM of Lahore -Vikrant gupta 
Elected by 1500 votes 🗳️",0,2025-03-01T23:29:52Z,True
@bilalshafi5619,"Unho ne moot diya hm par, or hamare log us moot ko maze maze se chaat rahe hai. Bht aage jaayenge ham log.",0,2025-03-01T18:33:45Z,True
@AnilVerma-rd3qq,Isko ache hotel me khana to khila dete bhikhariyo 😅😂rood par gandi shakar kandi khila k rood par bhaga rahe ho 😅😅,1,2025-03-01T17:00:18Z,True
@natural_stupidity_,"6:13 2028 me t20 world cup Australia, New Zealand me hoga to Indian team pakistan me jake kya karegi?😂",0,2025-03-01T16:04:12Z,True
@Makropmaiga,"Vikrant Gupta ko itne izzat India mein koi deta nahi, yahan yeh corporate cricket khelta hai koi nahi poocha isse",0,2025-03-01T14:47:11Z,True
@suryamyadav3614,Vikrant sir ki andar se lagi padi hogi ....bheed me kidhar se hamla ho jye 😂,0,2025-03-01T07:56:50Z,True
@sandeepsingh-er8wr,now imagine the crowd if shah rukh khan or virat kohli visit pakistan,0,2025-03-01T06:25:41Z,True
@arunchouhan2383,Muje lagta hai indian logon se jada pyar .... Pakistani log indian Team ko karte hai.... As Indian Me bhi chahta hu ki Indian Team Pakistan jaye Cricket khelne Aur Logon ka pyar puri duniya se jyada Pakistan me milega...❤ Love from India,0,2025-03-01T03:59:44Z,True
@RajuSharma-pz3wr,View badha raha hai 😂😂😂😂,0,2025-03-01T03:38:27Z,True
@haniasyeda1,"Just imagine how crazy we would have gone if the Indian team had come to Pakistan! Fan following of Indian team in Pakistan is huge. Obviously the media is onto something else, totally opposite of what they say. Would have loved to watch Kohli, Bumrah, Hardik, Rohit and Gill play in Lahore and Karachi. Watching King Kohli's scoring a century in Pakistan would have been so crazy. 😭😭❤️💯",0,2025-02-28T21:18:19Z,True
@VikramjitSingh924,Mazza agya aisa welcome dekh ke thank you Lahore wale🙏,0,2025-02-28T21:12:35Z,True
@jmdigitizingdigitizing1678,"We Pakistanis are big fans of Virat Kohli and Rohit Sharma because at some point we too have produced players like Sarfaraz Nawaz, Hanif Mohammad ,ZaheerAbbas, Wasim Akram, Imran Khan, Shoaib Akhtar, Shahid Afridi.
Those who played good cricket and liked us, just like Virat Kohli and Rohit Sharma, play good cricket and like us, we only watch good cricket and not players from any country.
Love from 🇵🇰🇵🇰🇵🇰 Karachi.",1,2025-02-28T20:16:37Z,True
@Abbaskhan-6330,Es Haram zade ko itna izat nahe Dena chahye Sana Bai app se kafi naraz ho es Haram zade ko itna izat deya Jo Sara din Pakistan ke Peche bonkta ta abi app eska pora Lahore goma rahe he app ke pass or bi topic te app os per bath karlete bajai eske ke app har din es harami ki videos upload karte ho,0,2025-02-28T19:31:03Z,True
@NileshMore88,"I must say, Sana Bhai is the gentleman....I saw you for a first time & i rate you as humble & kind human being...Keep it up , Love from India 👍👍",0,2025-02-28T19:27:32Z,True
@factariaviral9242,This is how we want to see you vikrant sir ..  not to seating with 3 4 young boys . Having unnecessary chat...,0,2025-02-28T18:49:12Z,True
@laxman_bisht_02,Achha lga ek Indian ko etna pyar mil rha hai pak mai agr koe Player hota to kya hota ❤,0,2025-02-28T17:57:51Z,True
@laxman_bisht_02,Achha lga ek Indian ko etna pyar mil rha hai pak mai agr koe Player hota to kya hota ❤,0,2025-02-28T17:57:35Z,True
@laxman_bisht_02,Achha lga ek Indian ko etna pyar mil rha hai pak mai agr koe Player hota to kya hota ❤,0,2025-02-28T17:57:22Z,True
@laxman_bisht_02,Achha lga ek Indian ko etna pyar mil rha hai pak mai agr koe Player hota to kya hota ❤,0,2025-02-28T17:54:58Z,True
@tanweeralam561,Kya deewangi hai bhai cricket ke leke pak me agar indian team pak jati to kya support aur welcome kiya jata,0,2025-02-28T17:17:25Z,True
@ArunKumar-kc7de,Kya mehman Nawaz log ho ap yr salute you Lahoreo Sana bhai ap to love ho❤,0,2025-02-28T16:17:44Z,True
@akshaymalis6316,Bhai platar karwa lo hotel ka,0,2025-02-28T15:02:45Z,True
@moviemagicshorts44,Bhai kuch galat log pakistan m sudhar do sab thek ho jayga,0,2025-02-28T15:00:53Z,True
@SamiFarooq-v2l,Pakistani is grate country,0,2025-02-28T14:07:20Z,True
@apoorvasharma8147,Bhai sahab.😂 Jab team India waha jayegi to ye log to paagal hi ho jayenge.,0,2025-02-28T10:21:28Z,True
@dagadmati,Vikarant ❤da Gulra has not made sscrifie for india or list his relatives in bomb blast or served for a country on border ..So when you consider india a  Nation cricket and live diplomacybaround it doent work or he needs to tell our Govt or politicians.So ❤da Gupta ko ghata ham ijjazt dete hai,0,2025-02-28T09:44:59Z,True
@nochance4033,Virat Kohli agar pakistan jaate toh pata nahin kya hota Pakistan me.,0,2025-02-28T09:02:25Z,True
@freeknowledgeprovider6824,It's mc politician wrna in Dono mulk ka relation bhut strong hota achay parosi ban skty hainn.,0,2025-02-28T06:37:46Z,True
@Being__aman15,"I'm indian muslim agr hm india me glti se bol de kisi pakistani player ka fan hu to pakka ghar pe buldozer chalega aur deshdrohi sabit kar dega 

Aap log chilla chilla ke bol rhe hain rohit virat   aur Virat ka century pe celebrate karte ko fir bhi koi issue  nahi hota waha",0,2025-02-28T05:36:40Z,True
@killerfoji9891,Bakri 🐐 in crowd 💯🤣🤣🤣🤣😎,0,2025-02-28T05:31:00Z,True
@killerfoji9891,Ejaz wasim bakhri 🐐 in crowd 😂💯🤣🤣🤣🤣,0,2025-02-28T05:30:35Z,True
@JellyBean-vk3sn,"Lanat hai tum logon ki shakal par…team inki pakistan ati ni hai aur yeh kala suar pakistan aya hua hai….iski baari terrorism ni hai? Ooper se jangli khoti awaam jo apne dushmano ko sar oe bethati hai…one of the biggest down fall of a nation is when you start admiring ur enemy. lakh di lanat hai tum
Logon par!!",0,2025-02-28T05:02:06Z,True
@Indiaheadlines1,"Vikrant Gupta, MLA, Lahore City Seat😂",0,2025-02-28T04:56:49Z,True
@DeepakRajput-fg2js,Kya ho Agar virat pakistan me hota,0,2025-02-28T04:18:39Z,True
@PCSSatinderSDM,Kassh humare riste sahi hote hum final waha jeet jeette,0,2025-02-28T03:39:22Z,True
@tariqalisial8236,"It is symbolic, people in Pakistan actually love India contrary to what shown in media. imagine India playing in Lahore after crossing Wagha border. ❤",0,2025-02-28T03:16:08Z,True
@Starboy-life99,Tum log bilkul positive nahi ye tu inida hai tum log tatee hota ne me number one ho 🤣🤣🤣🤣,0,2025-02-28T02:30:12Z,True
@rt20228r,Kya bewkoofi hai ye kaun hai ye vikrant bhai kis team se khel raha afganistan se kya,0,2025-02-28T01:50:58Z,True
@Gurjeetsingh-uh7nu,Hamare idhar to kutta mar jaye to itne log ikathe ho jate hain,0,2025-02-28T01:41:32Z,True
@mohammadhammad9454,Indian team ko jana chahiyee tha yaar lahore main. Specailly virat kholi ko,0,2025-02-27T23:57:42Z,True
@theperpetuallyannoyed4074,Man i just want one day or team playing in Pakistan nd Virat in Pakistan. I can't even imagine the whole pakistan might come to watch him nd it will be difficult to manage.,0,2025-02-27T22:55:40Z,True
@kvellempyrean7218,Waise to jo hota hai achhe ke liye hota hai … par ye des ke jo 2 hisse hogaye .. ye kaise justify hoga ki ye sahi tha…kash ki aisa na hua hota… kash ke sab sath hote … sirf nuksan hua hai sirf nuksan koi fayda nahi…,0,2025-02-27T22:14:03Z,True
@ahmadwattoo585,Sharm kr sana koi halal ki rozi kama ly or Kitna Khush kry ga views KY liay Vikrant Jo kxh yha pe AA ky kr rha tmhy nhi pta? Sharm kr,0,2025-02-27T21:52:05Z,True
@Mehwishparveen600,"Yeh daikhein india pak mai farak. Zainab abbas kai sath kya kiya gya, wasim akram ko star sports kai set per maarny kailiye shiv sena kai log agye thei aur vikrant gupta ko kasa welcome diya log oyar dai rhy hai yeh hoti hsi mehmasn nawazi.",0,2025-02-27T20:39:48Z,True
@t.n3822,I got emotional by reading such lovely comments of Indians about Pakistanis. This hospitality thing is in our blood we Pakistani love to greet our Guests. Indian Team Pakistan aati to is sy b zada pyaar dety❤,87,2025-02-27T20:38:14Z,True
@dhanrajtolar4297,YE SAB THEEK HAI LEKIN ASLIYAT YE NAHI JO IS VIDEO MEI DIKH RAHA HAI. ISLAMI JIHADI AB BHI HINDOSTAN KEI KHILAAF ISTEMAAL HOTAA HAI PAKISTAN ARMY SEI.DASHATGARDI AUR AMAN KI AASHA SAATH NAHI CHAL SAKTA.,1,2025-02-27T19:58:29Z,True
@jameel3031,"To all l those who are comparing his status in india to this welcome, in a negative way, unko bus ye kehna hai izzat aur zillat khuda k hath hoti hai.",0,2025-02-27T19:57:17Z,True
@aliiqbal6310,imagine if vikrant was treated with such compassion how indian players would have been treated. Pakistanis love to see quality cricket and acknowledge good players regardless of the team.,1,2025-02-27T19:50:49Z,True
@Rj-vt6pc,bhai isko plzz udhar hi rakho :),0,2025-02-27T19:40:28Z,True
@Hassanali-881,Inka Dil chai to ye bahir se aae bande ke paon b chuum lein,0,2025-02-27T19:38:50Z,True
@Hassanali-881,Pakistanis the biggest tatte chakuz gawk gawk...,0,2025-02-27T19:29:07Z,True
@prodevesh718,Sarkar buri hoti hain log bahut bade dilwale he🎉🎉,0,2025-02-27T18:46:46Z,True
@surindersondhi-u3c,Virat is coming to Amritsar to visit Golden Temple and for  your information he is also visiting Waga Border parade🎉🎉🎉 I don't know the dates yet.🎉,1,2025-02-27T18:36:12Z,True
@Khancric18,Jab vikrant gupta ko itna pyar mil raha hai socho indian team ko kitna milta.. faltu hi itni nafrate pheli hui hai politics ki wajah se,2,2025-02-27T18:35:18Z,True
@asaddar_1,Kohli vs babar Mercedes vs Corolla 😂,0,2025-02-27T18:35:04Z,True
@salmanabbasi916,Socho agr indian team aati to kitna piyar milta.. Lekin sad to see indian politics,0,2025-02-27T18:34:51Z,True
@dogoodkarma79,Bhai Virat has such a crazy following in Pakistan its unbelievable.. I'm sure Virat has missed this one thing in his life.. playing and scoring a century in Lahore.. his ancestral land,7,2025-02-27T18:28:34Z,True
@addhyan_gamer7543,"Good to see this welcome.Now changing is going on in behave..hope change  in border also same ,will be very great.🎉",1,2025-02-27T18:14:37Z,True
@hrishikeshsharma1931,"Jo bhi kaho india pakistan match kabhi nahi hoga or india nahi jayegi pakistan khelne, sports ek country ki small part hai or usse bhi chota sa part hai cricket , national security defence forces main cheez hai ek desh ki usse hum samjhta nahi kar sakte hai humare army ke upar attack hum tolerate nahi kar sakte hai. Army hai isiliye hum hai humare desh hai or aye sare players bht chota ek part hai.",0,2025-02-27T18:13:20Z,True
@therx.7565,Vikrant ko idhar koi puchta bhi nahi aur pakistan me 😂😅😂😅😂😅😂😅😂😅😂😂😅,4,2025-02-27T18:04:14Z,True
@shashanksingh2124,"dushmani to sirf Indian Army ko nibhana hai,inko to sirf khana khana hai...
Sharm aani chahiye vikrant",0,2025-02-27T18:02:50Z,True
@abhisheksaha007,Bahot badiya mujhe toh kitna achha lagta hai yeah sab dekhne main 🇮🇳🇮🇳🇮🇳 ❤❤❤🇵🇰🇵🇰🇵🇰,52,2025-02-27T18:02:45Z,True
@SaNaUllahAg-,Indian team kah sara peyar vikrant bhi keh naam 😂❤,0,2025-02-27T18:02:07Z,True
@prateek-san,"aur jo bekoof yaha thanks love from india likh re unko zara bata deta hu jo hindu waha 1947 pe 23% the wo aaj 1% , vikrant agar khud reh gaye hote pakistan toh welcome choro wo yato RIP ho gaye hote ya vikrant se  vihan ho gae hote",0,2025-02-27T17:56:03Z,True
@humani3,"Lahore, Punjab = Pyaar 💕+ Mohabbat💞 + insaaniyat 💗. 🇮🇳♥️🇵🇰🥰 🏏👍",8,2025-02-27T17:54:52Z,True
@Hannan-f1s,Pagal kahika 😂😂 jisko humne ek paisa ka rate nhi karte usko aap log...😂😂😂,1,2025-02-27T17:50:11Z,True
@sampradhan9292,Kash 2026 me ek bilateral series ho Jaye Pakistan  me Ind vs Pak k beech ❤❤❤❤as an Indian mujhe bohot Acha laga......log bohot side sade hai ❤❤❤❤❤,4,2025-02-27T17:37:14Z,True
@staycool6526,Acha kiya BCCI ne team India ko wahan na bhejkar...warna ye log Virat Kohli ko tatti bhi karne nahi detay ye log khud kha jatay😅😅😅,0,2025-02-27T17:34:05Z,True
@multitopic5683,"thye showing againt pakistni team shma eon shaheen babar naseem , grow up",1,2025-02-27T17:30:38Z,True
@bhawanisingh9264,"Pakistan me bhukhmari or betojgari  bahot jayada h ,isko bhi dekhne aa gahe😂😂",0,2025-02-27T17:23:39Z,True
@healthmystery2893,INDIAN TEAM REALLY MISSED THIS LOVE FROM PAKISTANI PEOPLES ❤❤❤,5,2025-02-27T17:15:39Z,True
@riyatiwari6860,"Plz Indian Government see Vikrant money plzplz plz,,,,He is always like ISI agent before 2-3 yrs",0,2025-02-27T17:04:16Z,True
@Aryan-w7q,Bhot aacha lga❤love from 🇮🇳,1,2025-02-27T17:01:01Z,True
@tapendrapundir3358,Agar vikrant Gupta ne apne ghr k kisi member ko kashmir mein attack mein khoya hota to pta chalta gupta g ko...Pakistan people bahut achhe h but cross border terrorism ki vajah se baat nahi bnti...,0,2025-02-27T16:54:05Z,True
@abhiRjn,"Ind Afg jaise rishta Pak ke sath ho jaye to maza aa jaye ... terrorisms,border issue, pre/post independence issue khatam karo yaar boht hua...sab ek ho jao...",0,2025-02-27T16:49:47Z,True
@rohitbahl399,Lahore is looking beautiful.. hope to visit once there.. love from India 🇮🇳,42,2025-02-27T16:39:52Z,True
@maqsoodahmad8171,Sana Bhai lhr ki dusri trf johar town wali side py bhi le k ayen new lahore dikhaen Gupta SB ko,1,2025-02-27T16:29:46Z,True
@kr365,Aaj pata chala Student The Ultimate Youtuberiya Choti Lulli wala vikrant kyu gaaliyan dete rehta hai. Student se zyada Vikrant ke Fan hai Pakistan me😂😂😂,0,2025-02-27T16:26:08Z,True
@mrgyani,"Bhai, Kamal Hai. All this crowd for Vikrant Gupta?

Pakistanis, Plz keep him there. Don't let him come back. 😜",0,2025-02-27T16:17:30Z,True
@mueed2762,Vikrant toh superstar hai udhar😂,4,2025-02-27T16:01:26Z,True
@subhashlohani707,Wahh yrr maza aa gaya respect yrr pak logo ko dekh k❤❤❤❤ ak baat agar app atankwad khatam kr do sahi mai team pakistan aa jayegi🎉🎉,2,2025-02-27T15:58:03Z,True
@gopeshsharma5432,"India kay log jo ye pakistani propaganda mein phass jaate hain, mujhe hairaani hoti hai. Remember, their army is still ruling their nation. Aur ye propaganda ab har pakistani chillayega, ki tumhare journalist ko humne welcome kiya and all. Ab yahi ginwate rahenge ye. Meanwhile India mein WC 2023 mein innke journalist aaye thay. Unnko India ne welcome kiya, Wildlens by Abrar aaya tha, ussko kiya and varuous examples. Hum nahi bolte hain.",0,2025-02-27T15:48:15Z,True
@vicky13513,Rab kare Bharat Pakistan fir se ek ho jayen ❤. Pakistani bhaiyo ke pyar ke liye bahot bahot pyar ❤❤❤❤❤❤❤❤❤❤❤❤❤🎉,0,2025-02-27T15:45:22Z,True
@gopeshsharma5432,"8:28 Haan, Pakistan ek terrorist country hai. Check how many UN designated terrorists are roaming in your country. From 26/11 to numeral terrorist attacks. From creating disturbance in Kashmir in the name of religion and now a fail attempt to create tensions in Punjab in the name of Punjabi card. All of these are clear traits of a terrorist nation.",0,2025-02-27T15:41:03Z,True
@pravinsao8263,Ksm se virat kohli agr Pakistan chala jaye toh ….stadium bhi chhota pd jyega….,0,2025-02-27T15:37:33Z,True
@earth4772,Sana bhai ne behtareen host hone ke farz ada kiya hai no doubt pakistan me itna pyar dekhke laga ki indian 🇮🇳team ko bhi jana chahiye tha 🙏,3,2025-02-27T15:31:52Z,True
@ravindran296,Ye tou full choudhary ban gaya vaha😅,1,2025-02-27T15:20:37Z,True
@Mudasir-gym,City sa jab koiye village jata hai asa he  hota hai 😏😏😏,2,2025-02-27T15:19:01Z,True
@Viralvideos11766,Achhe log hai mujhe lag rha Indian team pahuch jaye to agar pakistani team le alava dusri team se match ho to Pakistan team se jyada india team ka match dekhne phuchenge,0,2025-02-27T15:16:27Z,True
@Jk39948,"Lahore ❌
Lavapur✅",0,2025-02-27T15:05:26Z,True
@Khargous,Abe ghar aa ja. Maje uda raha indian cricket team ki wjh se.,0,2025-02-27T15:02:53Z,True
@rabiaaslam5659,Lahore Lahore ae Zinda dil log. Pakistan Zindabad ♥️♥️✌️💯,23,2025-02-27T15:01:55Z,True
@INDIAN3-k1j,Pehli baar yaisa lagta hai india team pakistan visit karna chahiye thaaa ...virat ku itna pasand karte hai pakistan ke log...but kya kare yaar dono country ke bich main itna nafrat hai kuchh nahi ho shakta..😢😢😢😢,0,2025-02-27T14:55:51Z,True
@ashishbhatia4999,Hmare Haryana Main Ek Kahawat Hai Ki Aapne Agr Lahore Nhi Dekha To Hindustan Main Kuch Nahi Dekha 😂,0,2025-02-27T14:53:26Z,True
@mythzone8844,I was thinking Agar VIRAT KOHLI yaha ata to kya hota,0,2025-02-27T14:40:31Z,True
@baaubau2901,Ye gadha waha jakar celebrity ban raha,0,2025-02-27T14:35:12Z,True
@vikashgill2481,Indian team ko Pakistan jaana chahiye tha saara Pakistan happy ho jaata,0,2025-02-27T14:34:31Z,True
@AmitKumar-sp1tq,Me soch raha hu agar Indian team jata Pakistan to ye log kya karte agar bikrant bhai ke liye itna pyar hai,0,2025-02-27T14:30:09Z,True
@AhmadMuhammad-ty9zt,Thook kar chatna gupta say koi sikay security ka masla tha to mango lanay aya ho gupta g aur jo gupta ko yaha itni ezat day rahay hain un ko bi sharam ani chay ya banda india main bhat kar pakistan kay khilaf bat  karta ha aur is ko ezat day rahay ho sharam karo chand views kay lay apnay mulak Kay khilaf bat karnay walo ko ezat day rahay ho,0,2025-02-27T14:30:00Z,True
@ShyamP_03,Vikrand ko Virat ne block kar ke rakha hai ye India me Virat ko troll karta rahta hai aur ab dekha Virat ke naam par maja kar raha hai,0,2025-02-27T14:27:08Z,True
@santoshroat7955,Awam Hamesha Khubsurat hoti hai,0,2025-02-27T14:18:06Z,True
@syedhaiderabbas9811,I really miss indain team players in Pakistan I wish k jld hi virat sir Rohait sir shuman Gill Mara hardik pandu harshdeep sing Pakistan aien n unko pta chalay yahan bi unke kitne chahnay waly hain,0,2025-02-27T14:17:31Z,True
@Wseemkhaan9172,"Dear Vikrant Sir,

Main aapko 2022 se follow kar raha hoon, kyunki aap hamesha blunt aur sach bolne wale insaan rahe hain. Aapki analysis aur journalism ki honesty mujhe inspire karti hai. Par aaj ek sawal mann me uth raha hai—kya ye wahi Vikrant Gupta sir hain, jinko main follow karta tha?

Beshak, Pakistan ke log mehmaan-nawaaz hain, dil se acche bhi honge, par mehmaan-nawaazi ka matlab ye toh nahi ki hum itihas bhool jaayein, hum andhe ho jaayein? Jo mulk 26/11 ka ghayal Mumbai bhool gaya, Kargil me peeeth pe chhura maarne ka dukh bhool gaya, Pulwama ke shahidon ka gham bhool gaya, kya waha jaake sirf pyaali chai peene se sab kuch theek ho jaayega?

Aur sabse bada sawaal—jo log aaj wahan aapka swagat kar rahe hain, wahi ek samay pe usi same show me hamari Indian Army ka mazaak uda rahe the, unki shahadat ka मज़ाक बना rahe the. Kya journalism ka matlab ye hai ki jo hume maarne chale the, unhi se gale milne chale jaayein?

Sir, mujhe pata hai aap mujhse zyada gyaani, samajhdaar aur anubhavshali hain, lekin ek Indian youth hone ke naate, ye sawaal mere dil me hai. Desh bhakti ka matlab sirf border pe ladna nahi hota, kabhi kabhi sach bolne ka bhi hota hai.

Aapke jawaab ka intezaar rahega.

Regards,
(Waseem khan)",0,2025-02-27T14:09:50Z,True
@samarjung07,Sana bhai aapne champion trophy kr mathes par video hi bnani band kar di or kaliya saand pakistan match cover karne gya tha ya sakargandi khane ye na to afg vs eng ka match me lahore stadium me gaya na Pindi stadium me gya isko kis vjh se pakistan ne vija diya tha sports journalist h isliye ye bc yaha halva kha raha hai hamare India desh ka bhi naam kharab Kara Raha hai pehle to tv par baith kar pakistan ke khilaf bolta hai ab bc vahi chus raha khulfi ab ni tujhe hamare jawano ki qurbani yaad aayi kaliye saand 🇮🇳🇮🇳🇮🇳,0,2025-02-27T14:03:09Z,True
@Jaatraajfan,Pakistani bhaiyo ek request h aapse ...is molana vikrant ko udhar hi rakh lo yrr plzz india Mt bejna iski jarurat nhi h idhar,0,2025-02-27T14:02:54Z,True
@adim1212,"Sana bhai..u can pin this to make other people aware. Why not play series of teams mixed with players from ind n pak as a friendly gesture. Team A can have babar and Kohli, team B can have bumrah and shaheen.

Play it on experimental basis, if it generates eyeballs then restart proper series",0,2025-02-27T14:02:12Z,True
@AmarRaj-t6u,How you welcome if ind team will visit pakistan ❤❤,0,2025-02-27T13:57:27Z,True
@kunalshah9641,Vikrant bhai can become politician in Lahore... loll,0,2025-02-27T13:55:02Z,True
@rehannegi,Agar India mai aisa kuch kar diya hota toh jail mai hota.,0,2025-02-27T13:50:48Z,True
@RanaAsifJaved-t8o,"Vikran Gupta gher jaker aik dafa tu soachey ga, key Pakistanio key khilaaf propaganda jhoot hota hey",0,2025-02-27T13:46:08Z,True
@RameshKumar-ng3nf,DESHDROHI 😡SHAMELESS - VIKRANT UL HAQ and NIKHIL KHAN 😡. STUPID People like you sprinked SALT on the wounds of victims of 26/11 mumbai attack and Pulwama attacks 😡,0,2025-02-27T13:43:50Z,True
@rameshbarthare4319,Vikrant b feel like big celebratiye😅,0,2025-02-27T13:43:17Z,True
@RanaAsifJaved-t8o,"Aap ju marzi kerlain indian hakoomat kabhi apni team idher nahi bhaije gi, inkey dilon ki munafqat nahi jati. Hum tu gher aye mahman ki hamesha izzat kertey hain. Alhamdulillah",0,2025-02-27T13:43:16Z,True
@RAFAYTAKESPHOTO,Wese boltey hain k humari team India team ki fan hai jabhi lari hi nahi  kartey hamari public hi India India karti hai jabhi ye Haal hai k cricket team bhi dar dar k khelti hai isen aisa bhi kiya kardiya hai k itna rush hai usko apne country wale bura bhala boltey hain comments mein dekhlo jab tak hum as a public India ko apna abbu samhaj na nahi chori gaye jabtak humari cricket team India se nahi jeet sakti kyun k woh bhi as a fan boy hi khel rahey hain India wale Babar babar karlein phir mein mano ye bas hum hi hain,0,2025-02-27T13:33:16Z,True
@Sports.frenzy11,"This gesture and the love they showered on vikrant entirely changed my views about common pakistanis.
They are so loving and respectful ❤️❤️
God bless you all 🇮🇳🇮🇳",31,2025-02-27T13:30:34Z,True
@Simandas-hw2dv,What do the families of soldiers who died on the border think after seeing this picture?🥹🥹,0,2025-02-27T13:20:22Z,True
@mianmoeez706,"Love u vikrant bhai,welcome lahore anay ka shukriyaa❤",24,2025-02-27T13:14:50Z,True
@Manojmks31,"Agar Virat, Rohit, Bumrah pakistan gaye toh pura Pakistan dekhne aya hota",0,2025-02-27T13:06:46Z,True
@LOVDIP-TV,Log bure nahi hote sarkarein buri hoti hain .umeed hai dono deshon mein baatcheet ho acha mahol ho aur hum log v jae lahor mein,2,2025-02-27T13:06:39Z,True
@ArindamDas-q3x,Khana kha raha hai khao guli mot kha lena । Or khane se pehele Idia ka jitna soinik or civilian pakisthani ka trerest ka hat sohid huya hai tora un logo ka kurbani yaad kor lena,0,2025-02-27T12:58:50Z,True
@deepakdixit9636,Indian team ko jana chahiye tha yrr😊,0,2025-02-27T12:55:50Z,True
@ahtashamrahi1431,Bhai main INDIA se hu main pakistan aaunga to mujhe itna pyar milega? bahut khusi hoti h dekh k ki aap log itna pyar dete ho shukriya aap logon ki,0,2025-02-27T12:48:19Z,True
@mikkukumar6622,Pakistan army is biggest enemy of pakistan growth & people,0,2025-02-27T12:45:39Z,True
@AsadKhan-lz6le,They all are beggars.. Wanting money from  vikrant,0,2025-02-27T12:44:07Z,True
@RohitKumar-xq4ht,Love u Pak teak respect only criket,4,2025-02-27T12:38:19Z,True
@SkBaghel-x4y,Dost yrrr pakistaniyon dill jeet liya bhaii abhi tk glt fahami thii yaroon apke bare maii love you dost kaash ki hm bhi udhar kabhi a payen,0,2025-02-27T12:37:57Z,True
@RajThakur-d5f,This is the message to Pakistan government too … aapko chaina se kuch ni milega. As deployments Pakistan is not complete without India,0,2025-02-27T12:36:24Z,True
@ghanshyammeena7497,Vikrant ne topi troll hone ki bjh se bahut jldi uthar dii,0,2025-02-27T12:35:03Z,True
@RSShort7,Vikrant ka cheap welcome pakistan 😅😅😅😅,0,2025-02-27T12:30:15Z,True
@Mangoglassind,"Now I understood why Babar also have craze😂😂😂😂

A journalist who doesn't stick to single opinion, the crowd still going towards him.

Then why not Babar. Blind peoples.",0,2025-02-27T12:25:59Z,True
@AniketSingh-zl7jt,Vikrant ko idhar kutta bhi nhi puchta 🤡🤡,0,2025-02-27T12:25:54Z,True
@rohitsingh7711,Why this people imposing islam on him.. I dont why they all are so bigot .. America is richest because of thier hard work not of islam to ye farzi mindset upar aoo,0,2025-02-27T12:24:24Z,True
@DARISHKHAN-dw1ko,Agar hamare yaha india team aati to ham unko hatho hath rakhte or india ke logo se zada pyar dete 😊,1,2025-02-27T12:19:13Z,True
@chaina357,Vikruuuudeeeeen ul Gupbutttt,0,2025-02-27T12:14:40Z,True
@realmastitv1,kash vikrant ke jagah virat kohli Hota,0,2025-02-27T12:14:33Z,True
@lalitvyas5900,"Pakistan ka sabse frod patrkar vo furkan bhatti hai, usa australia tak match cover karne chala gaya or CLT 25 pakistan mai ho rahi hai or vo ak match bhi cover karne nahi gaya,, or pakistan ki haar par view ke liye ro raha tha,,",0,2025-02-27T12:13:59Z,True
@shankarn9669,Arey bhai. we respect your love. but this vikrant is just a paid journalist in india who covers sports/cricket. do not spend too much on him. he is not sachin tendulkar or dravid. he can buy his own food . better to  uplift your teams spirit.,0,2025-02-27T12:13:40Z,True
