﻿author,comment,likes,published_at,is_relevant
@taimoortasleem5741,"kya aam awaam ko jany dyty hain idhar
???",0,2025-12-05T12:03:54Z,True
@moi2419,"Sir it is beautiful documentary... Plz pay attention to Qila of sheikhupura too, it is an amazing Qila but being ruined coz nobody is paying attention on it .... This Qila needs attention.",0,2025-11-30T07:33:16Z,True
@sahilabbas5398,mein childhood mein jab ROYAL FORT jata tou ye PRISON (QAIDKHANAY) ooper se jo STEEL JUNGLAY se band they  jhuk kar dekhtay thay in 1980 to 1990,0,2025-11-28T08:13:33Z,True
@mubeenmubeen2854,"During Zia's dictatorship,  I was kept in Shahi Qila's five hundred years old torture cells for months for interrogation.  A torture cell measuring  4×6 feet  was my first cell where I was locked and still remember it was so haunting and Terrifying.  I  have written my autobiography,  Dahshad Gurd Kon.  Because of frustration I  tried to finish my life by  committing suicide. I would like to visit this place 😢",0,2025-11-26T15:16:39Z,True
@hwas69,"I m fortunate to come across this video and watch the great area, hidden from world. Never seen such interesting, shot, detailed enough video with full of legacy and a learned historian who keeps the interest alive. Great documentary ❤",0,2025-11-14T11:34:32Z,True
@catinthebread,such beautiful and earthly architecture so historic and aesthetically pleasing is sy zyada te khana to modern buildings lagtin,0,2025-11-12T11:00:30Z,True
@kiranzahra418,"Ma scroll krny lgi mgr itni zabedast vedio thi k start sy hi pur asr lgi k pori dekhna pri
InShaAllah zaror ayen gy isy dekhny",2,2025-11-02T18:24:10Z,True
@zainabnaveed6684,Ufff ye to Dunia ki jail hai agr akhrat main nakam hogye to sochain hm k kia Hal Hoga Astagfirulah,0,2025-10-29T12:12:10Z,True
@Urduislahikahaniyan,Excellent effort 👍,0,2025-10-27T01:57:21Z,True
@aqshaqsh3829,Very nice apny baba sath bachpan mn shahi qila jaty thy aksr or baba kuch na kuch btaty thy in historical places k bary mn/ Allah pak mery baba ko jannat ul frdoos mn jga atta kre ameen summa ameen,6,2025-10-25T23:12:02Z,True
@affanahmedahmed9509,Taky traditional function yahan hoty rahain.,0,2025-10-25T01:16:45Z,True
@affanahmedahmed9509,Engineers lgaa Dain jaldi bhot sary.,0,2025-10-25T01:12:19Z,True
@DazzleDiaries-p1f,Papa ny bataya tha war time mai chupny ky liye b use hoty thy,1,2025-10-22T16:28:04Z,True
@painter_babu6897,Kia yeh wohi qaid khanay thay jahan people party Kay workers ko qaid Kiya jata tha. Bhutto jail pay bhee aik video banayen.,0,2025-10-21T18:55:22Z,True
@SaqibShikhe,Bhai yah Maine visit Kiya hai brother mein abhi lahaur se hun danger zoom,0,2025-10-18T17:04:56Z,True
@BullDog-h5e,"Good video, fazool background music",0,2025-10-17T14:09:03Z,True
@ShozabHasan1,"Good to see light in this area. I visited in 2017 almost during maghrib time. I used a mobile flashlight; Despite the hot weather outside, the underground area was cool enough. it was a wonderful experience.",1,2025-10-16T18:00:27Z,True
@SajjadAli-oh4gt,"MA SHA ALLAH 
aap k alfaz ka chunao bohot khoob hai, khush rahe Aameen",2,2025-10-12T20:23:30Z,True
@tahashahbaz,"Yeah jail nahi lag rahi hey jail ki windows aissi nahi bani jati 
         Yeah tu army kay rehnay ki jaghaa lag rahi hey 
            Jail aissi nahi hoti shahi qilla main jail majood hey un ko daikh ker pata chall jata hey who jail hey 
            Jalli walli windows who bhi inti nazuk or aissi payaru jail main nahi hoti 
            Kuin kah lahore main garmi bohat perti hey tu army arm kernay nichay challi jati thi nichay jaghaa bohat thandi hoti thi
      Abhi bhi germiyoon main challay jayaa aap jagha thandi millay gee plus 
               Rastay tang isliya banayaa jatay hain kah bahir say koi attack ho jaya tu army ander aii jaya tu fight kayliya 
      Puri army bhi aii jaya tu fight sirf 2 say  3 log hi lar saktay hain apas main buss aissay army ko kam say kam 1 month tak ruka ja sakta hey or 
       Badshah itni dair main secret rastay kissi or jaghaa challay jatay they 
            Or bad main army bhi aii jati thi 
          Jail main secret rastay nahi hotay naa hi pani aissay guzra jata hey naa hi jail river kay pass 
   Bani jati hey kabhi bhi",1,2025-10-11T21:23:48Z,True
@rashidawan-b4t,"Good to see all but i m sorry u did not mention the full details of these jail.This was a sub jail that was made by dictator Ayub khan and many political workers were detained  there for years.One of a great man the grand son of Nawab Moshan ul Mulk name Hassan Nasir was killed in these prison cell and many political workers of People,s party after Bhutto,s hanging were tourched there.Even my educated family members remained here in the prison in 1981-82 .it was a terrible place and i use to go there at that time to see my uncles who was facing Zia ul haq cruelty and facing political imprisonment.This tourcher cell was finished by Junejo government in 1986.",18,2025-10-08T01:40:39Z,True
@Quranknowledge5232,"Really amazing, Mughal Kia Kia tameer kr gye, Shahi qila mn aj b Kitna Kuch daryaft hona baqi hai❤",6,2025-10-06T12:34:42Z,True
@daanshah1,Kua bakwas video hai video making bgt fazool hai,1,2025-10-05T15:33:56Z,True
@chughtaiintnl3360,"Fort contained fortress , these underground might be for army Contonment",0,2025-10-05T12:34:11Z,True
@skyview771,My grandfather once told me that there is a secret passage from Lahore to Dehli under the SHAHI QILA for Mughal Emperors to escape in case of emergency.,13,2025-10-05T10:03:22Z,True
@shakiracreations3736,Historical places mesmerizing me Khas Tor per qila or mehal wagara,1,2025-10-04T18:49:39Z,True
@salmankhurram1841,"Thank you for taking me back to the past when I visited all three basements with my family, entering from Kala Burj. At that time, there were no lights in the 2nd and 3rd basements. I will be anxiously waiting to visit these again, but of course, with lights and no soil dampening your shoes.",13,2025-10-04T16:28:27Z,True
@mohammedafzal9777,"GUESS WHAT, I WAS BORN IN LAHORE BUT NEVER VISITED SHAHI FORT FOR MY 50 UEARS OF AGE. BECAUSE IT USE TO FREAK ME NO WONDER WHY? 😮😮😮😮",4,2025-10-04T16:27:31Z,True
@Rose54000,Sir agar ye jail hain toh inky darwazy kidhar hain ?,0,2025-10-04T15:59:12Z,True
@annas_jpeg,"how is it underground?
when you are showing the windows for vent with clear view of fort outside..",0,2025-10-04T15:40:39Z,True
@farzanajawan,Assalam o Alaikum sir! I'm your big fan sir aap badshahi Masjid pr b video banayen plzzz,0,2025-10-04T14:29:01Z,True
@abcmdeffghil,"this doesnt look jail. this part of fort was a palace where many families lived permanently. there may be some important royal people, including women  may have been put in jail. 
i have seen this place. it looks that sheesh mahal, khawabgahs etc etc were on roof top with many stories down. these are not teh khana because they are not underground. they are buillt on side of fort hill near ravi.",1,2025-10-04T12:56:38Z,True
