﻿author,comment,likes,published_at,is_relevant
@NabeelK-007,My beautiful Lahore,0,2025-11-24T06:07:28Z,True
@ZainalAbidin-d8q,Looks like a good cheap price to retire .,0,2025-08-09T04:53:03Z,True
@SameerNazeer-dj7oq,Ye sb jhot ha 😂,0,2025-07-29T11:04:37Z,True
@Sophia-e8j8t,"Wow, that drone footage of Lahore's hidden corners absolutely gutted me.  It brought back such a rush of bittersweet nostalgia; I haven't been back in years, and seeing those familiar streets from a new perspective... it felt like a phantom limb, a memory both achingly beautiful and impossibly distant.",0,2025-07-20T11:24:10Z,True
@aamswl,Beautiful City. appreciate your great efforts.,0,2025-07-06T15:47:37Z,True
@FaizanHabib-f2u,Naee reesan sheher Lahore diyan,1,2025-05-26T13:36:25Z,True
@maryamshahbaz9725,"There r places,for example (chungi amr sidhu) which look fine from ariel view but when walk there  they r full of filth and other problems cause of too much population coming from near by by rural areas.",0,2025-05-24T08:12:41Z,True
@Fareed-b6b,My favorite lahore is the great brilliant beautiful country lahoreyan ❤❤❤❤❤❤❤❤❤❤❤❤❤❤❤❤❤❤❤❤❤❤❤❤❤❤❤❤❤❤❤❤❤❤❤❤❤❤❤❤❤🌹🌹🌹🌹🌹🌹🌹🌹🌹🌹🌹🌹🌹🌹🌹🌹🌹🌹🌹🌹🌹🌹🌹🌹🌹🌹🌹🌹🌹🌹🌹💯💯💯💯💯💯💯💯💯💯💯💯💯💯💯💯💯💯💯💯💯💯💯💯💯💯💯💯💯💯💯💯💯💯💯💯,0,2025-05-05T07:18:51Z,True
@adnan4769,but lahore mashAALLAH,2,2025-05-02T07:53:35Z,True
@hnyt5465,Mera pyara Lahore ❤,1,2025-05-01T18:31:09Z,True
@tayyabbash5920,You just nailed it as PMLN nailed Lahore,2,2025-04-18T11:06:17Z,True
@SaadMughal-l3p,Best video of lahore drone tours ❤🎉,3,2025-04-13T18:27:46Z,True
@LeoKhan-eu5uf,"Arfa kaream Faisalabad ki thi
Magar tower Lahore mai banya??? Hypocrisy",0,2025-04-13T02:56:21Z,True
@RizwanJewellers1,"Is video ki completion me ap ne bohat mehnat ki hai

I like your work

God bless you and your family",3,2025-04-10T16:58:21Z,True
@AliAkutar,MASHA ALLAH SUBHAN ALLAH ALHAMDO LILLAH.    .ALLAH PAKISTAN AUR LAHORE KO HAMESHA SALAMAT RAKHEY . . .  AAMEEN SOOM AAMEEN,1,2025-04-06T01:18:09Z,True
@Pkzb1,"These views are amazing, excellent job, Discovering amazing stuff, covering parts of this earth that should be visited by everyone once in their lifetime
Very nice, this is so cool, good job, showing us nice views of Pakistan",2,2025-04-05T15:15:24Z,True
@ZeeshanAhmad-lq5fj,karachi ki video dekh kr lahore dekha to lahore bohat phika phika sa laga ... mazrat lahore walo se...,1,2025-03-31T15:29:55Z,True
@Shadow..H.334,Small buildings are destroying the beauty of lahore 😅,0,2025-03-30T11:55:35Z,True
@farhannoor4513,Data darbar ❤,2,2025-03-29T15:30:31Z,True
@Kidzography_Love,"Good coverage, historical places amd modern bridges, shooted nicely, but you missed out main boulevard gulberg, and somvother locations in Gulberg,
Gulbeg most iconic mosque, main boulevard gulberg, defence,  and for foreigners the most hot place, wagha border",2,2025-03-23T17:18:25Z,True
@Atlan7is,"Why didn't you show more modern parts like different malls, dha, bahria , cbd etc",1,2025-03-19T18:41:47Z,True
@Ali-z9z8c,The father of All cities is lahore ❤,1,2025-03-17T20:26:50Z,True
@hareemshah3442,LAHORE INTERNATIONAL CITY LAHORE BIG CITY LAHORE MEGA CITY LAHORE BUSINESS HUB TRADE CITY LAHORE MODERN FASHION CITY LAHORE HEART OF PAKISTAN LAHORE LAHORE HAIN PSL LAHORE,1,2025-03-17T12:45:43Z,True
@hareemshah3442,I LOVE YOU LAHORE QALANDARS,1,2025-03-17T12:44:48Z,True
@desi_millennial1,Lahore mai housing society bnd krain sath waly cities ki develop krain warna any waly salon mai lahore mai ek room ni milna,1,2025-03-16T17:02:01Z,True
@everyoung_13,androon lahore missing,0,2025-03-16T10:19:12Z,True
@arehmans,"It requires significant effort to make this video. Kudos !!

Though many places missing but superb video.",3,2025-03-15T22:35:37Z,True
@BobbzyTheking-sn9pf,"In ki bhi videos banao
Dolman mall 
raya golf course 
Eiffel Tower
Emporium mall 
Packages mall 
Lal shabaz qalandar under pass 
Mm alam. Road 
Main bulevord gulberg❤",0,2025-03-15T10:16:52Z,True
@mohsantravels4804,Beautiful 😍but lot's of places missing like DHA raya molmen Mall packages & imporium Mall,4,2025-03-15T02:51:59Z,True
@muhammadmumtaz9910,God bless Pakistan & Lahore ❤❤❤. Well done Pmln Maryam Nawaz ❤❤❤❤,14,2025-03-15T02:36:45Z,True
@inamullah1506,"SADA WASDA RAHAY
MAY RA LAHORE",0,2025-03-15T00:54:32Z,True
@cricketnewz12-s1g,hamara pyara lahore....needs urban planing more greenery and more clean and developed..for this every citizen must play its part to make lahore iconic city,21,2025-03-14T23:27:48Z,True
@AdeelAhmad-o1v,Ma sha Allah zaberdast video aur  views ❤,2,2025-03-14T20:43:06Z,True
@talha1-z9y,Lahore lahore ha 😂,8,2025-03-14T20:31:19Z,True
@talha1-z9y,"Emporium mall wagah border nhi add kiy ap ny bro 
Good video❤",10,2025-03-14T20:24:31Z,True
@tochi-i4h,Beautiful view ❤,2,2025-03-14T20:17:13Z,True
@SA-cn6rx,bhai old lahore ka drone view plzzz,0,2025-03-14T18:20:39Z,True
@sahibzadashah4440,"Should label it as Lahore, roads and overpasses.",2,2025-03-14T17:22:55Z,True
@MasudAjam-i2h,"So beautiful ❤️ ❤️ ❤️ ❤️ 
New lahore ka vi video chahiye 
❤❤❤",1,2025-03-14T17:07:11Z,True
@NadeemDehli,"Kabhi Karachi bhi aao 
Cinematic shot lo Karachi k bhi",5,2025-03-14T15:27:49Z,True
