﻿author,comment,likes,published_at,is_relevant
@MohammadYaqub-o7r,Jahil.  Butt.  Yea. To. Tum. Nay. Batlaaiaa.   He. Nahi. K. Yea. Bus. Lahore. Kus. Elaka. Say. Chalti. Hai.  Ho. Na.  Jahil. Butt.  Butt. Hotay. He. Pagal. Hai. Bus. Har. Waqt. Khana. Khata. Hai. Butt.,0,2025-11-28T11:08:45Z,True
@FariyalKhan-p1w,There should be double decker buses in Pakistan with speaker inside it which should announce you the name of the roads and then you should press the button and bus should stop and you should get off.These buses should be allover in Pakistan and the old rough and dirty design buses shoukd be banned and finished.,0,2025-08-17T07:23:51Z,True
@MohammadYaqub-o7r,Kia. Yea. Bus. Sara.  Saaaaaaab.  Chalti. Hai.  May.  December. May. Lahore. Jaooooon.      Ga.  Sara.  Saaaaaaaaaal.,0,2025-07-27T07:51:25Z,True
@Pro.shafiqueSiddique,❤ Lahore Pakistan ka dill,1,2025-07-04T03:59:39Z,True
@FaizanFaizi-m7x,Kya ye service ab bhi available he,1,2025-06-27T14:05:56Z,True
@rahathassan7125,Janay yeh bhi bata delay ke kahan sy shura hoty hy. Iska station kahan hy,1,2025-06-07T15:01:49Z,True
@MuhammadKhalid-ch3li,"Jinme lahore nahi wakaya o jamiyan nahi.Lahore Lahore , Lahore hain .",3,2025-04-13T05:05:17Z,True
@MuhammadKhalid-ch3li,Lahore lahore hain.My lahore is most beautiful historic ancient city of world situated in Pakistan.,2,2025-04-13T04:56:07Z,True
@MohammadYaqub-o7r,Usmaaaan.  Butt.  Tum. Nay. Pata. To. Batlaaiaa. Nahi. K. Bus. Kahaaaan. Say. Pakarni. Hai.,1,2025-04-13T00:49:48Z,True
@lynnbhatti9179,"Lahore 4 Lovers ❤❤
Zinda dlan e Lahore❤
L4al Salam pakistan❤❤ ❤❤ ❤❤ ❤",1,2025-01-31T23:36:29Z,True
@asindh,"Lahore kadon toan UP da shehar bana ta, jago panjabio, Panjabi ma de zubaan, ma dey shehar ch khatam......",1,2024-12-17T12:23:47Z,True
@MuhammadKhalid-ch3li,100 ticket reservations.clue understand.big family children's.,1,2024-07-16T12:24:00Z,True
@malikzahid3565,The beautiful city Lahore...❤❤❤,1,2024-06-28T21:15:23Z,True
@irfanmazhar9974,"bhai start par ye batao kon se ilaqe par ana ha
 Lahore ma",2,2024-05-11T02:34:31Z,True
@waqashaider8997,"Lahore to acha hai lkn lahore wally achy nhi
Bewafa or maghroor log",0,2024-05-05T02:21:55Z,True
@ambreenzahir6372,Tasteless food chai just like hot water 😂😂,1,2024-05-03T16:02:04Z,True
@mirzahassanbaigmongol,Ye bataya hi nahi k ye station kidhar hai konsa area hai uffff pakistanio har banda har kaam adhoora kr raha hai,1,2024-04-09T15:13:28Z,True
@SajjadKhan-hr2xu,Yeah baqwas baat hey jis ne Lahore Naheen dekha wooh peda hi Naheen howa mein keta ho jo Pakistan mein peda howa hey or Pakistani hey wooh peda hi Naheen howa Pakistani say pocho kahaan ja raey hoo roti khane kaha say aah raey ho roti kaha ke aah rahaa hoo issey ziyada or kohi sooch hi Naheen,1,2024-03-21T13:52:34Z,True
@HaroonHaroonHaroon-q5w,Is ki aik ticket ki price kya ha ???,1,2023-12-04T01:58:02Z,True
@chandsalfi4098,Ye esy hi batean bnee huee hean har cheez k bghyr ghuzara ho saktta hy,2,2023-05-06T14:06:15Z,True
@memorablemoments182,Lahore k kis stop say chalti hai or kis pr rukti h ye nai baya,1,2023-04-25T16:40:38Z,True
@AliAbroGaming125,"Ham Pakistani ab double tracker pohchay hain,jab k china America,India chaand par, bhai hamari awaam aatay k lieye qatar laga rahi hai,wo bus nahein ghar,aata aur makaan chahte hain,ek Saal k baad ye bus katchray ka dhair hogi,kyun rishwat k baghair koi kaam nahein hota,bijli mehgi,gas mehngi,iss bus ka achaar banalo,iski jagah ye paisa awaam ko deiya jata toh aaj bohot pyaaron ki eid achi hoti,log bhook marahe hain",1,2023-04-25T04:12:45Z,True
@bilalali7205,Lahore mein kis jaga se ye bus milly gi,0,2023-04-23T06:49:46Z,True
@hyderk8156,"Ye ""Sightseeing Bus"" Lahore mein kis jga pe hai?",2,2023-04-20T07:58:25Z,True
@tallalejaz3145,Lahore is the beautiful of the world❤❤❤❤I love it,5,2023-04-19T14:21:54Z,True
@Naeemhussainofficial,Lahore is the Heart Of Punjab,10,2023-04-19T09:11:58Z,True
@zubairyaqub7424,Usmaaaan butt.  Agar lahore me tum se rabita karna ho to kis se rabita karoon.  I want you to be my guide in lahore.  I will pay you five thousand for 3 hour.,2,2023-04-19T07:21:07Z,True
@naeemakhtar288,Butt sahib great,1,2023-04-19T04:30:58Z,True
@kashifsultanentertainment8926,Beautiful city Lahore 💟❤️,12,2023-04-18T19:27:34Z,True
@sohaibzahid2047,Kya bat h ... Wah bhai aj to enjoy krwa dia wo b ghr bethy 😂 ab to dol kr rha h k jaldi se lahore jayem or hm b is pe enjoy krain,8,2023-04-18T18:34:49Z,True
