﻿author,comment,likes,published_at,is_relevant
@adamfrancis9864,Please I request you try billa daal chawal dharampura,0,2025-09-20T16:31:12Z,True
@MuhammadArif-sh9ji,"Try your best to visit Rasheed Tikkiyan wala.
Shahbaz colony bazaar
Kangni wala
Gujranwala
Aap uss ki tikkian chod k sirf Raita hi khatay jayn gay.
Amazing taste of raita.",0,2025-05-17T09:44:34Z,True
@Moazzam-Khaan,You should beahve better with aslam uncle kebab wala. You seem arrogant 🙂‍↔️,0,2024-09-20T18:34:51Z,True
@ranatanveer9835,Agar aap puranay lahoriay hain to aap Lahore kay khanon ko judge karr saktay hain. Agar aap bahar say aye hain to aap kabhi bhi lahore kay khanon ko judge nahin karr saktay.,0,2024-05-30T18:38:26Z,True
@sammir1257,Oll unhealthy food,0,2024-05-18T09:37:59Z,True
@mohammadkhalil8065,"A O A. Saqib Sb I am yours a new follower and I like the way you upload especially lahore food vendors videos,thanks I am from nyc,USA originally pure lahori when you get a time or chance try to cover Ghari shahu food bazar,Appreciate it",0,2023-02-01T05:51:28Z,True
@mohammedsharif6393,The place you showing is very dirty in open you enjoy food very good but eating in dirty places bad for your stomach and health,0,2023-01-12T19:27:18Z,True
@mukhtarkhan5506,"Zaberdast very informative video clip apreçiated dear 
M A KHAN from Tajikistan Serena Hotel Dushanbe",0,2022-11-23T18:10:33Z,True
@AliAkbar_3685,Saqib bhai mai p sath wk vedio bnana chahta hu mai lahore mai rehta hu apky reply ka w8 hai,0,2022-11-20T14:01:12Z,True
@adeelhassan9075,Fuck you motherfucker you lied about the taste and the quality of food ghasti k bache...,0,2022-11-12T12:13:16Z,True
@sufithehuman,"Kaash main bhi in jagahon par pahoch pata aur lazeez khano se lutf andoz hota...
Imran Qureshi from india.",0,2022-11-06T13:58:11Z,True
@itratmughis6967,Saqib what fish kebabs r these ? Name of the fish ?,0,2022-11-06T11:55:47Z,True
@faisal3972,"when SS was CM every worker of restaurant was wearing head cover now no one does. 
Pakistani people are really not clever people when it comes to politics",0,2022-11-04T21:50:40Z,True
@mdabidarmanhasan1578,"Best food vloger i watched in whole country saqib bhai love from India 💝 Allah deen pe aapko aur mujhe banaye rakhe

Bas adventure vlogs shuru kriye jldi",0,2022-10-30T13:43:24Z,True
@muhammadferoz4176,Saqib bhai biryani sirf karachi ki karachi Kay baher biryani nahi milti,0,2022-10-29T13:32:29Z,True
@northindian344,"Nice food 
But very expensive 🤔",0,2022-10-25T16:28:40Z,True
@skullduggerygillen,Lol. That biryani was a complete joke btw 😄,0,2022-10-24T11:54:55Z,True
@theyousuf8043,Wow I like street food frind,0,2022-10-23T09:13:02Z,True
@_aurangzeb_,Biryani aisee nai hoti bhai,0,2022-10-22T13:37:33Z,True
@mohammedaraeen3677,"Aslama alaikum 
I have a request, any chance you can add subtitle in English? I am from UK and my family live your vlogs, subtitles in English would really help them to understand better,
thanks",2,2022-10-21T20:39:49Z,True
@fahadabbasi7607,Khanay bht achay hain lkn Safaai ka koi khas khiyal ni,0,2022-10-21T19:26:18Z,True
@ramzanshehbaz4456,Johar town Ki G1 market mean nashta Aur lunch maen butt tkkiyon wala wo market ki back said par hai,0,2022-10-21T09:31:46Z,True
@UrduTravel,"Really great video as usual 👍😍 you are doing well and these videos are really helpful… you are doing great job and your effeorts are admirable. waiting for next video… i always like to watch videos like this one, because I think I should Learn everything about tourism and creativity I can, anytime I can, from anyone I can - there will always come a time when I will be grateful I did, And this video will definitely be a good contribution from you, 😍 thanks for the great content… waiting for next Really Amazing 🤩👍 video as usual",1,2022-10-21T05:08:10Z,True
@hamzaazhar2273,Best food vlogger of Pakistan. Without any doubt. MashaAllah,6,2022-10-21T03:12:11Z,True
@rizwanmuhammad6468,Why call palou a Biryani. Makes no sense. Palao is kings food and why are we insulting it now days.,0,2022-10-21T00:55:24Z,True
@irfansrkhan123,go to kamoke please you will see a lot food there go to kamoke please you will see a lot food there go to kamoke please you will see a lot food there go to kamoke please you will see a lot food there go to kamoke please you will see a lot food there go to kamoke please you will see a lot food there go to kamoke please you will see a lot food there go to kamoke please you will see a lot food there go to kamoke please you will see a lot food there go to kamoke please you will see a lot food there go to kamoke please you will see a lot food there go to kamoke please you will see a lot food there go to kamoke please you will see a lot food there go to kamoke please you will see a lot food there go to kamoke please you will see a lot food there go to kamoke please you will see a lot food there go to kamoke please you will see a lot food there go to kamoke please you will see a lot food there go to kamoke please you will see a lot food there go to kamoke please you will see a lot food there go to kamoke please you will see a lot food there go to kamoke please you will see a lot food there go to kamoke please you will see a lot food there go to kamoke please you will see a lot food there go to kamoke please you will see a lot food there go to kamoke please you will see a lot food there go to kamoke please you will see a lot food there go to kamoke please you will see a lot food there go to kamoke please you will see a lot food there go to kamoke please you will see a lot food there go to kamoke please you will see a lot food there go to kamoke please you will see a lot food there go to kamoke please you will see a lot food there go to kamoke please you will see a lot food there,0,2022-10-20T21:58:41Z,True
@irfansrkhan123,go to kamoke please you will see a lot food there,0,2022-10-20T21:58:36Z,True
@irfansrkhan123,go to kamoke please you will see a lot food there,0,2022-10-20T21:58:32Z,True
@masterpiece9449,Ye degi biryani hay jo palak ke sath khai Kati hay . Ye shadiyon pe Palau Kati thi 20/30 saal pehly.,0,2022-10-20T21:48:02Z,True
@mohammedansar1172,"Assalamualaikum wrwb, Bro please make 10 min videos not more than 10 min because it's not possible for me to your hole 20 min videos and keep it up and I really like and enjoying your videos I really love your food volgs and I Love You brother, Love from india 🇮🇳 ❤ to you  mera bhai!",1,2022-10-20T20:17:07Z,True
@badguy1664,O chadd de molvi hun androon di jan,0,2022-10-20T20:02:28Z,True
@ghayasmemon1462,Aap loog Pulao ko Biryani kiyun kehte haen. Biryani khani hae to Karachi ya Hyderabad aa kar khao. Ye Punjab waale Pata nahin kiyun Pulao aur Biryani mien farq nahin karte.🤷‍♀,0,2022-10-20T19:09:13Z,True
@UrduTravel,"Really great video as usual 👍😍 you are doing well and these videos are really helpful… you are doing great job and your effeorts are admirable. waiting for next video… i always like to watch videos like this one, because I think I should Learn everything about tourism and creativity I can, anytime I can, from anyone I can - there will always come a time when I will be grateful I did, And this video will definitely be a good contribution from you, 😍 thanks for the great content… waiting for next Really Amazing 🤩👍 video as usual",0,2022-10-20T19:02:38Z,True
@mohdsamoon,Lahore dikhane k liye apka shukriya paji ❤️,0,2022-10-20T16:51:29Z,True
@indiamagyarul4519,Saquib bhai u have huge fan following in india. Kindly relate something with food history and bring both countries people closer. Please show Diwali I’m ur country,34,2022-10-20T16:50:35Z,True
@ThePeoplesPerson-EK7,man o man Saqib bhai always share hidden gems and unexplored food. Underrated Gem of a food vlogger💚,3,2022-10-20T16:44:08Z,True
@StreetFoodSection,Lahore k tu har gali kone men kuch na kuch mazedar mil jata he khane ko 😍,8,2022-10-20T16:32:47Z,True
@abdulmateen157,Lahore is romance.,0,2022-10-20T15:18:21Z,True
@Rajput-Lahore,Saqib Bhai Lahore main koi achee Biryani Outlet batain,0,2022-10-20T15:16:49Z,True
@aasthasrivastava8668,Video quality is very poor,0,2022-10-20T15:08:07Z,True
@villageravikinaryfoodvlogg6833,It's called tawa tikka daal,0,2022-10-20T15:02:00Z,True
@ahmarhafeez4201,"Ahmar Hafeez.
Assalamalaikum Brother.
Mashallah
Allah app ko aur hum sab ko khush rakahee Ameen.

AHMAR HAFEEZ Pakistan Lahore Karachi",0,2022-10-20T13:26:17Z,True
@kidsworld6070,Mubeen lala kasam say Dil sa hate you Dil kharb karty ho khud mazay karty ho hamar Dil aur pait jalaty ho,2,2022-10-20T13:15:43Z,True
@wahabsattar5280,Ae kon shi biryani he,0,2022-10-20T13:13:56Z,True
@humakhan5034,Asalamu alekum bhai apki hr video dekhti hun bht achi achi jaga jate he Karachi main or b ache food he ap dubara aye,2,2022-10-20T13:05:12Z,True
