﻿author,comment,likes,published_at,is_relevant
@RabiaAsif-c5u,Mera honeymoon trip b lahore ka ta aur sb sy phlay havali dinner keyia ta,0,2025-12-12T06:48:34Z,True
@Insaq_Syed,Priority ki baat wahan hoti hai jub Balance bhi ho. Dono miyan bivi england ho. Dono ke parents pakistan. Ab jub pakistan jao tou miyan apnay parent ko aur bivi apne parents ko time dey. App lagta hai under pressure ho. Dominating susral hai..miyan bhi cooperative nahi iss mamlay mey. Woh apni family ko full time dey raha hai. Urat ka bhi haq hai. Ye kiya baat hoi maikay maa baap ko bandi wakt na dey unkay sath rahe na.,0,2025-12-11T07:15:01Z,True
@MuhammadMuneerMusa,Pta hai mere lie b jana mushakl hota thaa aaj mere baba nhi rahy r afsos reh gya hai bss es lie Dil krta hai har koi apnai maabaap sai Pyar kre sath waqt guzare zandgi ka tw ksi ka bhrosa nh,0,2025-12-05T07:46:16Z,True
@SarwarAlam-y1h,But ap hamesha apne husband ke sath hoti hai isiliye log bolte hai ki ap parents ko de ap apne time,0,2025-12-04T03:09:24Z,True
@Aseelonline34,Either Fatima Faisal bhi idhar I thi 😊,0,2025-11-29T04:09:23Z,True
@AliAli-p6n9u,I am from Lahore,0,2025-11-28T09:57:05Z,True
@maximus-r8b,Kaisa filter laga hai face chota bada ho rha hai,0,2025-11-27T10:56:16Z,True
@VISTA-m9e,Our parents never teach us to give them priority over in laws. Whatever you are doing it’s absolutely amazing,2,2025-11-26T20:43:52Z,True
@AbdulrazaqkhanAbdulrazaqkh-l7z,Mashallah api ap muj buhat achi lgti hi or apki family b Allah pak ap logo ko hamesha happy raky,0,2025-11-15T08:15:23Z,True
@AsadaliAlii,Yaha pa hm na bhi Khana khaya tha bahut achi wive aa Rahi thi,0,2025-11-06T06:59:28Z,True
@HoorHoor-x3j,Main be lahore isi jag bheth kar diner Kiya tha😢 bhoaut rash hota haa,0,2025-11-05T17:24:21Z,True
@ZumraMariam-v2u,Husband k sth tu rehti hian phr kun selfish ho gae thien...ni hona chahiye tha ....baba ko ziada time dena chahiye tha😊,0,2025-11-04T15:41:15Z,True
@tabindabenazir6000,Maa bap udas zror hoty hain mgr chahty ye e hain beti susral kush rahy,0,2025-10-29T20:43:38Z,True
@AqsaWaqas-y9e,Apki dresses Bht pyari hoti hain😊,0,2025-10-22T15:20:56Z,True
@RehanaShaikh-f2b,Aap bahot acchi h aap kisi ki bat dihan na kare,0,2025-10-18T17:49:34Z,True
@MAHBOOBRAZA-t1x,Assalamualaikum kiran sister I'm watching your vlogs from India and I'm yours Biggest fan forever please reply me i want to connect with you so please reply me 🎉🎉🎉🎉🎉,0,2025-10-15T20:23:06Z,True
@JangJang-o1y,Mashallah Ap api both payari ho Ap or Bhai bacha mashallah Nice family,0,2025-10-12T17:49:53Z,True
@ShifaArslan-n1f,Maybe haveli jaati rahti hun mujhe bhi bahut achcha lagta hai vahan,0,2025-09-27T19:59:04Z,True
@IramShehzadi-w6b,No doubt Lahore Lahore ay,0,2025-09-25T20:46:23Z,True
@shaheen_sarfaraz,Aap k vlog boht achy hote hain positivity hoti he kafi logo ko motivation  bhi milti hogi lekin aap ko nhi lagta  k aap sirf apni luxurious  achy kapre acha khana ghoomna phirna sirf aap apna hi sochti ho duniya me kia horaha he selab ki waja se kitne log beghar hogae hain kitne log bhooky mar rhe hain falastin me kia horaha he lagta he aap sirf aur sirf apni zindagi ji rhe ho aap k ird gird kia ho rha he is se aap ko koi sarokar nhi,1,2025-09-24T14:59:09Z,True
@SadafdarSadaf,Ap bhot achi ho,0,2025-09-23T14:58:40Z,True
@MohdSubhan-k3o,Plz may bhot gareeb hu. Plz help me,0,2025-09-22T14:04:24Z,True
@AalmaSarah,I Teach QURAN-e-PAAK online if you want to learn or take classes so contact us,0,2025-09-20T14:06:28Z,True
@Ahumanbeing-u3b,Jo bhi log aapko suna rahe the sahi suna rahe the. Aapne selfish behav hi kiya tha apne parents ke sath when you were in pakistan.  Pure time apne sasural walo ke sath hi aap chipki rahi thi. Or ye ekdam sahi baat hai ki aap apne abbu ko jo rota chhod ke gayi thi na wo duniya ki koi bhi beti na kare. Such a selfish behaviour,17,2025-09-18T00:28:30Z,True
@manishapatil9253,Aap bhi hame bahot achhi lagti ho.. Aapke sare reals dekhte hai.. Peshawar jane ki to muze bhi bahot ichha hai,0,2025-09-17T13:15:32Z,True
@warisjan2155,H block dha hum phase 9 me btaya kre please,0,2025-09-14T09:14:43Z,True
@iqramirza6362,Ignore krdiya kryn ese logon ko AP . Farigh log hoty h is trhan ki soch k log.,4,2025-09-12T11:06:48Z,True
@MubassheraAnsari-h4h,Mai India se hun di aap bahut accha khana banaty ho aur aap bahut pyari ho,0,2025-09-09T12:05:48Z,True
@JiasYTChannel,Lahore me 10 yrs rahe bakwas tha expefience selfish thy lug😊,0,2025-09-08T12:29:56Z,True
@valentinafrancis1673,Love From India.. mp( madhaya pradesh),0,2025-09-07T14:56:04Z,True
@SanaMustafa-pr7un,Obviously you have amazing Time and life ever thought of praying too or just pictures of Shahi masjid for the album…. I’m not judging just asking love your blogs so there’s nothing wrong here if you can understand that Sikh community are having a religious gathering no mention of anything from yourself apart from food and shopping amazing Lahore stay blessed,0,2025-09-03T11:28:34Z,True
@asifurrehman7399,I also visited  the haveli and  its taste  was so pretty  I also visited  badshahi mosque and  shahiqilla❤❤❤,1,2025-09-02T11:16:17Z,True
@SultanMasih-h3n,My Shradha always be ❤❤❤❤❤,0,2025-09-02T10:59:11Z,True
@hkklifeforhealing5335,Baji kon hote he...sister???,0,2025-08-25T12:52:03Z,True
@hkklifeforhealing5335,"Priorities to time and situation ke saath saath badalte rehte he, itcha na ho tab bhi badalna hi parta he kabhi kabhi...usi hisab se chalte hue nibha pana hi badi baat hoti he I believe😊",0,2025-08-25T12:51:33Z,True
@sadafzishan748,Allah pak ka dhairo dhair shukar hay k ap sy bauhat kuch seekhnay ko mila,1,2025-08-25T04:43:18Z,True
@SohailSikander-u1s,Bas tayar Hona make up kerna dress up Hona khane Khana is life SE kis KO faida bas apni Apni tision bazi apjese Kisi kliye Kiya Ker rhe hain,0,2025-08-23T10:50:22Z,True
@moinkhanminai,Main Hyderabad mein Hun yahan ki Biryani khae Ho bahut testi rahata hai wow 👌👌👌,1,2025-08-22T12:56:58Z,True
@HEENAKHAN-x8d3h,Mashaallah mujhe apki sari vedio  acchi lagti h apka khana banane k tarika bahut hi pyara h or Mashaallah ap bhii ❤🎉,2,2025-08-22T12:20:36Z,True
@PradeepKumar-h5j3h,Appi aap bahut acchi Hain aap khana bahut achcha banati hai,0,2025-08-21T14:17:06Z,True
@SyedaAyeza-h8w3x,Mein haveli gayi hoi hun😅,0,2025-08-21T03:45:17Z,True
@ShaikhAyesha-i2l,App bht acche ho  sabko bolne de app sab ka dhyaan dete ho ❤ family meh😊😊 best women,0,2025-08-20T08:13:39Z,True
@sancharibhattacharya7354,"U r so beautiful mam inside and outside, and ur in-laws family is very good, main hamesha dua karti hu ke sab ko aesi sasural mile, kash mujhe bhi aesi sasural mile 👌👌👌❤️❤️❤️❤️❤️",0,2025-08-19T14:28:22Z,True
@softcat6821,Ye to bilkul sach hai or sari dunia ne dekha hai k baap ko rota chor k chali gai thi dinner py..,7,2025-08-18T22:38:40Z,True
@themonsoonkidd,"Hello Kiran ji mai India se hu ..I love your positive energy,,your elegance and you have such a big heart.. You aspire me to become just like you.. You're always grateful and thankful for everything and I love your vibe.. tons of wishes to you and your entire family",24,2025-08-15T11:36:11Z,True
@Malikfatima-z2d,Haveli say kisi ko laal haveli yaad ai,0,2025-08-13T20:09:45Z,True
@THEGREAT-n6x,Yaar aap ki bataen bhot achi lagti hai ❤,0,2025-08-12T11:47:29Z,True
@Shafaqasif-o9v,To apny husband ko ami k ghr bula k he khana khaleti lekn shyad husband k nakhry hongy,0,2025-08-10T12:14:00Z,True
@AbdulGhani-sd7qj,"Over acting look very ugly,,,, only for money.",0,2025-08-10T00:32:31Z,True
@SilentDove-m3t,Devoce 😢api rabta kr skti choti si help apki cheay apki video pasnd krti hu,0,2025-08-09T16:48:14Z,True
@SofiyaNadeem-kz1ss,Humare india me gumbat ceffe se jama masjid ka nazara dikhta hai jesa aapke lahor me badshahi  masjid ka nazara dikh raha hai 😊❤❤❤ I like your vedeos ❤,0,2025-08-07T18:53:46Z,True
@nhowtobraid4745,Very good I am from USA I like Lahore but I never been havali I I should go there inshallah,0,2025-08-07T16:45:29Z,True
@mahwishNaz-if4eh,Karachi ka Khana bhe kha k dekh Len,0,2025-08-07T03:31:30Z,True
@asimanwar8470,Haan husband ko aur in-laws ko khush kerna to bahot galat baat hai.,0,2025-08-06T19:00:26Z,True
@safforamalik9600,Me bi Lahore sy ho,0,2025-08-06T17:34:57Z,True
@nidasodha2680,Aur hm Indians ko b ap bhot psnd h.❤,0,2025-08-06T17:18:18Z,True
@AnjumJ.mumtaz,Well said food is marvellous...❤❤❤❤,0,2025-08-06T15:56:09Z,True
@trendtiktokes8608,Ap mey bot achi lgti hn ap lahore ai food street meray ghr k pas kash me ap se mil sakti i like u and i see y9u ni,0,2025-08-06T09:36:57Z,True
@NemOphilie,Lol haveli copied our culture of making the guest wash their hands before food bewaqoof log we do it cuz we don't have sinks around the house n sometimes water. Is frozen so we offer them water to wash hands inside the house kia bewaqoof log ha,0,2025-08-06T07:32:26Z,True
@MairaSiddiqe-o6m,Jisky pas pesa hota h hr koi usy hi mohobt izat deta h abi ye ghreb hota to koi pochta b nhi 😢,2,2025-08-05T15:19:36Z,True
@shubhalisingh6562,Had h lekin logo ko chain n hai kise me v,4,2025-08-05T08:16:55Z,True
@Tahirashoaib-in4qx,"It's wrong Lahore k log intahye btmez, ill-mannered bs hr buraye hy in ma",0,2025-08-05T06:40:57Z,True
@SammySamm101,"Dear Tayyaba, next time do visit Karachi, yahaN ka khana kha kar app aur sub jagah ka bhool jayen gi ❤",0,2025-08-03T22:58:25Z,True
@ShaguftaBasharat-t8w,Haan na Lahore ja k khota na khaye bnda 😂...pr ab Islamabad k log b yeh shikwa nhi kr sakatay  aur na Lahore walon ko taana maar saktay ho k kalay kalay kha leya😂😂😂,0,2025-08-03T19:03:11Z,True
@hinasaeed-mk5zu,m b visit kia haveli its amazing,0,2025-08-01T21:25:37Z,True
@SyherMalik,Main b lahore se hun,0,2025-08-01T08:16:11Z,True
@darakshashaikh07,Mashaallah aapke pass bohot pyare family Orr pyare log hai ❤,0,2025-07-31T08:30:21Z,True
@BrothersThefunzon,Tayyaba logun ko ignore kren main bhi married hun r smjh skti hun k shadi k baad priorities change ho jati hain r yehi hmara mazhub bhi yehi sikhata hai and I'm also from Lahore,0,2025-07-30T14:10:58Z,True
@AdeelAdeel-y7o,Abhi aap bahut achcha karti hai apne husband ke sath time spend karti hai man baap ka bhi khyal rakhna chahie lekin shaadi ke bad husband hi pahla pahle husband hi hota hai maine apne shaadi ke bad Apne man baap ka apne husband se jyada khyal rakha to ab main main husband ko itna matlab Maine is baat se bahut kuchh sikha hai ki Apne shaadi ke bad apne husband ko hi pahle dekhna chahie man baap ko bhi dekhna chahie lekin pahle husband hota hai aap bahut achcha karti hai ki apne husband ko dekhti hai Apne bacchon ko dekhti hai maine apne man baap ke liye unki care jyada karti thi aur husband kitni nahin karti thi to ab vah mujhse bahut dukhi se rahte hain aur ham donon ke bich hamesha jhagada hi rahata hai aap aisa kya karti hai kya aapke husband itne Khush rahte hain mere husband to Ham donon ke bich to hamesha ladai hi rahti hai,0,2025-07-30T09:52:49Z,True
@ekhayadu6291,Mein india se hu aur hindu hu...fir b sb dharmo ka samman krte hu... aap ki video bhut ache lgte h❤,0,2025-07-30T07:10:50Z,True
@aishaahad6650,Thank you Tayyaba g. Love from Lahore❤,2,2025-07-29T07:46:52Z,True
@uroojmazhar4442,me b is hotel gi howi hon,0,2025-07-28T15:21:11Z,True
@Abdullahwaleed-xc9ip,Ap selfish ho,0,2025-07-27T16:36:48Z,True
@snehasingh9434,Aap bahot accha kaam kr rhe ho di aise hi lage raho ..aap kuch galat nhi kr rhe izzat me reh kr sb kr rhe ho. Kisi ki mt suno logo ka kaam h har baat pr bhokne ki ignore him nd u are so good 👍 love from India ❤,1,2025-07-27T08:02:11Z,True
@muznach672,Isky vlogs mein sarial pan he bhra hota hy,0,2025-07-27T04:41:38Z,True
@ShabanaNadeem-t9y,bht achi bht piyari ho ap Allah ap ko hamesha shado abad rakhy Zindagi sehattandrusti k sath apni family k sath amen sum amen 💕😘❤️,0,2025-07-26T23:00:37Z,True
@yolandademello4452,"Hi
 I am from. India I love your vedio and your family we love you, it's not about India or Pakistan first is we human being, sis don't be sad and you have a lovely family stay happy and blessed dear. God bless you and keep you and your family happy and healthy blessed",2,2025-07-25T20:18:27Z,True
@maheeniqbal2260,Bht acha restaurant hai n bht acha view b or khana n services b bht achi hain,0,2025-07-25T15:31:46Z,True
@areebaayan7736,Nafsiyati drama aurt hai yeh dekhawa krti hai shohar k paise ki waja se baap ko mou ni lagaya had hai iska husband mou ni lagata iski family ko,0,2025-07-25T03:52:16Z,True
@ambareenkhan2041,Salaam..I am from India...I have recently started following ur short vlogs...love them..love the way you talk...ur calm voice...all the mehnat u do...hats off to u..may Allah grant u more success and prosperity...May Allah keep u and ur family safe and happy always❤,6,2025-07-24T12:48:43Z,True
@NaziyaOsmani,Pardha bhi karo baji,0,2025-07-24T10:02:03Z,True
@shab8425,Apki soch aur apki walidein ki soch boht sahi hai Aapi jaise Islam me hona chaiye.. apko dekh k acha lagta hai ham b apke jaise soch rakhte Hain to Khushi hoti hai k chalo koi to hai Jo hamjaiso ko samjega.love from India . ❤❤,1,2025-07-24T07:35:39Z,True
@shabaherbalskincare739,Ap bahot achi lagti h apne bola Indian se pyar h mujhe bhi ap bahot achi lagti h,0,2025-07-23T20:34:32Z,True
@ZohaAhmed-ps9bp,I love haveli restaurant ma bhi badshahi masjid k samne table leti hun ink khane bht fresh hote hn bht maze k,0,2025-07-23T10:09:15Z,True
@mubiamodwala668,Junoon restaurant.. Inshaallah me pakistan aaungi to yha zarur jaungi..,0,2025-07-23T06:11:41Z,True
@MahakAzeem-jx8zt,Ma haha gai hu but it's too expensive,0,2025-07-23T03:04:22Z,True
@mahirakhan5900,Tayyaba ap hr rishte ko bahot ahemiyat deti h bahot achcha lagtah😊😊❤❤🎉🎉,0,2025-07-22T06:36:07Z,True
@AliOun-v5o,API es table pe mene bhi Khana khya tha,0,2025-07-20T07:39:06Z,True
@HinaRaza-x6o,I am from lahore actually lahore lahore ha ❤,0,2025-07-19T21:30:03Z,True
@hiraashiq3493,I also love this place and taste ❤,2,2025-07-19T17:07:39Z,True
@Maryaminuk,bashaq bohat achy hai lahore k log ma b lahore sy hi hon,2,2025-07-19T10:11:28Z,True
@mariyamirfan7440,Toba hai koi kisi ko kisi bhi hal mn nai chorta mugy to bhot hi pyari lgti ap hmeeeeeesssshha khush rahn ameen,0,2025-07-19T05:30:40Z,True
@dua_aur_dawa,Havali ka khana or view iz osm,0,2025-07-18T16:45:09Z,True
@sanjanaarenkar9702,"Ham apko India🇮🇳 se dhek rahe hai😍
Bhot acha nature hai apka and 
Apke kapado ki style bhot achi hai ....mast dhikti hoo app",0,2025-07-18T10:23:21Z,True
@ahtramAli-e3l,"Same AC masjid or SI hotel Dilli.Mein Jama Masjid ke samne, same yahi, location hai.Bilkul singh mein",3,2025-07-16T11:29:46Z,True
@oktv8122,Haveli ka khana bekaar hy,0,2025-07-16T11:24:46Z,True
@EjazAhmed-z3n,Omm hmmm kamazkam video bnatey huve to breakfast kertey huve dhang sey beth jati 😮,2,2025-07-16T09:39:41Z,True
@Masair-m7g,I am from lahore,0,2025-07-15T10:23:40Z,True
@naazkhan373,i am quran teacher,0,2025-07-14T17:18:52Z,True
@Zoya288z,"Atleast you got some love from Lahore, to tell you the truth i regret having kids with someone from there, when he decided to marry me as pure soul, after being in the relationship for more than 7years. He wanted to abandon us and i always was a house wife, when i did work i invested in a home, my earnings are very low and its not right to play around just for the reason because someone has decided to find someone else while in marriage. The least he could do was provide for our kids' food. Life for females is different. Most men don't want used goods.. but that's not the point. He knew i was from very poor and broken background with basic education in islam and academic. I feel i was unfairly treated and it caused us to live in more poor state. Its sad to say islam was not followed properly in terms of being a muslim husband and good provider. It was not met and i fell inlove for real whole i was being played frim young age till half of my lifes gone😢.. may Allah make it easy for sisters and brothers in this state and do keep me and my kids in duas, prayers ameen❤",0,2025-07-13T19:02:03Z,True
@khadijasaiyed8949,Hame bhi ap bahot acchi lagti ho . Hum bhi india se he,0,2025-07-04T06:42:20Z,True
@saba6051,Is hotel mai ham NY dinner kiya hai bohat acha hai,2,2025-06-26T23:13:27Z,True
@serrisketchmaker7396,Lahore Lahore hai ❤❤,0,2025-06-25T11:57:58Z,True
@yasmeenkhan-r7h,Allah paak apko our apki family ko nazre bad se bachaye Ameen hamesha khush rahiye 💖😊,34,2025-06-20T14:35:22Z,True
@nasirqureshi8803,The view of Badshahi Mosque and the rooftop restaurant near it looks like I am in my city Delhi (Delhi Jamia Masjid and its surrounding area),133,2025-06-18T22:50:20Z,True
@MithudadaDadau-h5s,Enjoy your life and ignore people who hate & troll you,0,2025-06-17T23:20:12Z,True
@KhadijatulKubra-ip2ic,Maa baap betiyon ki judaai par rote zarur hai lekin vahi beti apne sasuraal valo ku priority na de vaqt naa de to vahi maa baap daante hai yahi acche gharano ki nishaaniya hoti hai,0,2025-06-11T05:39:11Z,True
@SaimaAkbar-kt2ko,Lahore Lahore ha,0,2025-06-11T00:25:01Z,True
@ayushibhatnagar9255,Is it easy to go Lahore from India just curious to know I mean is it safe ? I really want to explore the food of Lahore one day,0,2025-06-06T21:18:02Z,True
@strangersthings7551,Karachi aaiye good food k liye,0,2025-06-06T07:37:04Z,True
@UzairAhmad-cq2nd,Please reply my comment my name is aiza israr I am your  big fan mujhe aapki baten bahut acchi lagti hai❤❤❤❤🎉🎉,0,2025-06-04T15:08:18Z,True
@mohdfurqan7223,Ap  Har  time makeup  karte ho kamal hea natural look ho na chahiye mere walda nea Aj tak kabhi make up nahee kiya or yade ap ne mere walda ka chehra dekh liya na ap dekhte  reh jayenge namaz ka Tasbehat ka Quran ki tilawat ka noor hea  or Alhamdullillah Dunyawi etbar sea ALLAH nea  mere walda ko har nemat dee heaa  pls sister ap bhot Gharelo izat dar log malum dete hea pls  Darood sharef ki tasbeh padkar  ap 40 Days karo or pher Ap key uper ALLAH key noor ki barish hoy gee inshaALLH Ap mere sister key tarah hoo mugh sea koy galte ho pls ap maf f kardegea mughe ap key volog bhot  achee hote hea ALLAH ap ke family ko hamesha khush rakhe,0,2025-06-03T00:05:00Z,True
@ainuladnan3106,Apko karachi jana chaiye...khane ka or maza ajai ga❤,1,2025-06-02T02:43:34Z,True
@shabishabi2927,Lahore wale kb se acha khana bnane lge chawal pe salan dal usko biryani bolne wale or acha khana ?? 🤗,0,2025-05-31T15:39:45Z,True
@MaryamFaizan-w2t,Mazay ka velog❤❤,0,2025-05-27T13:15:09Z,True
@yasirali6492,"mutarma ap ne karachi ka food nhn khaya jis din kha liya us din lahore ko bhol jaoo gi,",0,2025-05-25T23:51:01Z,True
@AshkaraKhan-mt7rx,Ye to dehli ke jesa view hai jama masjid wala 🇮🇳,1,2025-05-24T07:37:03Z,True
@ALPHA_KAIF_0001,Assalamualaikum Ham log bhi Indian hai aur aap ka video mashallah bhot accha hoti hai,0,2025-05-23T11:39:47Z,True
@arifqaiser4214,most welcome Lahore ab to aap aake Chali bhi gai FIR chale jaenge inshallah jaldi chutkule lagaiye Kiran love you Mrs Arif Qaiser Pakistan ❤❤❤❤🎉🎉🎉🎉🎉,3,2025-05-23T07:24:18Z,True
@samsidd6684,Yar mene pora Pakistan visit kr liya except lahore🫣 ab lg rha he lahore hi jao gi 😊,0,2025-05-22T16:15:04Z,True
@jafariqbal3625,"Yeah I went this place❤❤❤❤ it's so historic place 
Further more there is a great view on the top of floor bcz there is badshahi mosque❤❤❤",4,2025-05-21T10:29:40Z,True
@SyedRaza-k2w,Lahore Lahore hai..,1,2025-05-19T14:59:23Z,True
@rahilxcd,Lahaur ke kaun se hotel mein book karaya tha name bataen hotel ka,0,2025-05-19T05:34:42Z,True
@FareenaFarooq,Exactly betio ko phly susral shohar bchy dekhny prty hen or parents b isi m Khush hoty hen k unki betia khush hen apny husband k sth.,0,2025-05-18T08:02:12Z,True
@behuman3801,"You are enjoying your husbands family and you are acting that you feel fir your father
You want to out and have and not stay with your father and own family",0,2025-05-18T04:27:57Z,True
@shamakhan3121,Yess India ke log Kamal k hote hain ❤,27,2025-05-17T10:14:36Z,True
@MushtaqJindhawa,to ainda India hi Jake marna kuch bhi  bus views chaiye.....,0,2025-05-17T09:52:56Z,True
@RkShahab,Sb ap ko glt bolte he sb se phle apna ghr bache or sosral hota he maa bap peeche rh jate he,0,2025-05-17T06:48:29Z,True
@MaryamRana-r4u,"Yr comments waly log bhi na wo tou content k liye emotion card khel Rae the k “abba ko rota chor kr dinner py Jana para😂aur tm log such smj bethy 
Obviously wo dono families k sath achy se enjoy kr Rae ha don’t worry😂",4,2025-05-17T01:06:43Z,True
@venturefood,Don't listen anyone my sister focus your family and kids.log kise hal me jiny ni daty ❤,0,2025-05-16T23:32:41Z,True
@AsharHayat-e8k,Mne bi bohttt bar Khana khya Yaha bohttt tasty hai ❤,0,2025-05-16T21:11:15Z,True
@shorts555-m9s,Y tu monal ke trha restaurant ha,0,2025-05-16T03:59:44Z,True
@alvinaiqbalhussain4923,But lahore me wo bt nh.. Too much hot weather plus log bht ajb milty hain yahn,0,2025-05-15T12:59:15Z,True
@mrsharoon55,Lahore Lahore hi hai ❤,1,2025-05-15T10:40:52Z,True
@Ridagull7432,"Assalamualaikum 
Aapi apko dekh k bohot excited hoti hun, MashaAllah 
Main bhi isb se hun 
Allah pak sabko aisy hi khush rakhy ❤❤",1,2025-05-15T01:32:39Z,True
@sumairaibrahim4031,"Logon ka kuch nahi karsaty or beti ki zimmedari husband k liy hoti hai or jo beta hai wo apne maa baap ka khayal rakhe ya nizam ALLAH ne banaya hai to phir log q aasi baat karty hain, or abba to abba hain beti se dil nahi bharta un jesa to koi nahi❤",26,2025-05-14T18:06:52Z,True
@ateeqabatool6356,Bolny do Jo Kuch b koi bolta Hy. Ap loago ko Kiya pta k ab KO time dena hota Hy. Parents ager udaas hoty Hain to Kia susral walo Ka haq Nahi k UN KO b time dia Jaye,0,2025-05-14T08:11:37Z,True
@imtiazkhalid9124,Lahore Lahore ha❤,1,2025-05-14T03:08:04Z,True
@sinaanfaraz828,"Mashallah paisa ka sat fame or apno ka payer bhi ha. Or apni bahin , bhaiou ka payar anmol ha.... Allah ap ko khush rakhay.",23,2025-05-14T02:13:35Z,True
@shabanahafeez4825,Hotel name please?,0,2025-05-13T21:03:27Z,True
@MohdNaeemQureshi-i2p,Mako aap ka video bhot accha lagta ha ❤,0,2025-05-13T09:04:52Z,True
@BariraBibi-i5b,Bilkol parents to wo hoty hai naa,0,2025-05-12T14:49:08Z,True
@Anum_Faruq_13108,"I'm from Lahore, yes Lahore is so Beautiful..... 💫❤😊",9,2025-05-12T09:59:00Z,True
@Bashir-t1s,Apki video's dek kar bahot positive vibes ati hai Allah apko hamesha Khush rakhe..,3,2025-05-11T12:01:57Z,True
@mehrunnisachaudhary893,Ignore kiya kro ap logon kay fazool comment I recommend parha hi na kro,0,2025-05-10T03:20:01Z,True
@kokstar35,Apii your teal blue dress from which brand??,0,2025-04-23T10:57:35Z,True
@sanaadil8612,Hm bhi lahore k hein i love my city,3,2025-04-21T00:00:49Z,True
@rabiaumair304,Massahallah ❤❤❤ lovely family ❤❤❤,0,2025-04-20T21:54:53Z,True
@saimajafri212,Big fan of yours kiran Aapi❤❤❤  Love from 🇮🇳 India k log pyare hain but aap bhi bahut pyari hain or aapki aawaz bhi,2,2025-04-20T15:40:13Z,True
