﻿author,comment,likes,published_at,is_relevant
@nasimAkhtar-q9i,"Two kebab two paira one Roti one pairs Pasia News 🗞️📰 one Anna 
Jami from New York USA 🗽🗽🗽🗽🗽",1,2025-10-06T22:53:03Z,True
@Aliexplore786,Baba g ky brand par chapa parha tha 😅🤣 Punjab food walo ka 😂😅😅,0,2025-10-06T06:49:27Z,True
@bukka22,"Purani Dilli mein laal kuan area mein same aisi he kheer milti hai, ye kheer kam rabdi zyada lagti hai, bohot he zayekedaar hoti hai ye kheer",0,2025-10-02T10:27:45Z,True
@AbhishekVet03,Converted forgot their Hindu ancestry. Lahore is a city of God Rama's son Lov.,0,2025-09-30T15:51:02Z,True
@IWouldLikeToEast,sugary and salty products.,2,2024-10-27T01:11:19Z,True
@chefcookseverything.9173,"Please visit  Wraps N' Rolls Islampura, Lahore.",0,2024-10-13T13:32:24Z,True
@chefcookseverything.9173,"Please visit  Wraps N' Rolls Islampura, Lahore.",1,2024-10-13T13:32:24Z,True
@chefcookseverything.9173,"Please visit  Wraps N' Rolls Islampura, Lahore.",0,2024-10-13T13:31:57Z,True
@eandpmanagement,"Saqib Sahib , Do you eat sometimes food at your home or only in these city shops?",2,2024-09-29T01:44:09Z,True
@ranaarajput8650,Roghan kiya hota hai? Charbi and roghan mai kiya faraq hai ?,1,2024-09-26T03:22:59Z,True
@khizerbutt95,"Sakib bhai ap ki vedio ki hype mai special gujranwala sai aky taste kiya Lakin apnai kebab ki tareef reality sai ziyadah ki.

Overrated average experience @saqib mobeen",0,2024-09-19T22:10:27Z,True
@Allgenerally,Saqib apko dekh k ehsas hota aek ideal Muslim kesa hona chaye,0,2024-08-16T04:54:05Z,True
@sajidmunir864,"You should see the harvesting of pool makhana, it's muddy, it's messy and extremely labour intensive.",0,2024-08-01T21:19:49Z,True
@Yuureeŕrfff,Hazrat Muhammad SAW ki sunat pak khanay se pehlay metha khanay ki hay.,0,2024-05-18T23:22:51Z,True
@mirzahassanbaigmongol,Namak khane se pehle Khana sunat hai aur rizq o seht k mutailq bara faida hai lekin ye khane k bad meethe ka ye bas petoo kisam k logon ki apni ahadees hain,0,2024-04-07T11:56:23Z,True
@mirzahassanbaigmongol,Koi taste nahi ab is qulfi ka,0,2024-04-07T11:51:10Z,True
@ShaikhSahab-l7j,Assalamu alekum bhai Pakistan bilkul India 🇮🇳 jesa hae. Aap ke khana bhot lazez hote hae.,0,2023-10-07T14:14:18Z,True
@SayedDanishSadat-xs1xz,Namak wala bat bilkul apni sahe farmaya khuch Esa video banawo jis mai recipes be ho hot chicken corn soup ka be vip video or recipe banawo,0,2023-08-25T22:09:24Z,True
@iamontrending7543,"Sir pesy leky ap logon ullu na bnaen app, apny briyani king shadman ka ganda khana ganda food , bemar kar deya apny pesy alag zaya huay.",0,2023-07-18T20:41:56Z,True
@jonijoni8731,"saqib Bhai

eddan hotel
fortress sedeeam
McDonald's KY samny
please try it",0,2023-07-10T19:24:32Z,True
@kashafulkheir6102,Jo kebab mein  Roghan(روغن) ki baat ker rehy thy wo kya tha ?? Anyone?,0,2023-07-07T21:38:36Z,True
@IjazAhmed-v4b,thank you brother for showing me my lovely walled lahore.,0,2023-07-04T10:19:01Z,True
@HamzaFayyaz,Try Captain Cook Lahore Cantt,0,2023-06-26T01:49:15Z,True
@tahirnazir1773,jithon jithon muft khana ............ondhi tusi vdo bna daende o............,0,2023-06-21T20:48:25Z,True
@awaragard83,Aap ki video daikh kr yahan se kabab khane gae.magar mayoosi hui taste was not good,0,2023-03-03T17:20:02Z,True
@mohsinnazir9392,Looking very beautyfull and feel very tasty masha Allah,1,2023-02-05T13:27:56Z,True
@jamshedakram2430,"@RanaHamzaSaifRHS please make a video of these foods
Please please please",0,2023-01-17T11:20:05Z,True
@Naina8067,Ye kebab wale uncle first he jino ne mobeen bhai ko baat 0hi n0hi Kerne di,0,2023-01-02T08:27:39Z,True
@alimanisar1103,Assalamu alaikum  me apki mehman ban sakti hu mujhe pakistan dekhna h  kiyoki mujhe bhot  piyar h apni qum se,0,2022-11-20T15:23:54Z,True
@veer4720,m from india we love ur food brother & we indians don't hate u guys we r not ur enemies always spread love always remember non muslims r not haters,73,2022-11-14T19:04:27Z,True
@syedamasooma9068,Meinay in k kebab khaya h mujhe in ka ghost Jo y in kebab mein use kartay hain woh pasand ni aya r na hi kebab it nay achay thay jitnay saqib uncle tareef karrahay hain 😐,1,2022-11-04T16:45:46Z,True
@politicsreporter4247,Anddroon Lahore eating is eating a Donkey.,1,2022-11-02T20:38:20Z,True
@sumairaabbas7289,Sugar ki medicine achi hoti hain inki?,0,2022-11-02T09:42:46Z,True
@junaidashraf3217,Your funny comments in the video make your videos more interesting. Like diwar ki taraf mu kr k khana... great humor so far.,0,2022-11-01T20:24:20Z,True
@Sohailkhan.600,Assalamualikum bhai jan pahli dafa apki video dakhi dakh kr maza agaya bhai apka bat karny ka tariqa or andaz bohot acha hai🤗,0,2022-10-31T22:05:27Z,True
@kenwebb2655,You just pop up on my feed and thank good a good Lahore explorer really enjoyed it❤️❤️❤️ keep up saqib bhai,2,2022-10-31T05:07:32Z,True
@sikhtraveller8860,Pork  biryani best in Amritsar same like lahore,1,2022-10-30T16:10:18Z,True
@shaukatmahmood9086,"Zabardast, came here after watching Wildlens by Abarar. I like that you also rate hygienic condition as well, for me personally more important than the taste👍🏼",3,2022-10-30T08:52:16Z,True
@informativehub6677,Nend urha di Bhai bohat alla video aur khana h bus bohat jalde Lahore ka visit hoga ab,0,2022-10-27T22:21:52Z,True
@sachindixit8365,Nice Pakistan street food i love it,0,2022-10-26T11:03:33Z,True
@saabich9952,Aoa bhai mnny ajj jana h androon kindly best points knsay hn food kay kindly reply day dain specially hareesay kii,0,2022-10-26T09:10:29Z,True
@AmritPalSingh-my1wz,Mashallah bohot wadia nazar aa rahi ai 👌👌👌👌🇮🇳. Love you,2,2022-10-26T05:27:58Z,True
@atifrauf8701,"Mr. saqib. pls pls pls be fair in your vlogs.  I followed your kabob v log and I was much much disappointed.... and my friend told me , don't follow him , it seems Mr. saqib is working behind money and he is not fair in reviews",0,2022-10-25T20:41:17Z,True
@kk4744,Saqib Bhai agha saleem Tika shop ki b video bnao mugalpura lasaniburger wali gali,0,2022-10-25T19:56:15Z,True
@ennasheikh5130,Lahore Is Love 🤩😍💕 Proud To Be A Lahori 🤩😍💕💕,2,2022-10-24T23:12:26Z,True
@shancrockryhouse184,Bhai please come Gujranwala and enjoy nerala food,0,2022-10-24T18:17:07Z,True
@farooqrangooni3642,Lahori bud chodya D grade food. . third class taste.,0,2022-10-24T17:19:46Z,True
@akramarslan2828,"Bhai Jan , baba kulfi kabhi banti hoi ap dekho to phir kabhi hath nai lagao gai, or yahan khoya nai rus ka chora shamil kia jata hai. Jis se taste or bhi aala ho jata hai ,",0,2022-10-23T13:34:20Z,True
@umairsarwar8802,Vis kab shop ka aik Naam hay but ap dakhy kitny SADA hy ya andron ki Khalis boli hay inki our body languich bhi polite hay koi extra odnry bnwat nahi hay wah lahore,0,2022-10-23T09:39:30Z,True
@sohailusman180,"i hope meat is Halal
u know what i mean 🤪
donkey are vanished in Lahore",0,2022-10-23T07:52:16Z,True
@adibashahin6956,Purana Lahore aur us k khanay dekh k bohat mza aay kia bat ha Lahore ki,1,2022-10-22T23:09:34Z,True
@zakosman7685,Half of Lahore sell khotta meat 😀,0,2022-10-22T15:01:36Z,True
@alidon4424,Yahn to bhot museeb peson me chezin mil rin.,0,2022-10-22T08:25:07Z,True
@Faiza_Afzal,Public mai devaar ki taraf muun kr k khana ye to or b behtr hy 😂 khaty waqt bnda easy ho k khaa leta hy,0,2022-10-21T07:41:23Z,True
@shaypatrick2357,Kheer ko akhir may khana tha😁,0,2022-10-21T03:30:38Z,True
@aaqib_raza,Saqib bhai now you are my favourite food vloger.,1,2022-10-20T16:16:10Z,True
@alhidayah9117,I love inside Lahore ❤,0,2022-10-20T11:53:17Z,True
@ranaharis1374,Mashallah allah pak apko salamat bht achi lagi apki vdo or Lahore lohore ey.. 😊😊,0,2022-10-20T00:36:19Z,True
@azramalik4765,Iss shop k right side par lala ki roti ki shop hai..mera bachpan yaha guzra hai..Kamal k din thiey. love you Lahore,1,2022-10-19T20:56:58Z,True
@imranmoonis,Yarrrrr kabab khana hai idher se. I thought purana Lahore had died. Its still alive,0,2022-10-19T17:05:39Z,True
@TanveerAhmed-Vibes,We are family,0,2022-10-19T15:45:58Z,True
@malikzaman8087,Soooooooper kabab i m willing to taste them insha ALLAH  when ever i visit lahore.,0,2022-10-19T14:26:12Z,True
@kkbadshah7,sir please pin locations on google map... ab jo kbhi androon lahore nai gya woh kabab shop kaise dhunday,0,2022-10-19T14:00:48Z,True
@Abbas-mz2rk,Mashallah kya baaat ha ghar wallo ko kabi family bola na ho aur sare Pakistan jahilo 😅 family bol rahein bhai just for money ..,0,2022-10-19T12:41:37Z,True
@AbdulHadi-ms8of,Mitha hamesha khane se pehle khana  chahiye   bad mn khane se stomach upset ho jata hy,0,2022-10-19T12:06:28Z,True
@mohammadarslan1713,Jitni mehengai ho chuki hai na banda daal roti khane k liey bhi ro rha hota hai,0,2022-10-19T09:35:04Z,True
@Rememberme009,Khana bechanay walay k sath or waiters k sath baat nahi kerni chaheay q k us nay mask nahi pehna hota or boltay waqt sara thok us ka khanay wali chez per girta hae,0,2022-10-19T06:13:42Z,True
@darwaishsufi9727,I like your work brother. You are showing us classic food. ❣️,2,2022-10-19T06:03:50Z,True
@ammaryasir9982,Bohat ala videos hoti han apki. Mza hi ajata ha. Moo me pani b😋,0,2022-10-18T21:42:03Z,True
@wasifshabbir7059,mubeen bhai apke vlogs bhut ache hute kbgi jranwala visit kre apko quality food mile ga,0,2022-10-18T18:00:47Z,True
@Pak1947KHI,"I love Lahore....
Never been to Androon Lahore.
Hopefully aik din insha'Allah.",0,2022-10-18T10:44:37Z,True
@newnaatsindhi,Ahim point food rates hota he jisko ap cover kar rahe he good work,0,2022-10-18T09:40:20Z,True
@ChAslam-255,As usual nice and in-depth information about food,0,2022-10-18T04:12:40Z,True
@muhammaddar7336,Yum with watering mouth. I am from Canada. Insha Allah visit there. Good luck,1,2022-10-18T01:43:17Z,True
@SalmanSheikh-lr8fx,Ik request ha koi essence wali shop recommend kar dain lahore ki please mjhe bohat shouq ha lhr chakar lagta rehta ha I’ll try jo ap recommend karain g,0,2022-10-17T20:06:47Z,True
@SalmanSheikh-lr8fx,Saqib bhai rogan ka to taste hamain bhi agya ghar baitha 👍,0,2022-10-17T20:05:28Z,True
@UmarMinhas4121994,"Sunnat Nabi Saw ki wohi hoti hai Jo hamesha apnaye ho, arzi chez sunnat nhi",0,2022-10-17T18:29:02Z,True
@junaidjavaid8791,Khoto ki kami nai h lahore me🥲😂,0,2022-10-17T14:38:02Z,True
@peace1048,Mashalla seems nice. Makes me to go there and try all these foods,3,2022-10-17T09:11:30Z,True
@abaidullah9104,800 rupay kilo beef ho  tou phir 60 rupay mai tou gadhay ka keemay ka kabab he hoskta ha,0,2022-10-16T17:54:56Z,True
@toseefirepair8684,Molvi seedha meethy py para ha,0,2022-10-16T15:36:29Z,True
@Hassanraza9212,"6:20
Correction
HAZOOR S.A.W NE TARAWEEH BHI AIK HI BAAR PARHI THI, OR HAJJ BHI AIK HI BAR KIA THA... OR AESY BOHAT SE AMAL HAIN JO HAM BAR BAR KRTY HAIN, LEKIN HAZOOR NE AIK HI BAR KIA THA. PHR HAM TARAWEEH BAR BAR KU PRHTY HAIN?
PLZ SAHI GUIDE KIA KARAIN BROTHER.
ASAL MAIN ZYADTI HR CHEZ KI GHLT HAI",0,2022-10-16T15:22:10Z,True
@peace-up4oc,Mai khyber pakhtunkhwa se hu lekin jab bhi lahore jata hu tu waqai bohut pyar melta hai . Aur khano ki tu kya kehne .🥰,1,2022-10-16T14:43:22Z,True
@SheikhWaqar0497,AOA Saqib bhai thankew so much for sharing points for food lovers. Will try this kabab and karahi soon.,0,2022-10-16T03:03:30Z,True
@mueedabdul697,Apka bht Quality content hai . But Log pta ni kewn aesa real or quality content accept ni krty . Mery hisaab se ek wakt apky 500k hny chayeh thy.,0,2022-10-15T22:20:02Z,True
@shahmuradmuhammad6650,"Saqib bhai you need to go to nishat cafe lakshmi !!

Chanp taka tak
Gurda
Maghaz",0,2022-10-15T21:30:07Z,True
@ChArslan-o9r,Bhai g hmara cafe b expolre kra lord's cafe near ucp,0,2022-10-15T20:26:57Z,True
@omsh4939,At 16:30 the kebab guy wanted to give seekh to Saqib Mubeen,0,2022-10-15T19:51:57Z,True
@jijijiji6439,Khana khnay ply metha khana sonat ha. MAKKI HAJAZY SA SONA ITS ON YOUTUBE,0,2022-10-15T18:36:43Z,True
@hamzajan5996,Please give honest review. Ap k chakar ma pasa or time dono zaya howa,0,2022-10-15T16:55:36Z,True
@jawadahmad5607,Kutty ka ya khoty ka qeema ha jihil,0,2022-10-15T16:09:01Z,True
@awaisshahid8706,"Salaam @Saqib Mobeen bhai.. you are doing great work and i always love to watch your vidoes. Please make food vlog on best qeema wala in Lahore , bann plaster and chicken Tawa piece. I only know only best beef naan place in ichhra (five star naan shop).",0,2022-10-15T14:29:41Z,True
@mohdakmal2058,"Pakistani Lahore is comparatively same Indian city Delhi., Iam a Indian.",0,2022-10-15T14:22:21Z,True
@mohdakmal2058,"Now the Pakistani currency is low ,One Rs. Indian equal to3.5 Rs. Of Pakistani currency ,Indian currency mor than three time bigger than Pakistan, now in India Wheat flour atta price Rs 30 per kg.,",0,2022-10-15T14:18:49Z,True
@mohdakmal2058,In Indian currency half plate price approx.Rs.17 for half plate,0,2022-10-15T14:14:50Z,True
@drkamalakhtarakhtar6752,1967 main mai metric ki class  Pak Standard College mai evening class kay liye aata thaa aur us waqt baba jee khud rehri per moujood hotay thaay qulfi kay saath barfi bhe sale kartay thaay mai us waqt in say dono cheezay khata bohat maza aata thaa.,0,2022-10-15T14:04:37Z,True
@zakariarashel8964,"Sakib vaii I’m from Bangladesh 
I love ur food blog cz I’m a food lover 
Bangladesh jorurr anaa ❤❤❤",0,2022-10-15T12:44:16Z,True
@baljinderpalsingh1932,Bhaijaan kabaab theek se pakdhaa karen...kabaab kam aur kuchh aur jyaada lag rha tha....🤣🤣🤣,0,2022-10-15T12:25:35Z,True
@rajashoaib8793,Aoa Bhai AP ki video bohat achi Hoti Hain main AP ki video bohat Shok say dekhta houn Bhai humra b ek chanal hai cooking ka us ka name hai Cook Cure and Share plz Bhai is ki advotise kr dain mehrbani hai Bhai AP ki,0,2022-10-15T05:26:20Z,True
@naqashnawaz9071,BHAI MULTAN KA FOOD COVER KU NHI KR RHY 😢😬,0,2022-10-15T04:06:57Z,True
@nadeemakber1491,"Its not just food thats hidden gem, androon is a gem in itself.  Thanks for the wonderful exploration.",33,2022-10-14T23:54:55Z,True
@shujaatkhan7885,yeh kia gosht leta ho ga isay yeh nae pata k champ kahan hoti ha aur ran kahan :D,0,2022-10-14T21:54:08Z,True
@faiz.rasheedrasheed6069,Abkari Road anarkali par ata wali pori tari kari ya ga zaroo,0,2022-10-14T20:29:08Z,True
@zainjanjan4648,Salam saqib bhai plz ap jo mic use kar rahy hyn  s ki price or model kya hoga kindly zaror batayen thanks,0,2022-10-14T20:16:09Z,True
@shahidbali,I m your big fan i m form south africa,0,2022-10-14T20:05:53Z,True
@tasteandplace5480,Kabab wala banda asal androon lahori hy sahi khana banane wala,0,2022-10-14T18:38:11Z,True
@VillageTV,Lahori food 🍰🥝😋,1,2022-10-14T17:54:02Z,True
@TruthisLIFE-tf9xr,"I'm from Small Town in India....
Pure ghee Sweets are 350/kg 
And my Fav is Ajmeri Khavva....",0,2022-10-14T17:22:03Z,True
@informationvideos5193,Masha Allah G Mubarak ho 100k Yummy Food 😋,0,2022-10-14T12:31:01Z,True
@muhammadwaqar7829,Congratulations Saqib!  May your family grow like Pakistan’s inevitably growing population 😊😅,5,2022-10-14T12:18:26Z,True
@buttsully0079,Kbab k Sath sqqib bhai AP ki video b bohot awla👌,0,2022-10-14T12:05:56Z,True
@chandbhai7442,Congratulations  bhai for  100k or ap ny bilkul theak kha hmary nabi  to 3 3 din k faky  sy hoty thy,0,2022-10-14T11:39:06Z,True
@Quransays58,Saqib bhai ap samanabad gol chakkr k pass Al Khair ki sajji b try krain or review dain plz zzz 💤,0,2022-10-14T10:22:59Z,True
@Umerikram-lh5dq,Dehli gate key ander beef tawa kabab bi hai wo b bohet purani shop hai suba 11 sey ley ker raat 9 bajey tak hota hai jis din naga hoi machli key kabab hotey hai,1,2022-10-14T02:51:05Z,True
@Umerikram-lh5dq,Bahi shabo halwa puri ka b betya tha aap  dehli gate key start mey chay ki pati wali shops key pass jameel chney waley key pass jay wo b bohet purani shop hai mutton chaney b hai or jis din meet ka naga ho toe chiken chaney hotey hai bohet zaberdest taste hai,0,2022-10-14T02:37:29Z,True
@hardeepbrar8131,Looks like leenda (kebab),0,2022-10-14T01:53:32Z,True
@dirtyjeans76,Great video bhai make video on Naan (Qulchas) best qulchas in lahore thanks,0,2022-10-13T23:13:20Z,True
@ahsankhan248,"Congratulations 🎉❤ Saqib bhai, stay blessed with more success. AAMEEN. I am so glad to see you at the place which was near to my residence Rang Mahal. Missing Lahore😥 Love you❤",9,2022-10-13T22:43:59Z,True
@usmanlodhiusman9655,ma sargodha sa . ap na sargodha k food ka sahi haq nhi ada kea... khair ap lahore k defrnt hotles k buffet covr. krn,0,2022-10-13T22:09:04Z,True
@Aneesabuledi07,Bhai me apke sary video dekhti bht ache hote hai mashallah,0,2022-10-13T20:51:25Z,True
@hariskhan6001,Mobeen bhai very nice food com to shahdara lahore welcome,0,2022-10-13T20:38:56Z,True
@rezwandilawar,Saqib Sb. Mori gate mein Siddiq sweets hai. Best barfi nd paira Gajar ka halwa of Lahore. Must try it.,0,2022-10-13T18:30:40Z,True
@azeemdaewoo7082,congratulations Saqib Bhai. Love your content alot. Very few vloggers I trust in terms of TASTE. You are one of them. As I try to experience all those places that you show.,5,2022-10-13T17:52:40Z,True
@Zayduo,as SALAAM O ALAIKUM saqib bhai great videos aap se ek baat pochni thi .. ap itni jaga ka kahna kahtay hain kafi sari dishes .. aap ka pait kharab nhe hota .. agar hota hay to usk liye kia karte hain :) rehnumaye farmaye pls,0,2022-10-13T17:38:49Z,True
@goharwajid4286,"One of the best kebabs in Lahore. I used to eat there from 1980 to 1994. The old name of the shop was Haji Abdul Latif Kebab Shop. Then the father of Umar, Mr Abbas took over. There used to be Naan shop next to this shop. Time has changed but the taste of the Kebabs remain the same.",15,2022-10-13T17:13:37Z,True
@girishbhardwaj798,"Hey saquib,
Lahore is nostalgia 
We are Bhardwaj 1947 migrated from Lahore
Nice people 
Your videos i watch 
Nice people good hearted 
Humanity education nicely presented 
Hassan nisar i respect n follow 
Saquib good going",14,2022-10-13T16:17:56Z,True
@mirali7466,"Brother malai ni hota 
Balai  hote hai
Kese bhi chez k uper jo laher hote hai us ko balai  kehty hai",1,2022-10-13T14:41:31Z,True
@samadkhan8235,Saqib bhai congrats on 100k i was desperately waiting for ur 100k cuz u r doing great job and i used to watch most of ur videos,2,2022-10-13T14:28:39Z,True
@mominmansoorvlogs,"Ma Sha Allah! Bohat achi aur mazze ki video banaaye hai. Kebab, karahi, kheer aur baba ji ki kulfi, sab hi kemaal ki cheezien thi. I wish I could meet you but mein wapis USA a gya huwa hou. So phir kabhi sahi in sha Allah. Kher..great video thi as always. Apna bohat sa khyal rakhiye ga. Allah Hafiz 👋. Stayhealthyandbesafe 🙂.",0,2022-10-13T14:15:52Z,True
@ahmarhafeez4201,"Asalamalaikum brother.
TU pher app kee taraf say KHAPA Hoga.

Ahmar Hafeez Pakistan Lahore Karachi
Biryani wala",1,2022-10-13T14:08:06Z,True
@StreetFoodSection,"Lahori khano ki bat hi alag he, Saqib bhai Karachi aen apko chatpati Biryani khilate hen 😜",0,2022-10-13T13:58:10Z,True
@34umer,very nice and yummy vlog and congrats for 100k... keep up the good work...,6,2022-10-13T13:40:57Z,True
@hasanrana9167,"Plz advise jedda lassi to give lassi in steel or copper glasses. Who told him to give lassi in plastic glasses. We like steel or copper. 
Or he can give lassi in both plastic and steel or copper glasses and let the costumors decide what they take.
He can give in plastic glass to those who want take it to home or far away from shop. But those who want to drink lassi at shop they must get steel or copper glass like it was before. There is no taste or swag in plastic glass.",1,2022-10-13T13:34:42Z,True
@ahsyed1830,"Saqib bhai i have a recommendation - there is a kabab maker at mcleod road, just opposite to Lahore hotel - the unique thing of that guy is that he makes kababs on a grill and does not use SEEKH - but his kababs are out class.  If you can cover his kababs, you will love them of course.",9,2022-10-13T13:31:30Z,True
@ahsyed1830,congratulations Saqib - best wishes and prayers for your success.  Insha'Allah you will cross one million family members soon 😁,9,2022-10-13T13:25:26Z,True
@mujtabasba,Jab apne ne karachi walon k sath jab VLog banaya to usme aapne khud khedia k bhai Karachi ki khane zyda behter hain to Ap ko itni mirchain q lagin jab Moin Ali ne wohi baat khedi.. Hairat hai bhai....,1,2022-10-13T13:21:36Z,True
