﻿author,comment,likes,published_at,is_relevant
@roohishahid4635,I make better karhayi home compared to butt karhayi,0,2025-04-17T03:05:12Z,True
@abdurrahmanyusuf3281,Which place in Lahore are these,0,2025-04-08T10:13:15Z,True
@suciloy93,"What is the first one? This is a beef tendon? 
Sorry i'm from indonesia, i don't understand pakistani language, By the way my boyfriend also from Lahore, i love Pakistan 🇵🇰",0,2025-02-10T12:04:13Z,True
@RizwanaKazi-i3k,MashaAllah Bahot Aala mere bhai❤,0,2024-12-02T18:14:50Z,True
@muhammadowaisshaikh3764,"Bhai Lahore main Kuch khane Ka nhen hai 
Allah ke waste paye aur chane dhika kr Apne aap KO foodie mt Kaha kro",0,2024-11-15T18:51:02Z,True
@siddharthkumar7140,You should be banned from putting such types of video as I cannot have such types of delicious food from India.,0,2024-10-09T14:43:11Z,True
@ayushmangarments5818,Lahauri bhukar hote hai kya.,0,2024-09-23T03:16:20Z,True
@AhemadHussin-v1s,Mast ❤ mast food,0,2024-09-20T13:12:56Z,True
@rihan2433,"Dont say Bohot Ala, because this means the Most High, and this quality is only for ALLAH not any other things",0,2024-09-19T16:43:53Z,True
@Usmanahmad-t2e,Welcome Lahore Daud  kim ❤,1,2024-09-14T15:01:47Z,True
@meeranchand2970,"Oh... I may come to Lahore from newdelhi ,the way you telling about these foods ❤",0,2024-09-08T13:41:20Z,True
@gulamkhan9619,Bhot aala aadil bhay,0,2024-09-07T19:01:18Z,True
@zeeshan_zahid,"But karahi unhygienic hai,,, na chicken ko sahi se saaf kar'te hain or na hi sahi se dhote hain... Or chicken se smell alag se aa'rahi ho'ti hai...",0,2024-09-05T17:05:23Z,True
@zubairqureshi7532,Amazing food 😋,0,2024-09-04T16:18:41Z,True
@BanujahNoor,Mai b khana chahti hun mgr kaise kha skhti mai Pakistan kaise aawoun,0,2024-09-04T11:23:07Z,True
@qamrunnisasayed6429,"Great experience you are going through, America, London, dubai and directly  desi street ❤😂",0,2024-09-03T10:23:45Z,True
@WasimKhan-lt3tq,"Muh...mai Pani aa gaya chiken kadai dekh kar 
Aaj waise khana nhi khaya",0,2024-08-29T08:01:57Z,True
@abbaskhanniazikhan5435,wow that's wonderful Lahore zindabaad ❤❤❤❤❤❤❤❤❤❤❤❤❤❤Daata SAB ke naggree zindabaad  ❤❤❤❤❤❤❤❤❤❤❤❤❤❤❤,2,2024-08-20T18:25:14Z,True
@ArshKhan-nm2zz,Cheers karne se khana haram ho jata hai I thing mene suna tha,0,2024-08-19T12:16:30Z,True
@ANGRYRANTMAN-69,Love from india...I really hope someday m gonna try all the delicious dishes especially jedda lassi,1,2024-08-17T23:45:44Z,True
@SG-SAHIB,Bhot ala ❤,2,2024-08-11T04:44:21Z,True
@ali-nn3bu,Bhai hum to India se hai yha to ye jaayeka.     nhi milta jo milta hai wo mitti me tabbdil hote ja rha hai,0,2024-07-29T17:27:46Z,True
@IqlasBogadi,Bhot Kaala 😂😂,1,2024-07-05T17:08:46Z,True
@SuperShami001,Swad a Gaya bhashan,0,2024-06-16T20:37:34Z,True
@golubaghel2185,I love Pakistani khana,0,2024-06-13T13:47:42Z,True
@anilgamers5214,Lahore ma bass korma kulcha bana ya ga aur kuch nhi bana ga in sa apni bike bana la pala,0,2024-06-12T15:30:50Z,True
@ShaziaBegum-l3y,I am Indian but I want to must visit Pakistan because of Pakistan food,0,2024-05-18T06:45:26Z,True
@d4designer214,Bhot aala par aap itna sab khate kese h😊,0,2024-05-16T17:42:58Z,True
@Berojgaar-s4d,Pani itna jada kyun dalte hai khane me🙄 bhai isse Tasty khana Hindustan me Banaya jata hai😋,0,2024-05-11T06:59:07Z,True
@anish2884,Bhai tumhe bohot gunah padega tum akele akele kha rahe ho 😭😭,0,2024-05-06T12:55:15Z,True
@vibhashbhandari5905,"Divided by border
United by food",0,2024-05-02T09:15:48Z,True
@salmanraza9019,Bhot alaa 😁,0,2024-05-01T09:23:44Z,True
@PizzaExpresso-m1k,Lahorei to pura Pakistan kha gae to fir ye kya chiz hai😂,0,2024-04-30T08:02:48Z,True
@mubasharhussain5466,Bilkul fazool taste hai paya ka,0,2024-04-22T17:23:57Z,True
@aarifmehmi9663,So.... delicious. Love from Punjab India.,0,2024-04-20T15:40:31Z,True
@Vittikabajwa,Mashaallah u r more alla then food ❤,0,2024-04-19T19:28:36Z,True
@nikitakapse5946,This much money you have😂,0,2024-04-19T10:39:20Z,True
@junaidmehmoodmusic,Baqi 2 ka pta nhi butt jeda lassi fazool tareen hai. Ye lassi ki insult hai. Mai isko lassi smjhta ee nae. Sirf dahee ko ghool kr pila dta h ye. Na milk add krta h na pani. Mjy bakwass lgi ye lassi. 😅,0,2024-04-05T02:29:02Z,True
@Pakistanirajpoot8375,Jeda lassi wala 2 number ha jnb ma wahi rhta hn us Kal Desi ghee b 2 number ha r lassi ma b chemical milata ha jnb NHI yaqeen tu la dekh lo,0,2024-03-30T20:03:23Z,True
@serajahmad5412,I am india. Ek bar Pakistan aana chahta hu maje se khana khaunga,1,2024-03-30T09:26:15Z,True
@Foodera123,Yummy 😋 From kpk ❤,0,2024-03-23T06:08:48Z,True
@MudassirIlyas-g1q,Price of butt karahi,0,2024-03-22T11:18:42Z,True
@foodandhealthwithhaseeb1516,"But karahi itni tasty Hy k 1 bite tak ni Khai gai .
Ilyas dumbba karahi is say bohat byhtar Hy .",0,2024-03-20T18:23:04Z,True
@kittoo16,Hum ne kaghan mei butt karai kai thi us ki baaad saro ki pet mei dard hua bohot fazool hai butt,0,2024-03-20T11:51:20Z,True
@tanishqkamle1090,Kam se kam 60000 rs to bill Aya hi hoga 😂,0,2024-03-19T12:01:39Z,True
@mr_abrar_es,Har bandy ne khai hogi Kiya Mtlb? Pagal to nhi ho tum ? Hum to Karachi Se hai or handa Banda LAHORE nhi rehta Bewakoof,0,2024-03-18T16:23:12Z,True
@NazirAhmed-wi1dd,pr akal taki ke nhe lahore mi biwakuf,0,2024-03-17T14:43:15Z,True
@MRBEASTFANS214,Jada lassi wala kamal ha,1,2024-03-14T09:27:03Z,True
@Bilalgamingff258,Sir mena try Kara hai bhot testy hai😊😊,0,2024-03-03T13:30:50Z,True
@s.s.z.z6580,Asli butt karahi laxmi chowk pr ha ya temple road pr ?,0,2024-03-02T14:13:52Z,True
@yunusahmedbelif4444,"Exactly bahut alaa,,,,lekin indian food jo hai saare duniya se alaa hai,,,are bhai hamare hindustan ke street food  me ek bar khaoge to bar bar maango ge,❤❤❤❤",1,2024-02-05T10:14:18Z,True
@VikramSingh-dm6mj,"Lahore ka kyo dikha rahe ho India ka dikhao ,inko kya aata hai, har shahr ki gali gali mai chakkar lagaao ,pata lag jayega ,kaun aisa hai jo chicken / mutton khaaney lahore jayega. ?",0,2024-02-01T07:23:06Z,True
@ytzsahil,Kabhi khaya bhi Desi chicken 🐔 poultry ka chicken khake hosiyar banta,0,2024-01-30T16:36:34Z,True
@SR1960Ch,Pakistanis non veg khane main sur banane main sabse aala hain.... delicious... amazing...,0,2024-01-22T04:21:29Z,True
@mishikhanfamily490,Boht Alla ji khas toor par jeda lassi❤,1,2024-01-18T19:28:59Z,True
@qamarunnisamohsin1933,Lahore Lahore hy 👍👍,7,2024-01-11T23:29:19Z,True
@zafranzafrannoor1148,Good peya lassi butt Karachi😢🎉😂❤,1,2024-01-09T19:45:41Z,True
@mahmoodaibrahim2535,Kis chez k paaye he q k Lahore ka koi bharosa nhe😂😂😂,0,2024-01-03T19:02:24Z,True
@SufiBhaiVlogsz,Bhai karachi Ao agr Kuch VIP khana Hai Too😂,0,2024-01-02T10:26:38Z,True
@rupeshthecursivewriter8868,Veg k lie to lassi hi thaa😂👍👍,1,2023-12-30T11:58:29Z,True
@husanihusani7379,bhot ala ❤❤❤❤❤,0,2023-12-26T04:18:21Z,True
@uzairahmed2185,overrated food zone is lahore.,0,2023-12-25T12:23:15Z,True
@SANJAYKUMAR-nz8yd,lassi bahut shandar hain❤,2,2023-12-24T11:44:40Z,True
@riyazahmedqureshi,Definitely bohot aala,0,2023-12-23T05:51:13Z,True
@MahiMano0070,Ap foody vloggers k sath model b lagte hain bohat awlaa,0,2023-12-21T17:24:21Z,True
@samreenfatma7868,Bohot alaa 😋😛😛😛😛😛😛,1,2023-12-21T14:58:37Z,True
@Ashfaq9019,Bs khana hi ata h hum muslims ko..... Baki sb foreign se purchase krenge.....😂,0,2023-12-21T08:47:32Z,True
@JugalKishore-k3z,LAHORE Me Panni Bechhtey Hai.Logg Bhi Panni Peeney Ke Liyye Aattey Hai.,0,2023-12-19T14:27:01Z,True
@syedyusrahasan899,Bohot aala ❤,0,2023-12-17T18:09:30Z,True
@kaneezemustafaofficial786,Desi murge ko to uper se hard skin hota h pr ye to broiler chicken h jiski skin hoti he nahi h,0,2023-12-17T15:57:14Z,True
@waqaraziz6716,Aap ki choise ka patta chal gya bhai . Jo bnda jedde ki gandi taraki hui khujli wali lassi pi sakta hai na . Wo yakeenan gand hi khata hoga . Keep it up,0,2023-12-15T12:36:31Z,True
@Microstar5656,Paiye...... bohot tasty,0,2023-12-15T11:19:30Z,True
@Indianfoodvlogs9,Bhai MashaAllah good. Mein bhi food vlogger hoon..,4,2023-12-14T17:48:04Z,True
@Omkapoor-g7x,bahot Aala bhai jan,0,2023-12-14T14:42:43Z,True
@HafsaAmanat-wf5bc,Bhut Aala delicious,0,2023-12-13T10:25:21Z,True
@bhagirathgoswami3163,Jede di lassi k bare me to hamne yaha india me bhi suna he .... Kabhi possible hua to pakka lassi pine ayenge😅,0,2023-12-12T15:04:48Z,True
@akhlaquekhan449,"Assalamu walaikum kaise hai Bhai 🙂 Hum india se hai, Apki video kafi Beautiful sunder Hoti hai 🙂😂❤❤❤❤❤",0,2023-12-10T16:29:38Z,True
@Adnankhan-hm5yg,Lahoree 1 jaga baithay huy hoon aur Shahi Mohallay ka ziker na ho to yay ho hi nahi sakta 😂😂😂😂😂😂😂,0,2023-12-08T09:38:25Z,True
@muazbutt5512,Walima house restaurant,0,2023-12-07T07:31:08Z,True
@galibhasan4110,Bahot Aala 🤍Love from Bangladesh 🇧🇩,5,2023-12-06T20:12:43Z,True
@thebustle6865,Lahoriyon ny to khota b ni chora khoty kha kha k patwari ban gaye or pta e ni chala 😅😅😅,0,2023-12-05T06:57:55Z,True
@ghulamhadi7655,no one beat karachi food biryani,0,2023-12-04T13:35:18Z,True
@SubhasBera-fl4qb,Mere India Lucknow me ise badiya chikan banta hai aur idhar ki lashi bhi sasti aur itni badiya huti kya aala❤❤❤,0,2023-12-04T03:24:10Z,True
@Nomadiclifeenjoy,Bhai ...aap kuchh khana garibo ko bhi khilado..,0,2023-12-03T08:46:17Z,True
@Hassanfx-o3h,Butt Meri howi murgi dal k bechta,0,2023-12-03T00:53:19Z,True
@lenzbroken344,Waris ki Nihari kaha hai list me,0,2023-12-02T17:28:33Z,True
@Gauravsharma-gz5zi,Tum mote nhi hote,0,2023-12-02T17:02:22Z,True
@sahnawajshaikh6392,"Masha Allah
Bahot Alla",0,2023-12-01T16:46:52Z,True
@anishraj3867,Lahore ko lav aur kush ke dawara basaya gya tha.....jo ram ji ke bete the ....par owahan ab ye sab ho raha hai....😢😢😢,0,2023-12-01T05:50:05Z,True
@The_--_Gamer,"Bhai sahb kabhi Desi murgha khaya?
Woh Desi ni tha so please stop mis guiding 😊",0,2023-12-01T05:04:06Z,True
@sujitin5127,"If talking about food it's always awesome but how you describe about your food is really heart warming ur cultural accent is really very good especially when you talking about your own food.
god bless you JAI HIND love from INDIA",8,2023-11-30T19:39:26Z,True
@guyfromassam,Temple road 😞😞😞 tabhi ma bolta hu bharat ko  hindu rastriya hona chaiye,0,2023-11-30T17:01:35Z,True
@Atif-jf7yq,Hay sir name is butt,0,2023-11-30T09:18:41Z,True
@Sk_editz-f2k,Daud Kim ke saath lassi 😂,0,2023-11-28T19:34:20Z,True
@ZubairAkbar-tb7kp,Lahore Gand be bht marvata ha,0,2023-11-28T18:21:42Z,True
@Desimomligevlogs,Lahori food is famous,0,2023-11-27T19:58:20Z,True
@zohaibmehtab3657,Butt karahi I try in Lahore Ghadafi stadium. That one is so heavy.,0,2023-11-27T13:52:37Z,True
@NelsonStanley-b4s,"Bahut bahut Aala.I am a great fan of your from mumbai India.
 I have aDream to make Pakistan ( cities of Pakistan ) as food destination for yourist from all over the world.Seriously.You shouls consider it discussing with political people in power or Tourism corporation of Pakistan.Pls do because I love Pakistani food.❤❤❤❤",0,2023-11-27T09:18:45Z,True
@TomJenny-u6q,"I have watched a lot of food videos, all kinds of food videos, whether non-vegetarian or vegetarian. One thing everyone has to accept is that Pakistani food is prepared very cleanly whereas Indian food in very unhygienic way .",0,2023-11-27T04:51:36Z,True
@asmakamran8667,Yes so tasty to good 👍,1,2023-11-26T20:12:53Z,True
@_saima1122,Bohat aaalaa. Khana b aur adeel bhai b😊,19,2023-11-26T18:17:09Z,True
@sultansvlog1284,Khotay ka gosht 🐂,0,2023-11-26T17:37:04Z,True
@ibrahimbutt556,Keetu butt 🙌,0,2023-11-26T17:06:06Z,True
@sangeetamadhwani5924,Mujhe bhi bahut Pansh hai food but aabhe diet Diya gya hai,0,2023-11-26T16:17:38Z,True
@sonakshidhawan8239,"From_Agra__Up_INDIA_Dr, Sonakshidhawan and Dr, mohd, RA Khan-Rabbani-mashaallh_Bahut Ala",40,2023-11-26T13:22:15Z,True
@musabsami58,Bhai itne bade vlogger ho india se big fan hu sawat par bulaao ❤,1,2023-11-26T11:05:50Z,True
@MuhammadAhmedAli-sk2cm,"Mry sary dost brgr ha 
Ma unhy androon ka khta wo KFC Mcdonald ly jaty h😂",0,2023-11-26T10:11:21Z,True
@Musa-y2h,Nice video 🥰 and yummy food 😋😋,1,2023-11-26T10:03:30Z,True
@sonikumarsingh8570,Bhi main bhi bighal jata hun..,0,2023-11-26T09:45:01Z,True
