﻿author,comment,likes,published_at,is_relevant
@hashimagha3831,jis tarah ki harkatay kar rahayin hain lagta nahi hay ke mutton hay or wo bhi lahore me,0,2025-08-19T09:57:26Z,True
@Talkingeyes11,watching your video from Canada and loved your video very well made and explained and of course the food is yummy may Allah give lot of success to your work and keep you both in his blessings Ameen,0,2025-08-08T17:16:29Z,True
@UsmanGani-b1u,Tell this idiot to eat things properly or leave  food vlogs. Insulting delicacies of pakistan .,0,2025-08-06T09:11:29Z,True
@MandeepSingh-Mrdee1984,Sada lehnda punjab 😢 kaash border na hunda asi sidha lahore tkk jande ghumn,1,2025-04-16T16:17:55Z,True
@emperoruler,"Donky Paye"" Paya😅 enjoy very Hard energy😂😅",0,2025-04-05T09:15:41Z,True
@emperoruler,"Watch out meat"" khota"" is halal😂😅😂who say Haram😂khote",0,2025-04-05T09:14:43Z,True
@chandanaadvani935,Kitni gandagi hai lahore mei,0,2025-03-12T10:30:30Z,True
@MexiHoney17,"Yum! Watching from California, US 🫶🏼",0,2025-02-03T10:39:45Z,True
@ijazarif1883,Lahore Lahore ay … oh bhai Lahore has very ordinary taste. Lahoris just eat. When it comes to taste you can’t beat Karachi ….,0,2025-01-20T03:24:59Z,True
@meow_op,Amazing but lassi walo ko gloves use krne chahiye😊,0,2025-01-06T06:18:01Z,True
@muhammadfaizan6840,"You both are amazing guys❤❤❤ 
WELCOME to Lahore Abdul Malik Fareed bhai...  

Stay Blessed❤❤",0,2024-12-11T10:04:30Z,True
@vijaysingh-dr5ke,Yesa khana setano ka hota hai insano ka nhi aapka beta aydh aaya kisi ka beta kha rahe ho usko bhi dekho😂😂😂,0,2024-11-28T10:47:28Z,True
@ScaryharrY001,Pak hai to india ke hi jeisa.. divided by borders but also united by food and music… india ki taraf se bahut sara pyar ❤,0,2024-11-26T06:20:49Z,True
@meergaming15,150 sall pakistan ko bh bany nh hoy lahori street food khn sy aya😂😂😂,0,2024-11-05T16:06:37Z,True
@AliShikra-j6x,Bhi mera Hotel bi visit kare,0,2024-10-29T14:51:59Z,True
@AliShikra-j6x,Bhi mera Hotel bi visit kare,0,2024-10-29T14:51:42Z,True
@aleemanwar2156,What you are eating is not only unhygienic but also very detrimental to health because of high cholesterol and unsaturated fats.,0,2024-10-27T14:56:09Z,True
@FaraattaTv,Lahore da food 😍🔥,0,2024-10-27T03:31:31Z,True
@AshfaqAhmad-g6l,I miss Lahore,1,2024-10-15T17:06:52Z,True
@MR-mw4cy,"The worst part of Pakistanis foods are like north indians, they using bare hands to handle and prepare the foods 🤮",0,2024-10-14T05:12:29Z,True
@Sheisgamer...,Ab idr khara nh howa jata itna rush ho gia or inka rawaiya b bdl chuka,0,2024-10-10T12:16:40Z,True
@rajuprasad9282,Guys this Raju from INDIA (Delhi )🇮🇳  and I Love ❤ Lahore Chane kabhi mujhe agar mauka mile too mai jarur aap logo ke sath Lahore Chane khana pasand karunga 😋,0,2024-10-06T18:02:34Z,True
@RoamwithStrom,iam from maharshtra india...nd i just love pakistani street food...,0,2024-09-11T08:29:18Z,True
@MohAzam-m4h,Jayday ki lassi is moved,0,2024-09-10T17:18:29Z,True
@MohAzam-m4h,I like da road because in summer we get little road flavour in food,0,2024-09-10T17:16:22Z,True
@ForbesAquaguard,Lahore Hindustan ka hissa hote hote bach gaya tha division ke time pe 😢,1,2024-09-06T02:41:10Z,True
@AndroonArcade,If you visit androon again then try Channay of Desi Murgh outside bhati gate Opposite of Jazz Frenchise,0,2024-09-02T14:48:54Z,True
@crackstudio2434,Bhai .....India me aisa breakfast kyun nehi milta,0,2024-08-31T16:54:43Z,True
@saadhuphoenix-lj5nc,❤❤❤❤❤ from indian brother... mashah Allah... love Pakistan food ...,0,2024-08-29T09:28:13Z,True
@montibhai8208,On the name of food only meal of innocent animals,2,2024-08-11T05:42:25Z,True
@SujitKumar-cs5ul,Lahore se accha to hamara city h,0,2024-08-10T17:31:49Z,True
@gurvinderbrar593,Gandi nalli ke upper kaisa feel hota hoga ye log hi enjoy kar sakte hain,0,2024-08-05T16:17:20Z,True
@hussainahmad5900,Jeeda lassi ♥️,0,2024-07-15T01:24:53Z,True
@Kumar-g3b,Chod mara Lahore after 15 Aug,0,2024-07-08T10:35:21Z,True
@Mr.Salman_Pathan,31:02 😣 Bhai thoda Hygiene ka khyal bhi krle,0,2024-07-07T14:54:04Z,True
@subhamshrivastava4916,"@1:14 Government Islamia college was once DAV college Lahore before Partition 🥹, It was one of first College by DAV fraternity",0,2024-07-07T13:44:59Z,True
@waqarbutt449,Oh Bhai khaey hyn saleem butt k mutton chanay full thandday chanay hotey hyn Bhai g,0,2024-07-03T01:02:50Z,True
@coolguyashu20,Itna ganda sheher hai lahore...log bhi jhantu hai,0,2024-07-02T18:54:49Z,True
@coolguyashu20,Itna jhantu lahore sheher hai,0,2024-07-02T18:54:11Z,True
@nabiahmadjutt,Main Gujranwala sy hoon lekin Saleem butt ky chany khany hain aik din insha Allah,0,2024-06-24T01:48:40Z,True
@seekfortruth4979,"I tried jaida Lassi once after all these vlogs let me tell you my experience too,
The top layer on the yogurt is always exposed and this shop is on the side of the street. All the dust, dog and donkey poo, flies,and you guys just saw a tractor pull a trash trolley right in front of this shop. Everything flies up and falls on top of this top layer of yogurt(malai). Second the guy who mixes it with the wooden spoon is mixing it along with all the previous dirt he already mixed in there. I had severe food poisoning for a week had to he hospitalized after this. So if you are not a local here I won't recommend you to drink this since the locals have built an immunity against all this dirt and poo",0,2024-06-23T22:11:37Z,True
@laddugopalfun3886,Khana ok hai tum logo ka par ....?,0,2024-06-13T17:54:58Z,True
@heidimehmet,"The second last place you went to, their food looks so clean and inviting, I'd definitely eat there..",0,2024-04-20T00:34:55Z,True
@hasnainshaikh458,Pakistani khana matlab umda taste .Dil me ek arjoo hai Pakistan Ane ki sirf khana khane ke liye,0,2024-04-14T23:21:46Z,True
@wayofallah4501,Bhai Bangladesh se bohot peyer ❤,0,2024-03-26T21:05:12Z,True
@bernardineali4107,Very interesting vlog. LAHORE is 🎉,0,2024-03-22T07:42:44Z,True
@syedasharfunnisa635,masla good food 👍🏻,0,2024-03-03T15:28:19Z,True
@zubairyaqub7424,Aaj 25 february hai. Yea videi kub banaaaai thee tum nay.  Saleeb butt ki ezect location bata do.  Jub video banow to date dala karo aur exect location b bataaiaa karo.,0,2024-02-25T08:43:44Z,True
@indian5560,I'm from India and I love the  food of paya akhni beef Pulao mutton chane,0,2024-02-23T17:02:40Z,True
@asifnaveed4606,Sub food walon kay complete address dall do ..,0,2024-01-24T17:49:15Z,True
@UmerMalik-r1z,farik nashta hai inka,0,2024-01-24T12:18:26Z,True
@Itvvvibes,Bc koi bhi item ho sabme apne meet ko ghusa dete h abe bsdewalo India m y sab without mutton k sath 1000% accha hota h,0,2024-01-23T13:11:58Z,True
@abdulmatin7065,Bhai aapki  videos dekhta hu bas aapko ek baat batani hai iski ehtiyaat rakhiye jab roti ka tukda muh me daalo or SHAHADAT ki ungli uthni nahi chahiye choti choti baate hm nazarandaaz kr dete hai jiske nuksaan hme Qayamat ki din uthana padega . Your videos and your smile are awesome 👍 lots of love from India 🇮🇳🇮🇳🇮🇳🇮🇳🇮🇳🇮🇳,0,2024-01-16T14:10:35Z,True
@dk9950,Bahut hi man hai Lahore aake jede ke lassi or Puri chole halwa khane ki,0,2024-01-14T14:11:12Z,True
@selvanaidu2549,"Hi bro, I am Hindu, I am from India, MP.  I like ur all video, apka detail batane ka andaz Bahot pasand aaya, ap Lahor ki video, Saudi Arabia, Aise Bahot se video dale, Muje bahot Acha laga. Log pata ni kyu Hindu Muslim krte rehte h, Muje to koi fark najar ni aaya. Kash India Pakistan ek hota, to hum bhi pakistan aate r Ap logo ke sath pakistan ke sare mazedar jayka, place Sabka maza lete. Ek baat to Samaj aa gyi ki Insaan ek h but politicians ke matlabi logo ke karan Hindu Muslim bana rakha h. Bagwan r Alla kre fir ek baar pak+ India ek Ho jaye. Apna kyal rakhiyenga Jai hind 🙏🌹🌹",0,2024-01-09T15:34:44Z,True
@mohammaddin8536,"Malik bai, pl have mercy, how r we going to see all this and digest without  being in Lahore.....",0,2023-12-27T13:42:01Z,True
@tarannumalam2274,Lassi me  haath dubona is very unhygienic 😮,0,2023-12-19T07:49:04Z,True
@shivrajkhamkar9058,Isko tas thod bolte he humare yaha to ise 10 guna jada hoti he,0,2023-12-18T08:35:00Z,True
@The-writer-next-door,"why does every other person in Lahore has a Kashmiri surname? this is funny but also sweet. And i love the foods! specially Mutton Tikki, it looks so delicious",0,2023-12-13T20:11:44Z,True
@khattabaarif1768,Lassi pe muchon ko safaid kiya haraam hogaye ye lassi muchon ko panni lagay ya lassi haram hojata ha,0,2023-12-12T19:30:27Z,True
@Anwaar-khan-lodhi,"Rip food

کھانے کی زیادتی کرتے ہوۓ😂😂",0,2023-12-10T15:54:42Z,True
@amanshahahamed1075,Lassi was not hygenic,0,2023-12-09T12:06:08Z,True
@pyrijansheikh7093,Halwa looked very tasty,0,2023-12-08T17:59:42Z,True
@pyrijansheikh7093,"How can anyone eat so rich food,so bad for health, I am from canada honestly,would not be able to digest, but looks so delicious",0,2023-12-08T17:09:13Z,True
@zahidkhan-fh2bq,Badhane wale na khaya Karen😢😮😅😊❤,0,2023-12-06T11:47:15Z,True
@zahidkhan-fh2bq,Ine logon ki wife ko to khana bhi nahin banana nahin banana padta hoga😢😮😅😊❤,0,2023-12-06T11:42:22Z,True
@ahsanwaheed8758,Itna Khana aik time kese kha sakhte ho ap bataen plz,0,2023-12-04T16:59:42Z,True
@Vedvik.G,"Jo bhikh me infrastructure mil gaya wo 1947 se aaj bhi waisa hi hai atankwad ke siwa development pe bilkul dhyan nahi diya lahore me kachra,purani gandi walls,sab old fashion isse ache to humare village chote kasbe hai 😂😂",0,2023-11-28T19:04:24Z,True
@riomoo2884,Bhar me gaya visa passport ma aa raha hu mujhe beef mutton chicken paye khane hai 😭😭😭😭😭😭😭😭,0,2023-11-25T11:43:39Z,True
@RehanVlogs98,Mai india me Saharanpur se aapki video dekh raha hu accha shahar hai lahore or aach khana lga❤❤ mashallah,0,2023-11-20T11:56:08Z,True
@SiddhartSid007,Lahore me jitne b hospital 🏥  hai sabhi hinduon ki thi,0,2023-11-07T20:58:03Z,True
@SiddhartSid007,Ye hamare india me hota agar ye British nhi aata...❤,0,2023-11-07T20:57:25Z,True
@himanshubordoloi6590,How is diabetes and heart disease rate in Pakistan.,0,2023-10-02T13:40:01Z,True
@nuralabi1409,Malik bhai kya kar rahe ho aap😋😋😋😋😋 Hamare heart fail kar Aaoge Kisi Din Aap Allah Bachaye bhai aap ki video Bada Khatarnak hai bhai Yahan Hamari Dilon per kya chalta hai aapko andaza bhi nahin hai Aise Aise Andaaz ka khana Mashallah majak ki baat Apni Jagah hai Allah aapko Khush Rakhe main Nur hun India se bhai kabhi mere jikr bhi kar diya karo main bahut khush ho jaaungi,1,2023-09-30T15:49:42Z,True
@sumanmajumder3926,"Apka pehla bar dekh raha hun ,mae zia bhaai food blogging regular dekhta hun ,love Pakistani food and people",0,2023-09-21T17:41:54Z,True
@ManiShah26,Lahore Lahore Aa ❤❤❤❤❤,0,2023-09-18T20:50:24Z,True
@adnanqureshi1285,Hamari purani delhi me bhi bahut hi umda khane milte hai...Bahut Jald Lahore Pakistan Ayenge Bas Pakistan Visa De De...,0,2023-09-18T15:20:05Z,True
@akshittripathi05,Jaide ki lassi bhut suna h m jabhi pakistan aaya to jarur try krunga filhal to visa ni milgea,0,2023-09-18T03:57:51Z,True
@rumiresolve5305,Living in pathetic circumstances and going for extraordinary but unhygenic food doesn't sound good.,0,2023-09-15T13:48:09Z,True
@Dipaksingh-ru2ft,"Jeela aa gya, jeela xa gya, jeela mari murgi khila gya, oye hoye oye ghee makhan mlai paye jaanti paaye jaante jilla bas kar 😂😂😂🤣🤣🤣🤣",0,2023-09-13T22:58:09Z,True
@vileshmoney,From india. Bhai muje bhi ye khana hai.,0,2023-09-10T12:49:12Z,True
@nak-58,"Walakum asalam. I used to live in 1970s behind Cilvil lines. Our house shared the wall between Muslim High school No.2 If you face the school it was on the right side and used to extent all the way to road behind Central training college going to Bilal gun-jh. The address used used to be "" 1 Lahore Road, Lahore. Lahore Road used to then continue behind the district courts as Urdu Bazar after crossing the lower Mall. It brought lot of memories. Jzak Allah. They're used to ""Boota Cholay"" behind district courts in front of Central Training College. It was very popular and very yummy in taste.",0,2023-08-27T03:00:09Z,True
@PrrstonWillian,Very nice delicious local food from Lahore. 😊😊,1,2023-08-15T20:22:26Z,True
@Bankniftypathshala790,"Tum log pagal to nahi ho gae ek to itna heavy nashta Jo lunch or dinner me bhi na khaya jae uper se itni fatty lassi koi calorie count naam ki cheez na bhi ho to pet hai ki shaitan kha Raha raha hai, itna fatty k dekh kar 🤮🤮🤮🤮",0,2023-08-12T16:08:13Z,True
@ajitdurge7254,"Bhai bikes konse jamane ki hai 😢😢😢 
Ha lekin khana bohot accha hai ❤❤❤",0,2023-07-17T11:17:22Z,True
@shehlanawaz,How can you  eat  so much  food,0,2023-07-11T04:27:12Z,True
@Ign_Shivholic,Bro i’m a esport player from India or late hi dinner krne ka time milta me bhook mar jati h to me aap ke vlog dekh k khana khaa leta hun 😅,1,2023-06-14T19:12:57Z,True
@52074sam,Pakistan has the highest prevalence of type 2 diabetes in the world with 31% of people living with it. This breakfast video certainly gives some insight.,0,2023-05-28T03:48:21Z,True
@bismillahmobileandphotocop5836,BAHI JO chase ap dakh ta hain aski ka rate bi batah karo zaror,0,2023-05-17T12:47:11Z,True
@mianusman6488,samnay kooray dan ka aala view aa ra hy saleem channay k pass,0,2023-05-17T05:22:47Z,True
@ayeshatooth1120,Bohat zalim video ha . I m foodie .,0,2023-05-15T14:41:35Z,True
@shaistakhalil1665,Old Delhi vibes love you Lahore and its lovely food,0,2023-05-13T09:22:57Z,True
@ZainAli-ku3ql,Food aala but mahol bohat he ganda kahan hain lahore safaay walay ..,0,2023-04-23T06:08:16Z,True
@GovindKumar-nm6ry,Come to India once and enjoy the Indian food culture..you will feel proud..regards,0,2023-04-20T18:12:48Z,True
@gyanfactory25,Plz mention the price of the foood,0,2023-04-20T14:49:34Z,True
@Imranlhr-sw2ch,Sir je baki to sab mazy ka hai ap sath en k price b btaiya karo,0,2023-04-20T13:09:12Z,True
@shaziakayani8117,Nice Bhai Sath Sath rate bhe batady😅,0,2023-04-10T20:49:43Z,True
@SonuAnsari-pu7bl,Rate list nhi dekha,0,2023-04-07T11:41:41Z,True
@Anyone328,"Waalaikumsalam
Wow Lahore food best  foods...😊.🎉🎉🎉😊",0,2023-03-28T10:15:00Z,True
@ChaoticSheroz,Watching this while fasting isn't helping hahaha.,0,2023-03-26T13:09:53Z,True
@YusufKhan-xg6sd,Milk bhot acha tha humare yaha to barf pani sab dalne ke baad bhi dudh bhot acha hai bol kar tika dete hai  😒,0,2023-03-13T10:25:26Z,True
@alayamalik7106,Nashta ho tu Lahore ka love from karachi,0,2023-03-10T19:24:01Z,True
@tamoghna03,"Lahore ka main khana toh dikhaya hi nai chacha.....Lahori churan !! 
P.s: khana toh Punjab ka famous h, India ho ya pakistan. 👏",0,2023-03-10T12:15:16Z,True
@anirbandutta2680,I am personally a big fan of Pakistani food.,1,2023-03-03T21:37:41Z,True
@abhishek4702,Is their any developed area in lahore our do you get veg food,0,2023-03-01T14:25:58Z,True
@abhishek4702,India ka street food Mumbai ka food dekha hai lahore is like underdeveloped our small city,0,2023-03-01T14:25:23Z,True
@mughees1965,saleem butt ke chaney bilkul faaragh hain,0,2023-02-23T05:43:59Z,True
@m.nadeemawan-2754,"Aoa choty bhai mujhy b apni maa hi samjo Lekin koi baat nahi asy khany ka b aik apna  hi maza hai kush raho 
Mas Sha Allah",0,2023-02-22T18:16:26Z,True
@shayankhan6936,Akhir mein sachi baat ki ke Jo lassi peetey han un per waqei ye video dekhtey hoe zulm hoa ha. Great video,0,2023-02-20T15:08:15Z,True
@millionV,"kitni gandagi he pakistan me , har jagah kachara , apke yaha koi municipality saf safai nahi karti kya ?",2,2023-02-14T22:03:55Z,True
@ghazirashid3453,"Bohot khoob! Video accha laga! Bachpan kee yaad agayee! meray bachpan kay kai saal Lahore mey guzrey! teen martaba lahore thay, merey marhoom walid Pakistan Army mey thay. Pakistan Air Force (Lahore) School (Bengali medium) mera school tha (1970-71). Hum Nishat colony aur Chitral line (Lahore Cantt.) mey thay. Agar Allah nay mowka dia, fir ghoom nay lahore ayengey awor ye saab mazey kay khaney khayengey! Lahore kay bhai-behno ko mera salam. 

Ghazi Hisham-Ur-Rashid
Advocate, Supreme Court, 
Bangladesh",0,2023-02-13T10:11:46Z,True
@yuvapulse6109,I beleive that the best non-veg food is still best in Pak only..... natural way of preparation and surviving,0,2023-02-11T15:59:05Z,True
@venkateshrajsharma1274,"*KASH HINDUSTAN & PAKISTAN BORDER KHUL JAYE AUR AMAN AUR SHANTI KAYAM HOJAYE WITHOUT TERRORISM* 🙏🏻 🇮🇳❤️ 🇵🇰 
Jai Siya Raam 🙏🏻",9,2023-02-10T16:18:50Z,True
@maumair-yy6ps,Fazool channy never try,0,2023-02-06T05:20:21Z,True
@sunnygogoi5072,"I always want to try halwa Puri, as a vegetarian can’t eat rest😢",1,2023-02-02T15:26:40Z,True
@hoor2625,Lahore ka amazing nashta hai Lahore Lahore hai,0,2023-02-01T11:57:03Z,True
@jagdishsingh7549,Please send message to your political people give us a easy visa to visit pakistan Lahore for breakfast,0,2023-01-30T23:47:03Z,True
@shashankpurohit4057,Ek din ye lassi jarur piyenge bina Visa ke...,0,2023-01-28T22:03:48Z,True
@luckylucky-mf8io,Amazing food of Pakistan. Love from India ❤️,0,2023-01-28T16:41:34Z,True
@sweetsoul123angel3,All your videos are really very interesting n yummy...love it bro......,0,2023-01-26T19:06:52Z,True
@xeediary3210,Location details mein batani chayee thi ta k asani hoti,0,2023-01-26T15:21:27Z,True
@shahidkhan-sr8vj,Such an unhealthy breakfast,0,2023-01-19T21:36:53Z,True
@ESSIYAL16,mera ap  say  ye   question  ha   k  ap   pakistani  food and  arabic  food  ka    bera   ma  kay  kata  ha🙂🙂🙂🙂🙂🙂🙂,0,2023-01-15T13:52:57Z,True
@AayushSharma,In India we call it 'MAALPUA' instead of 'MAALPURA'. SO good to see many similarities in both the side :),2,2023-01-11T22:07:54Z,True
@ajmal5190,"I m indian 
I love pakistan 
Foody vloger special
R H S",0,2023-01-10T19:45:11Z,True
@aleemzafar1696,Itna bekar muft ka maal ka taste hota hai,0,2023-01-06T11:22:38Z,True
@subhashchandergupta3084,Saanu vi bhej deo Ambarsar ch chole‐ mutton Sleem Bhatt de.  Asi vi swad le layie.,0,2022-12-17T11:37:30Z,True
@BARABANKIHUSAINICHANNEL,Bahi aap loog bus nalle khana iske aage kuch nahi ho pai ga aap logon se aap ki video dekta hun usme jo biken dikhti hy woh india me ban ho chuki hy bhai nalle pai khane se aage aur bhi kuch soocho......,0,2022-12-16T09:25:29Z,True
@sshamshir9651,Panjabi food zindabat,2,2022-12-13T17:45:44Z,True
@UGANGOLUM,LARHORIS FOOD IS TRULY HEAVENLY,7,2022-12-13T07:25:01Z,True
@ferozalam3970,kamaal hai street par khana khatey huwe koi faqeer nahi diikhta karacchi ke street par  faqeero ne tabahi machaya,0,2022-12-09T19:14:48Z,True
@TheSabir1993,Jeda lassi - o bhai Allah ka nam ha dodh men hath na dhoen.. Koi aesa brtn len k apky hath nails ki kramat na shamil hon.. Bnda khud b aqal isymal kr lrta ha.. Jzak Allah,0,2022-12-09T15:16:51Z,True
@aliyag8741,Abi to ap nay Gawal  mandi ki laice nahi pi who pyro wali hoti hy,0,2022-12-04T18:43:08Z,True
@aliyag8741,Jha say ap ny laise pie hy us kay samny wali dukan say samosay pury Lahore m nahi hy magar who 4 bajhy   miltay hy ap who bi khaty,0,2022-12-04T18:36:34Z,True
@ranasulemanghayas2322,I from Lahore lahior gate,0,2022-11-26T22:10:59Z,True
@inzamamulhaque2474,"Pakistan ko Bane hua abhi hue hi kitne sal hai 70 or the food 150 purana hai jb jb Pakistan India hua krta tha,
It means yh Pakistan ka nhi INDIA ki dish hai😊🎉👏",0,2022-11-26T10:38:22Z,True
@amanzehenofficial3356,I agree Pakistan Street food 🍲 is very testy and delicious 😋 love from India 🇮🇳,3,2022-11-25T06:27:14Z,True
@mahibuttvlogs,Lahore Lahore ay ♥️ Lahoriyo like thoko 👍👍,0,2022-11-25T04:01:35Z,True
@Wandererlust,Love from india.. inshaallah ek din sath me nashta krenge 🇮🇳🇵🇰,0,2022-11-09T02:23:59Z,True
@ksonu93193,"After watching this video, I am coming to Lahore for the tasty food 😋 . Lots of love from 🇮🇳",18,2022-11-02T01:22:54Z,True
@ywktinyshows8554,Mouthwatering ❤ one day I’ll definitely visit pak just for food ❤❤❤ 🇮🇳,2,2022-11-01T06:46:24Z,True
@arifahmad6844,"I am from India. I like your videos.I must say that, Pakistani food 🍲 is very delicious.",8,2022-11-01T03:01:57Z,True
@shashibhal,Kabhi Benaras aa kar subah ka nasta karo... Bhool jaoge Lahore,0,2022-10-31T16:22:39Z,True
@moinmughal6999,I can’t imagine if it is Lahore or old Delhi. Food is also the same. MashaAllah. Love you from India 🇮🇳,6,2022-10-30T15:36:11Z,True
@zaidsharif2,"maa shaa ALLAH bohat dil se khushi hui Androon Lahore dekh kar. Mulk se muhalla dari, muhabatain, ikhlaaq sab khatam hota jaa raha hy. Robotic zindagi hy, na salam dua hoti hy, na haal ahwaal. ALLAH mera mulk main muhabbatain lota de. Aik dosray ki izzat karne wala bana de.",2,2022-10-27T15:38:27Z,True
@FizaKhan-om9ve,Lahore konsi jagha h,0,2022-10-05T17:46:29Z,True
@mihirjoshi6162,Areeeh bhai mere indian street food likhhh 150 chorr 70 saal phleee wo india hee thaaa soo cold lahor 😂😂😂,1,2022-09-29T07:30:18Z,True
@Malikk97,there is no city like LAHORE <3,0,2022-09-27T09:05:26Z,True
@abdullahamirhafiz7745,Mante ho phr Lahore Lahore aaaaaaa,0,2022-09-19T17:04:24Z,True
@sobiasobia4255,Delicious ghoomany wali bite ☺️,0,2022-09-18T00:23:34Z,True
@mohammadsohag5437,"Fareed vhai mayne Bangladesh se dekhrau....jev may pani chala ati apki khane ka acting dekh ke....sukria.
Foody ka jabor dast video banaya.",1,2022-09-15T18:58:01Z,True
@shahansyed143,"Bhai Lahore ki galiyan to ekdum hamare Lucknow ki galiyan lg rhi hain. 
Ek martaba Lucknow bhi zaroor aayen.",1,2022-09-13T09:07:17Z,True
@patelnaresh9716,Pakistani bhukenagge mit khate he khana he to vej khao i form india,0,2022-09-11T09:30:51Z,True
@asimghosh7079,U first get the taste eat properly and then talk. I am also delighted to see mutton Tikka but a vast country once united but now divided has deprived us to take taste.lahore Street food  is world famous.thank u,0,2022-09-05T16:09:30Z,True
@lamp1215,Best part is k shaid srdiyan hen subha hy aur garam khana hy,0,2022-09-05T07:27:44Z,True
@viratsingh5000,Yrrrr bike kesi hoti hai pakistan me 🤣🤣🤣🤣🤣🤣🤣🤣🤣🤣🤣🤣 o bhyiiiii,0,2022-09-04T08:48:34Z,True
@cyanide9286,Yaar wagah border kholdo and open visas for Indian's. I seriously want to visit. I know there are many indians like me who want to visit as well.,1,2022-09-02T02:00:21Z,True
@tabassumbegum7566,"Assalaamualaikum..
Abdul Malik Fareed ji, 
Alhamdulillah,
Maashaa Allaahu laa khuvvata illaa billaahi!
Allaahumma baarik Aalaihi!
Allah hum sab momin bhai or beheno ko  halaal ki kamaai or halaal ka khaana naseeb kare Aameen. 
Apni seheth ka khayaal rakhiye hamesha khush rahiye muskuraate rahiye, Allah haafiz . Lots of love ❤ from Hyderabad 🇮🇳 
Love Laugh Live!",0,2022-09-01T22:13:43Z,True
@mirzabaig9939,I think its the best food i have ever seen... Mashaallah totally mindblown.... Wow wow... Full marks,1,2022-08-31T20:28:30Z,True
@jiakjijiakji7807,🤤lassi ke liye my fav,0,2022-08-30T18:56:22Z,True
@Frustrated_ladakhi_,Kafi hygienic hay ... Khana bhi kafi swadisht hay 🥰 love from india,7,2022-08-26T20:14:58Z,True
@payalsingh1815,"Yummy dishes... It's look amazing.. apki sari food blog dekha h maine.. it's amazing
Love from india",0,2022-08-26T15:22:00Z,True
@shareefkv27,I think in the food varieties Pakistanis are unbeatable,0,2022-08-25T09:27:01Z,True
@rahulwakchaure9859,"Jitna malai lassi Wale chacha ne sirf 1 glass m liya tha utna hamare yahan pura din jata hai 😂😂😂 , itne kanjoos hai",0,2022-08-23T19:46:12Z,True
@RednoteGuy,Ohh bhai mutton tikka tha na wo best tha,1,2022-08-23T15:52:00Z,True
@tariqvoice2944,"Ap jub b Lahore ay to plz zaroor Batana .
Ye mery ghr k pass hi ha",0,2022-08-23T08:06:41Z,True
@snehamewati790,Kabhi india bhi aao bhaijaan try some indian food also love from india🇮🇳,0,2022-08-23T05:29:46Z,True
@sandeshkadam1905,I am Indian.but Pakistan ni food is grt,2,2022-08-21T10:57:36Z,True
@mohammadnasir6984,👌👌🌹 Shalimar Music. Jodhpur Raj. India    🇮🇳.  🙏.   🌹,1,2022-08-20T17:50:50Z,True
@hussainmustafashahzad4189,Sadiq mutton tikki Lahore must try,1,2022-08-20T08:15:26Z,True
@useruserddsrffhjyh,People eating this type of food frequently have high chance of cardiac arrest.,0,2022-08-19T17:53:04Z,True
@Akash90Sharma,Lahore mei kitni gandagi hai kese rehte ho tum log india is much much better than pakistan,0,2022-08-19T17:28:59Z,True
@silkpinch81,"now i understood. Y Pakistan people glow so much...., d oil they consume is in gallons ..mind u tasty any given day",0,2022-08-18T11:30:32Z,True
@jazakitchen6902,"AssalamAlikum Rahmmatullaihi o Barkatahu...bhut maza aya vedio dekh kr ..khaya ap nay mazay hum nay bhi liyea..
Ma sha Allah .....",0,2022-08-18T10:45:33Z,True
@prashanthkrishnappa3625,If there was no Pakistan i could have visited all these places and enjoyed the food today 😋,2,2022-08-18T08:29:28Z,True
@monaasif3114,Yummy.  Lahore  k Naan chole so yummy,0,2022-08-17T21:42:11Z,True
@supermomusa335,So beautiful  so yummy 😋 lasi 🥛nice 👍🏽,0,2022-08-17T04:26:02Z,True
@guftgucom,Just abhi khana khaya h dekh kr fir bhuk lagne lagi,0,2022-08-16T19:01:40Z,True
@Sameermattoo3800,"Jine Lahore ni dekheya O
Jameya E Nai
I am from India and I haerd this
Miss all this food stuff
Have fun Bro with this beautiful food 
Lot's of support from India 🇮🇳",1,2022-08-16T17:20:21Z,True
@manjuramani7328,Tell the price also,0,2022-08-16T13:27:28Z,True
@kalpeshchaubey6420,Jede di lassi,0,2022-08-16T09:06:56Z,True
@mohdaslam5154,Aapke family me kon kon hai,0,2022-08-16T08:31:04Z,True
@prateekpathak3614,Are Pakistan valo kabhi kabhi veg food bhi kha liya karo.,0,2022-08-15T15:10:38Z,True
@TechnoMonk2020,"Hello
From
India. All food dishes looking damn tasty speically i wana try channa curry mutton . Kudos to u",0,2022-08-14T20:35:03Z,True
@Animeforfun22,"Desi ghee mutton, open heart surgery ke liye taiyaari poori hui",0,2022-08-14T18:57:39Z,True
@lifefacts6301,Lahore me Ganpat road kabhi history of old india,1,2022-08-14T16:33:01Z,True
@ankitgumber7290,Agar possible hota breakfast in  Amritsar and lunch in Lahore to boht amazing hota,1,2022-08-14T12:44:48Z,True
@aneelaibrahim5395,Itna khate hen ap mashallah moty nhi hoty hen,0,2022-08-14T02:36:14Z,True
@MyUnknowntuber,"Bro I love to eat  the first two items bread with that mutton and mutton kachori.
Some of you should try to start these  cuisine hotel with indians in India ,i am very sure it will be a big hit.

India is the place where we try all cuisines",0,2022-08-12T18:35:38Z,True
@mdfarmanyousufzia3199,Lassi kitne ka hai ??,0,2022-08-12T17:26:37Z,True
@brijmohan7091,Someone send me this food to India too. 😋 Waowm,1,2022-08-11T22:52:57Z,True
@oneplus1301,I accidently saw ur video....food tou chalo apne jagah hai...but I liked u...that's y I started following u...I'm doctor from India....ur handsome man!!!!,0,2022-08-09T10:52:08Z,True
@burquk,lahore k nashtay ki kia baat hei 👌best breakfast 👌,1,2022-08-08T18:42:12Z,True
@Kenkalsi,Pakistan need big bikes like Royal Enfied as pakistanis are pehalwan and over 100 kg easily. These small mopeds are very dangerous for heavy men.,0,2022-08-08T18:24:51Z,True
@vinitbond1402,"I love Pakistani street food...... 
Love from India.",1,2022-08-07T16:36:53Z,True
@larebakhtar6444,"Bete India ke khane kha liye na to hairaan reh jaoge..
Indian food is the best food in the world",0,2022-08-06T10:48:17Z,True
@TechnicalRailpoint,Ek baar india aake Indian food ka Maja lo Pakistan ka khana bhul jaoge,0,2022-08-06T10:01:46Z,True
@WAGAD-STUDY-POINT,MOST VIEWRS IS INDIAN 😅,0,2022-08-01T14:01:05Z,True
@sameerpatel7088,Bhai mai india se hu. Bill kon pay karr raha farid bhai ya moulana ji please bataye....,0,2022-07-31T17:59:17Z,True
@tejeshwarsingh1527,Lahore da honna te Punjabi kithe aa,1,2022-07-31T10:37:48Z,True
@Romariominto,Lovely and good heart people. Salam from India. Politicians have separated us.,0,2022-07-30T19:02:11Z,True
@AMITKUMAR-rn2ub,"purani galiyon mein mast mast nashta,khul jaye Dil ka rashta🙏🙏",0,2022-07-30T12:57:28Z,True
@avineshpal2911,All the food look so delicious. 🍖😋,3,2022-07-29T19:41:19Z,True
@shubby418,India ke khane ki baat hi kuch aur duniya mein aur nahi mill payega Aisa khana thank you for making this video,0,2022-07-29T15:05:09Z,True
@ssenglishlearningcentre4572,Ur videos are very good. Food is just like our country India. My granny used to tell me that she had house in Lahore which was near a Gurdwara on one side n Masjid and a coal shop on one side. The house had eight shops on ground floor which they had rented and living area on first floor. If ever you go to Lahore again pls help if u could come to know about this house of ours. Thx in advance.,0,2022-07-29T12:54:28Z,True
@brillianttwist5734,Lassi super duper 🎯 hit,1,2022-07-27T20:31:34Z,True
@justtheone70,beautiful people luvly food...salamt rhein,0,2022-07-27T18:30:19Z,True
@pr1yanss,no food can be made in pakistan without mutton 😅😂😂😂,1,2022-07-26T12:47:57Z,True
@suhaibkidwai540,"Bahot umda fareed bhai....ye khane aapke Makkah ke khaane se laakh darje behtreen hain....
Hum hindustani aur Pakistani logo ke liye Makkah mei Pakistani hotel hain...nahi to Makkah ka pheeka khaana aur maida khaa kar aadmi bekaar ho jaega...
Love from india",1,2022-07-21T11:14:41Z,True
@sunitajagtiani2531,"Best
Testty 
Yummy 
Kya dikhaya 
Muh me pani  aaya 
Thanks for sharing",3,2022-07-12T09:51:34Z,True
@jagroopsingh-kw5hc,Jithe jithe jande ho os dish da rate v dasya karo paji... Banda kadi ave ta try ta kare..,2,2022-07-10T12:03:52Z,True
@DrInduchak,Nice watch. Addictive food. You need to work or workout very very hard to shed  loads of calories. But pure authentic food is the best food.,0,2022-07-06T12:12:24Z,True
@indians2237,Ek bar suar ka gost bhi try kro ... Bhot acha lgta h,0,2022-06-29T01:20:30Z,True
@shmasammu8720,Ye jo piche background music baj raha hai na while making chicken Tikki 👌😅 aisa mahool aur khana...oye hoye hoye..❤️,0,2022-06-28T14:24:19Z,True
@amitsinghpal9645,Pllz don't mind but why Pakistanis vehicle is so old design ??? 🤷🏻‍♂️,0,2022-06-27T11:55:29Z,True
@ishkumar7540,Bai or kuch ni pta Lahore ke people bhot ache h...aise hi video bnate rho bagwan aapko khush rakhe...,0,2022-06-26T08:52:47Z,True
@rosemaryrosemary8052,Sir kabi apne bachon ko b introduced krwao I love u abdul Malik fareed ur my favourite mjhe apke jesa lifepartner chae like ur nature way of talking loving caring saty blessed with ur family kush raho Ameen from larkana sindh Pakistan,0,2022-06-25T10:39:40Z,True
@AdilAli-wh7hc,Ye hai lassi 😋😋😋,0,2022-06-19T15:02:20Z,True
@sanjibdey6664,Bhai Lahore janeya ka dill kor reha haih??? La jabab khaneye...wow ..kabhi eagar chance Mille to Lahore pakka anan haih bhaijaan,2,2022-06-19T12:18:46Z,True
@naumansindhu,In Lahore people don't mix spicy puri chole with sweat halwa they will eat halwa after wards  but outside Lahore they mix things.,1,2022-06-17T09:29:13Z,True
@RAHULRAJ-et9se,"Its looks delicious…. Bro ❣️😃
Lots of love from india 🇮🇳 to all my pakistani brothers ❣️",36,2022-06-17T08:40:26Z,True
@Ayushkingpin,We love Pakistani food . Love from India 🇮🇳,6,2022-06-16T20:43:18Z,True
@apkadost7363,"Sab Mila Kar Hamara India Ho Ya Aap log Ka Pakistan Me Musalamn Dono Traf Ke itne handsome kyu hote , Chehra ek Dam Glow Karta hamesha Chamak Rehta Fear hote Aisa kyu ??",0,2022-06-16T00:48:07Z,True
@meershah_5634,Baba G baat sirf itni si hai ke Lahore Lahore hai,0,2022-06-15T23:08:10Z,True
@ayesha3024,What's the best time for breakfast in androon lahore and plz recommend me some desi restaurants for breakfast in androon lahore,0,2022-06-14T20:39:28Z,True
@TKVHITS,NAaaaaaaa Karein nnnnnnn....... jeddaa lassi.... aahhhaahhhaaa.zabardast.😱😱😵😵😵😵🤤🤤Rehem karein bhai hum bhi lassi lover hain.,0,2022-06-13T14:36:38Z,True
@zainab__Qureshi,Omg masallha aapne tu pakistan ka aur waha kye khana ka diwana bana diya insallha kabhi pakistan Ana hoga kismat Mai to insallha waha ka khana khas tor pe halwa puri zaroor tirye karugi but wase khana humare India ka bhi lazzi za hai,0,2022-06-12T23:35:49Z,True
@sairabano1081,Mazza aya lassi ap n pi or panni hmare miun me bhr gya.,0,2022-06-06T12:08:21Z,True
@globalcitizen7811,This is not good food but heart attack food,0,2022-06-02T18:30:33Z,True
@azaankhan3829,Salam bhe Kiya Hal hy ap etny bharye nawalye q letye hy mun band nai hota🤭,0,2022-06-01T10:54:52Z,True
@zebazia9720,Lassi so yammy looking 😋😋ma sha allah,0,2022-05-31T17:01:08Z,True
@anandg2569,"Pure, authentic and absolutely delicious, although I don’t eat meat but those Chane and Tilli (Sesame) wali nan would be my breakfast of the day 😋",34,2022-05-31T04:26:01Z,True
@mohdzishan1553,Fareed bhai kabhi Lucknow aye to ham bhi apko apne yaha ka mashoor kulcha or nihari khilaye yakeen maney aap ka dil khush na ho jaye to kehna.,1,2022-05-30T19:11:49Z,True
@asimzafar8296,"Extremely healthy breakfast, high cholesterol and heart related problems will be with me if I keep eating it.
No offence",1,2022-05-30T09:49:56Z,True
@salmamulla1938,Assalamualaikum I'm swaleha from india mu main pani aaya wo mutton wali puri india kachori khete hai veg hoti yha,0,2022-05-29T17:40:23Z,True
@nazmulhasanrobin1141,Don't say oyy hoyyy hoyy like indian chapri food blogger... your a good content creator.. so i request you to not use those word Again,0,2022-05-29T08:35:46Z,True
@muhammadzubairsheikh6352,Ahhh Lahore Ka Naam Suntey hi Dimagh me trah trah ki Desi dishes aajati hen or Apney is video me dikhadin now I'm Planning to Visit Lahore ...,2,2022-05-24T08:47:07Z,True
@shaking_hearts,"Halwa puri is also made in kolkata🇮🇳
Love from the city of joy",6,2022-05-23T05:09:40Z,True
@ruksanabegum5713,Mashaallha khana to bahut baryah hai bhai aur ae baat hai aap ko aap ke molk me deak ke bahut acha lagraha hai,0,2022-05-22T15:25:02Z,True
@ZahidKhan-vd2qb,Allahhhhh daisi gee wali halwa and porriyann uoofffff....aur phir ye wali lassi cream waliiiiii daik daik mar gai mai tuuuuuuuu😏😏😇😇😇😇😇🥰🥰🥰🥰🥰🥰🥰🥰🥰🥰🥰😍😍😍😍😍😍😍😍,0,2022-05-21T19:31:28Z,True
@musiclover.3901,Pakistan ka Vegetarian food and Mithai ke baare mein bhi Video jrur bnaye.Lots of love and Respect.from India 🙏,0,2022-05-21T10:06:12Z,True
@trilokbishtsp,Divided by borders but United by food,1,2022-05-19T21:34:21Z,True
@gurdipanand4105,Good tastey food,0,2022-05-13T21:24:43Z,True
@alika-he8sb,"Assalam alaikum , sir ap apne bare mein ek video banayen.mera beta to aapko bahot pasand karta hai. Humein aapke bare mein jaanna hai...",0,2022-05-08T12:23:00Z,True
@khatijaB,Food is too oily,0,2022-05-05T17:58:48Z,True
@reetakaushal7638,Try Pani puri it's one of d most popular street food in India.. which is also popular in foreign countries.. Lots of love ❤️ from India 🇮🇳,11,2022-05-03T18:04:15Z,True
@shahbazbutt7199,Allah pak saleemButt sahab ko hamaysha khush rakhay aameen Butt sahab zindabad,0,2022-05-03T15:01:09Z,True
@MyvillageFoodchannel,Yaar pakistani food are awesome  abb saudi jaa raha huu zaroor try karoo ga,1,2022-05-02T10:43:39Z,True
@MyvillageFoodchannel,Yaar pakistani food are awesome  abb saudi jaa raha huu zaroor try karoo ga,1,2022-05-02T10:43:31Z,True
@ayubkhan4823,Bigg fan Farid bhiya,1,2022-04-29T05:41:58Z,True
@arcotameen3961,Bohoth zyada zulm hai bhai 😍😀,0,2022-04-28T11:46:44Z,True
@arbabajmal9008,I wish i had guts to try mutton in Lahore😂,0,2022-04-15T02:05:44Z,True
@bilal_rao0753,Saleem bhatt and aliya bhatt ke family se h kya,0,2022-04-14T23:05:30Z,True
@ManuDivya202,Bhai ek bar iski lassi pinai ahuga ...best lassi for sure,0,2022-04-14T07:43:53Z,True
@mukulbisht1052,Meri jaan bura na manna but kya aapki zindagika maksad sirf khanahe ??🙏,0,2022-04-14T07:00:27Z,True
@rehanahussain1149,"Hi, have you ever been to India, Bangladesh, indoneshia and Malaysia for food?",0,2022-04-11T13:23:49Z,True
@NoobGaming-dp4gs,Bhai yr agar kahin partition nhi hua hota to kitna acha hota 😅😅🥲🥲🥲❤️❤️,0,2022-04-11T10:43:29Z,True
@user-rj4zq8mc9g,"Bechare sakib bhai bohot nazuk hain
Inko thek se khilado kuch",0,2022-04-11T06:51:28Z,True
@majidmajid2847,Khane ki koi bhi  cheezey plastic thali main nahi khana  kuinki garam hone ki wajha se os main cancer ke germs hojate hai,0,2022-04-11T06:48:31Z,True
@aqsaamir9254,Went to lahore last month and wanted to try this tikki alottt but chouldn't find it and where you were eating there was no place to sit with family💔hope next time i find this tikki,1,2022-04-11T02:53:24Z,True
@AshokKumar-yc8kv,Aap india amritsarilassi pe ke daso keddi vadia,0,2022-04-10T13:37:48Z,True
@Sameerdixit70,Bhai food vlogging zia bhai se seekho,0,2022-04-10T05:26:14Z,True
@saleemsaddique911,"500 km ka fasla
Lahore mein a rha hn",0,2022-04-09T18:19:57Z,True
@hussainali-vk9lh,O molvi koi Deen ka kaam Karo yeh khana wana tou aurton ka kaam ha koi jwano wala kaam Karo,0,2022-04-09T14:48:47Z,True
@bangladeshisanaulhaque6092,Fully unhygienic Lahore.....  Thuuu,1,2022-04-08T15:29:32Z,True
@shehzadali2851,I love This Vlog and m Also Food Lover Hun ta Mera V Boht Dil krn lgg Pya LAHORE Aaun nu. ..❤ LOTS Of LOVE From My Side INDIA 🇮🇳,18,2022-04-08T11:56:15Z,True
@dekkooner3297,Mutton kheema puri ke saat halwa🤕. Foodie hoke aise baccho ki tarah kaam mat karo. Lucknow mein kheeme ka halwa milta tha. Search karna. Woh khane wale sab log khum gaye hai.,0,2022-04-08T10:38:15Z,True
@falakkhan6362,"Best line in this vedio
 35 mnt: jo zulm abhi aap logo k saath hua h
khuda ki qasam bhai aapka chammach uthakar dikhana hi hm logo par zulm tha 😭
Aap zabardast youtuber h love and respect from india 🇮🇳",0,2022-04-08T08:07:34Z,True
@saqibsaifi7351,Apki videos khali pet dekhna apni jaan py zulm krna hai ya gunah hai fareed bhai mai to pet bhar khana kha k apki videos dekhta hun love u bhai,1,2022-04-05T15:36:03Z,True
@abhinnakhale7520,esi cities ki condition hamare yha 90's me hoti thi😂,0,2022-04-05T10:05:28Z,True
@soumen440,I am from India..I like all your videos..and I must say food in Pakistan is absolutely delicious..brings water to mouth!!,61,2022-04-04T16:39:00Z,True
@dawateislamidawateislami1722,ALLAH PAK HAZOOR S.A.W k sadqy  mujhy mere waldain ko blky sb k waldain ko sb ko sehat dy aur rehm farmaye AMeen suM AMeen.,2,2022-04-04T06:53:51Z,True
@foodreservation007,I wish this delicious halwa puri I would get on Indian streets as well.,0,2022-04-04T06:14:48Z,True
@khushrang6803,Ye Lahore k log he milawat wala kahana bnate he dalda ghii dalte he or kehte he k desi ghii he mene khod deka he,0,2022-04-04T05:37:00Z,True
@277ankit,If Quality remains then the respect too have life long validity,0,2022-04-03T06:03:56Z,True
@277ankit,If Quality remains then the respect too have life long validity,0,2022-04-03T06:03:32Z,True
@waseemgulshaikh1730,Yr nice view,0,2022-04-02T11:19:29Z,True
@Ba-dastooor,Abbby chutiye khana saraa indian h kabhi kabhi Ram Ram bhi bol diya krrr allah wallah hi krta rehwe hindu bhi teri audience h,0,2022-04-02T10:23:21Z,True
@dastan4558,Love from India...mashallah dekh kr hi swad aa gya...kabhi uhape humare dosto se milne jaenge toh..humne yeh Lahore Wali Gali zarror se jana h,0,2022-04-01T13:07:28Z,True
@gsk2829,"Why partition happened , Indians devoid of the heavenly food",0,2022-04-01T09:05:37Z,True
@manojlala3852,Aapki video quality superb hai bhaijaan,0,2022-03-30T14:24:38Z,True
@pankajm1817,Raat ko bhuk lagti he tab aise video dekhke pet bharta he...waise Lahore me ganpat road naam kaise bhai? India se kabhi aane ka mauka mila to khalunga..muh m Pani aagaya,0,2022-03-28T19:31:06Z,True
@watchego6487,The whole pakistan 🇵🇰 is not even 80 years old how the fuck a small city in this poor country named lahore street food is 150 years old. ??,0,2022-03-27T16:24:01Z,True
@moinuddinqureshi8705,"Arry lassi me ..hath hi daal diya ...kesey apney pi lassi ... """" Hath jo dala tha ..khatti   kesey lgti .. 😀"""" apko khatey dekh .. cheesey hmey bhi muh me pani aney.. lga ... 😊..",0,2022-03-23T21:00:03Z,True
@SINGH-gt9fm,"Saleem Butt Mutton Chanay look so tasty, fresh and hygienic. As the guy says Zayka Mashallah( the taste amazing ), absolutely right...Everybody who is hungry and want good clean and tasty food visit Saleem Butt Mutton Channay and will not be disappointed...",6,2022-03-23T03:42:41Z,True
@nishthachetal8829,"luv from india ,,, very nice video ....ab to lahore aana hi parega aisa mazedar naashta karne",14,2022-03-20T12:48:46Z,True
@WasimKhan-jp8dw,Bhai banti kaisi hai lassi ye bhi bata diya karo,0,2022-03-20T11:34:15Z,True
@junayedahmed2592,I  am   from   Bangladesh.   I    love   Pakistani     foods,1,2022-03-18T03:21:38Z,True
@imjutincl7525,Bhaijan aap mashallah bohot khubsurat ho ❤️😘👍,0,2022-03-17T14:33:43Z,True
@shahnawazkhan834,Kitne gareebo ko khana nahi mil raha h aur tum ese dikha rahe ho,0,2022-03-16T10:11:13Z,True
@muhammadfaizan3404,Bhai hum bhi shauqeen hain khaane ke 1 no. Foodie isliye ek fraud dekha maine apke saath hote huye jo banda chane with mutton sell karraha hai na woh actually mutton hain hi nahi I'm 101% sure that's baby beef Around 30to 40kgs ek baar Gaur zaruur kare.,0,2022-03-15T19:15:16Z,True
@premratawal3885,I can feel the taste by only watching this video bcz i am such a non veg lover,6,2022-03-14T12:03:04Z,True
@nabeelahamad5026,"My king 👑 lion 🦁 Umair javaid hashmi ACMA, CIMA and senior accountant Pakistan Lahore 💎 always and forever more than family and everything",0,2022-03-12T17:10:35Z,True
@anserkhan9430,Inshallah one day I will visit lahore!!!,0,2022-03-11T22:04:53Z,True
@sumit9807,"Bhut accha hai Lahore,hum bhi lahore ka culture jangye ap Dono ke sath .Thanks🙏🏻",0,2022-03-11T16:51:40Z,True
@tarun.todiarora9272,Love to visit pakistan....but the main problem is that u peoples eat beef....mouth watering mutton kachori and lassi,0,2022-03-10T16:13:57Z,True
@Ishuu7,Damn so delicious 😍,2,2022-03-08T18:32:16Z,True
@subonmollik4673,"Owalaikum assalam vai
Foody lover from bangladesh ❤️❤️❤️",2,2022-03-07T19:42:25Z,True
@umairnaeem2608,Motey ki lassi Pura hath vich lassi safai bilcul khasii..hurn Mai ki dasii..,0,2022-03-07T17:06:54Z,True
@curtisjack9867,Abey lodu 150 saal  pahele pakistan toh india jhaat tha or abhi hai anyways nice video nd the flavours are awesome 👌,0,2022-03-06T16:54:21Z,True
@nabeeltahir8478,yar sari baten theek han lekin CHAND SHAHAB ka halway ki kabhi bhi presentation asi nai hoti jasi in vlogers ko saja kr detay han taste wise aur quality wise acha ha sub lekin 220 pao (250g) halwa ha aur gin kay 2 badam hotay han,0,2022-03-06T16:29:32Z,True
@ittbakhan2171,Lahore Lahore ay😇😇😇🤗🤗🤗💛💙💙nice vlog👍🏻👍🏻👍🏻👍🏻,0,2022-03-05T14:54:39Z,True
@palwinderkumar1673,V.V.TESTY LAHORE FOOD.,1,2022-03-05T01:25:48Z,True
@ravinderkalra7593,"I wish I were in Lahore to enjoy rich food .
Love from India .",3,2022-03-04T19:12:56Z,True
@salmansms695,"Omg Bhaiya Its delicious mouthwatering 🤤!
Just share the prices also na bhai.",1,2022-03-04T18:47:58Z,True
@ahmadbaig7698,Great Lahore. Nice video,1,2022-03-03T20:23:55Z,True
@xulfiqarali1367,Ap bhot bhot bhot  bhot achy kam kara ho Abdul malik shab,0,2022-03-03T16:14:20Z,True
@mmazher5826,Ye halwa puri ne bhook lgae hay sakht,0,2022-03-03T02:35:27Z,True
@preetikale8326,Bohot superb vlog hai sir Excellent guys,0,2022-03-02T18:43:00Z,True
@ipreet6850,Sach mei bhai Lahore toh Lahore hai,1,2022-03-01T12:12:12Z,True
@physicsconceptclear8413,Almost same food like india just cow meat in it and for that we have to separete a country !!!!!!!!!!!!!!!!!!!!!!!!   from🇮🇳🇮🇳🇮🇳🇮🇳🇮🇳🇮🇳🇮🇳🇮🇳🇮🇳🇮🇳🇮🇳🇮🇳🇮🇳🇮🇳🇮🇳🇮🇳🇮🇳🇮🇳🇮🇳🇮🇳,0,2022-02-28T12:50:50Z,True
@Pk-Special-Foods,It looks super duper yummy by the way I also make Street Food Videos ☺️,0,2022-02-27T22:15:05Z,True
@asadalimajid8665,Please price batao khano k baare mein,0,2022-02-27T16:10:43Z,True
@mastana63,"At Inner Lahore it is so un hygienic, see milk shop, lassi person his complete hand goes inside lassi.",0,2022-02-27T05:29:32Z,True
@MrMour07,"I am flat food has no rational and national conflicts, food 🥘 always unite people.",2,2022-02-26T17:29:49Z,True
@harbirsingh5901,lahore vich ho ta punjabi bolo na,0,2022-02-26T15:38:44Z,True
@azharuddinsyed9525,This is the most delicious food I have ever watched on YouTube,0,2022-02-26T01:20:05Z,True
@hotmalealways,One day I'll go Lahore and Peshawar just to enjoy  food inshallah,4,2022-02-25T20:12:47Z,True
@sudhadarshini4991,"Love from India that halwa Puri
Made mouth watering 🤣🤣",20,2022-02-25T19:11:02Z,True
@indiamagyarul4519,If I go to Pakistan I will definitely drink Jeddah lassi 😂,1,2022-02-25T17:31:57Z,True
@global9009,3:30 Ganpath road Pakistani  to hum Indian say bi ziyada tolerate niklay 😂,0,2022-02-25T17:05:28Z,True
@sabirmallick2865,Really bhai mujha pakistani khana se bahut pyar hai waha ka jo khana hota hai wo pure would me khai nahi milty q ke mera sat dubai me pakistani bhai log rahty the wo log ka khana ka koi bat nahi our panjabi ke mashallah kavi moka mila to Pakistan jarur aua ga,0,2022-02-24T10:48:53Z,True
@lilymuning7377,"I want go to Pakistan someday... I want to taste street food in every city in Pakistan... Lahore,,Karachi..",0,2022-02-24T09:55:08Z,True
@umer_khan_vlogs,Assalamo alykum fareed bhai maza aa gaya me bhi foodi lover hu but bhai me india se hu ye india me nhi milta😋😋😋,1,2022-02-22T14:51:17Z,True
@amaansiddiqui056,It's so delicious saliva is dripping from my mouth... ❤️❤️❤️❤️ lots of love from India 🇮🇳🇮🇳🇮🇳❤️🇵🇰🇵🇰🇵🇰,19,2022-02-21T16:56:15Z,True
@shahzadhussain4470,Asalamalaikum lahor k logon such m bahut testy foods h wahan k mashallah,1,2022-02-18T20:04:48Z,True
@muhdnizam1929,Walaikum salam bhai..the best food,0,2022-02-18T13:07:13Z,True
@nasirmurtaza143,looking tasty ...   nice food..,1,2022-02-18T11:09:36Z,True
@nasirmurtaza143,looking tasty ...   nice food..,1,2022-02-18T11:08:18Z,True
@AnkitYadav-is5ii,Hi sir i from India  i very missed this foods in India,0,2022-02-17T16:37:01Z,True
@positiveattitude2628,Mouthwatering... Wish the Pakistan Government allowed Indian tourists.. love to visit with my family if Hindus are not disliked...,0,2022-02-15T16:27:33Z,True
@iramkhan2298,Assalam alaykum bhai aap bhut testy testy khanay kahtay ho mujhay aap say jealous ho jati h,0,2022-02-15T10:53:43Z,True
@mahumansari297,Ohhhoooo😍Malik bhaiii lassi peekr to maza aa gya 😋😊😊,1,2022-02-11T17:03:36Z,True
@mxclanleader436,Bhai bohot khob Maza aaya,0,2022-02-11T15:51:36Z,True
@theindian5959,Streets of Lahore seem so much like Delhi's,7,2022-02-11T08:55:59Z,True
@vinaykumartandon6898,Bahot hi pyaari or natural way me presentation hai apki. Lots of love from India. 🙏🙏,3,2022-02-09T13:53:36Z,True
@halimaaslam8801,Jesy aap khatay o hmara b Dil krta ha phir khanay ko,0,2022-02-09T12:27:13Z,True
@preetamgoliwdekar729,"HALWA PURI VALE  LOOKS LIKE NUSRAT FATEH ALI KHAN SAHAB, WATCHED LOT VIDOES ON LAHORE FOOD , I WISH I COULD ACTUALLY VISIT AND EAT THIS STUFF...... FROM INDIA",0,2022-02-09T10:41:34Z,True
