﻿author,comment,likes,published_at,is_relevant
@Littlestars.20,"Seriously guys you done that vlog very well ..I have started to see your videos recently me n my kidz are now big fan of yours ..jeetay rahen Khush rahen ..Allah Pak ki amaan me rahen hamesha 
Ameen sm ameen
Love from Multan۔❤️",42,2022-05-28T17:29:34Z,True
@bsr3866,I'm from Türkiye and InshaAllah I will settle in Lahore ke 😅,0,2025-03-25T11:34:08Z,True
@Submit4Success,"really nice video, i miss Lahore : )",0,2025-01-18T21:51:33Z,True
@amberwaqar1899,"Please please Mam old Lahore Abdullah market ka visit karain
Your fan",0,2024-12-02T15:16:40Z,True
@Cookingwithali-an9,Lahore is best city in pakistan,0,2024-08-09T10:48:14Z,True
@CelticMickTravels,I am a travel vlogger and am going to Lahore and Islamabad in September and can't wait 🇮🇪🇵🇰❤️,2,2024-08-08T19:52:04Z,True
@nilajananil7677,Pk me sb bahut khubsurat hote hain ❤ I love pk drama. Waha ki ladkiya bahut sabhya hoti h,0,2024-07-26T18:43:07Z,True
@FDONLINESHOPPING,We run small business but 💯 best delivery Riyadh usa dubai parcel bn raha hai,0,2024-06-30T08:17:29Z,True
@swapnilpawar8015,"7:05 are nalayko, fruit salad ki plate ammi ke hath me honi chahiye thi aur unhone sabko khilana chahiye tha. Yahi fark hai India aur Pakistan me. Bohot bura laga ye dekhke..",0,2024-06-18T17:42:46Z,True
@zipitar9018,I bought fuddi in Lahore 😂 garam maal in 500 only hira mandi is famous for cheap sex,0,2024-04-28T07:01:24Z,True
@SanaSana-jj2bn,"❤ love from Pakistan Lahore 🇵🇰, Carry on.😊",0,2024-04-19T19:44:51Z,True
@muhammadshafiquedaiwliqadr3208,"DATA D NAGRI LAHORE
🤲📿😍🤩✌",0,2024-04-11T10:56:25Z,True
@bhumikakoranga7420,mai daily aapke vloge dekhti hu big fan love from india 🇮🇳❤️,0,2024-04-02T14:33:25Z,True
@gyanmani3558,"Mai bhi pakistan jana cahrta hu waha ke logo se bat karna chahta hu
But kya karu waha jane me thora hichak hote hai",0,2024-03-03T08:38:48Z,True
@Thecrazyfoodie-y2w,Can anyone tell me top tourist/famous  places to visit in lahore pakistan ❤❤,0,2024-03-01T10:39:44Z,True
@arorasingh7699,I first to see your vlog and happy for talking to dsikhs in lahore,0,2024-01-28T23:37:14Z,True
@scottjames51,I just wish it was all in English as I need to know  the actual prices..,0,2024-01-21T13:02:34Z,True
@irfraz,"salaam - Planning to visit Pak in few months with family. I visited Karachi 18 years ago last time, kids never been to Pak, so little nervous :)",0,2023-12-28T22:25:36Z,True
@samar.sandhu8,use  small mic during talk,0,2023-12-05T11:07:39Z,True
@SameerIbrahim-bl8vx,Iam from India 🇮🇳🇮🇳🇮🇳🇮🇳 but I love Pakistan ❤️❤️❤️❤️✌️✌️🇵🇰🇵🇰🇵🇰🇵🇰🇵🇰 and Pakistani food's 🤤🤤😋,3,2023-11-16T15:22:53Z,True
@rajeevkatyal2342,"Please also  show us present Multan city. We are Multani Indians, #multaniindians, our elders migrated from Multan, Bahawalpur, DG Khan etc,",0,2023-10-12T06:58:14Z,True
@AbdullahShz,Eid days rush hours full masti full maza,0,2023-09-22T21:42:07Z,True
@Oibsfamily,Uff loved the video! I really want to visit androon lahore again. Bano bazar or bachpan ki wo chaat 💕,0,2023-09-11T17:32:43Z,True
@rajeshdesai5413,"Halala karneko man hota he, ,you are beautiful,,,love you so much",1,2023-09-09T12:20:21Z,True
@alimaqsood5155,I like youre vilogs this is youre trip lahore anarkali i see laiter.... becose i am from lahore anarkali ❤,0,2023-07-21T21:55:11Z,True
@cesarlopez8273,"Nice Lahore Pakistan, greetings from Brazil",5,2023-06-19T04:16:59Z,True
@techplusit,Weolcome to Lahore...,0,2023-06-15T06:43:11Z,True
@DuaNoor_bo9cg,Assalam-U-Alaikum agr ap ghr bethe bgher investment k pese kmana chahti h to mjh Rply kare oriflame products ko beche or apna profit kmaye or team me kam krk monthly comission hasil kare without any fees Thank u,0,2023-06-09T13:55:40Z,True
@jazibhusssain,The quality is showing all of your dedication,1,2023-05-27T05:58:22Z,True
@romanreignsofficial9986,Sanatan Dharma 🚩🚩🚩🚩,0,2023-04-28T11:34:49Z,True
@sameersingh5960,When u guys are planning to visit India. In India u will get variety of things in reasonable price 😌😌.love from India (up) 😂,1,2023-04-25T07:25:37Z,True
@ranazubair3914,The ever first Noble Family Vlog.. for 👪,1,2023-04-21T20:09:13Z,True
@almashfnihal9615,Dusmani ektaraf ... lekin Pakistan ke larkiya  mashallah ... Agur hum log dusman nhi hote toh ek toh pata leta mai,1,2023-04-15T20:55:57Z,True
@KapilSharmaSirsal,aap bahot khubsurat ho,0,2023-04-11T22:14:52Z,True
@pristinewhite6218,Lahore ka paya akthar laya😂,0,2023-04-08T16:09:10Z,True
@Atheist90-Intaz,"World's most polluted city ""Lahore' (⁠◔⁠‿⁠◔⁠)",0,2023-03-15T12:18:03Z,True
@saoodsaood36,I visited lahore 2 times once in 82 and second in 86 i was 9years old than.... i visited anarkali ichhra and all famous places in lahore... umeed hai kabhi phir is city aana hoga.... mere Bachoan ki bahot saari yaden is city main hain speacially patangbaazi in basant... love from india,5,2023-03-12T08:10:18Z,True
@roshanshingadia1442,"Lahore is my favourite as my Mumbai India. Food and cultures are same. You people are really sharing a wonderful videos of my favourite Lahore. Whenever I see Lahore , I hate people who partitioned the country. Wish I could visit once in my lifetime. Really dying to see Lahore. Lots of love and respect  from Mumbai , India.",11,2023-02-21T19:09:47Z,True
@solanki87,Nice  video whith family 👪..,0,2023-02-19T10:08:37Z,True
@omarawais6015,"I swear whenever I watch these kind of videos I started very emotional even we all go back to Pakistan every year 
The best thing is when we’re in Pakistan we feel like we’re pandhu front of Lahore people 😂😂😂😂",0,2023-02-19T01:51:44Z,True
@abidmarketlahore,From lahore 🇵🇰,0,2023-02-18T09:31:03Z,True
@loyal6288,Very cheap market in the Lahore mujko jama masjid yaad ahgaya,0,2023-02-15T16:29:10Z,True
@akhtaransari08,Or kanpur ke log ese ni hote,1,2023-02-15T10:27:11Z,True
@akhtaransari08,Indian me isse achha or sasta saman mil jayga,0,2023-02-15T10:26:16Z,True
@AmirAli-hk7fg,Pakistan aur India ke border ka video dikhao,0,2023-02-12T12:47:16Z,True
@poemverse4,Meri gf thi lahore se or mai india se usne dhoka dediya merko 🥺💔,1,2023-02-03T09:34:09Z,True
@mohdriaz6342,Pakistan open its borders for infidels like Hindu and sikhs but pakistan can't provide visa for Indian muslim who want to do Hajj by foot shame on pakistan government,0,2023-01-22T16:55:52Z,True
@amilchaudhary2135,"Assalamuailaikum,❤️love from India 🇮🇳🇮🇳
8:45 I am from Rampur, Moradabad up(state). Rampur nawabo or rampuri chaakoo ke liye famous h. Yaha aazadi se pehle nawabo Ka raaj tha. Mughlai dishes or moradabadi biryani all India famous h.yaha raza library me Hajrat Ali ki hiran ki khaal pr likhi Quran Pak bhi h. Bollywood movies me rampuri chaakoo Ka use hota h with dialogue.",6,2023-01-21T09:09:41Z,True
@rukhsanakhan9944,Masahallah the most beautiful family ♥️♥️♥️,1,2023-01-18T02:31:19Z,True
@philali3064,I like  Lahore,0,2023-01-13T05:16:19Z,True
@udaydelmundo,Lahore and Old Delhi have similarity ...look like same place,0,2023-01-02T20:17:04Z,True
@Nazimali-iv3vl,Lahore is love ❤️,2,2022-12-23T15:21:35Z,True
@bhahlouelu8223,"For many reason like , love pakistan country , lahore city is diversity city , great culture n colourful at the same time , greetings from land of tropical rain forrest archipelago , o'k terima kasih",6,2022-12-18T20:45:25Z,True
@dirghjhukeganai7062,bohot sundar hai aapka lahore,1,2022-12-10T05:43:02Z,True
@dirghjhukeganai7062,muje please ghuma do Lahore me vo lehjjatdar khana khana chahunga Lahore ka mast mutton kabab bakre ka only or vo lachhi bhi pina chahunga aur vaha kya gutka milta hai kya tambaku wala paan mast aur khane se pehle 2 beer nahi 3 beer um..4 beer bas thank you Immy and Tani,0,2022-12-10T05:40:54Z,True
@officialkkattri,Nice One.....U Remind me my mom She was  from this old Lahore....Told so much about these Bazaars and etc.,0,2022-12-09T17:34:13Z,True
@abrols,Crazy to see that you buy all fake stuff and say it’s looks very original!! Real Adidas that is clearly never sold in street stalls.,0,2022-12-09T15:39:07Z,True
@pinakmiku4999,"Excellent vlog! Lahore, Pakistan is beautiful and people are very friendly! Lots of love from India!",11,2022-12-08T05:55:31Z,True
@jerrysingh4935,Kya baat hai mazza aa gaya Lahore dekh ke aaye to nahi but heard a lot about it keep the good work thx for sharing,2,2022-12-07T16:22:02Z,True
@dwipayanganguly1677,zalimo itna lazziz street food dikha k muh mey pani la dia delhi amritsar lahore streed food foddies ka zannat hey,0,2022-12-05T05:47:49Z,True
@anilambani1428,salam to all.. i m basically from Old Delhi jama i heard that Lahore and Delhi almost same to same like old Delhi new delhi.. old lahore new Lahore same language same food same culture same thinking.. i hope one day all hatred and polticis will be finished and we beocme one like other neighbouring countries..,1,2022-12-05T01:04:52Z,True
@HarmeetSinghMEET,"I am Harmeet Singh from New Delhi, INDIA. lovely place, lovely people, good stuff for shopping. I hope I will visit some day in my life to Lahore. Great video.",15,2022-12-04T15:09:48Z,True
@palakdeepkaur7005,You specialy met with sikh family very good its show your true love nd respect🙏🙏👍👍👏👏👏👌👌👌,1,2022-12-03T08:50:24Z,True
@VishalSingh-lb3eu,England cri ket team ias a great fan of lahore cuisine.,0,2022-11-30T18:57:51Z,True
@ashwanisharma7853,"Hello respected madam, I am from Hisar, Haryana Bharat, very beautiful information given by you about Lahore, anarkali bazar, clothes Shop, bags shop, and footpath items for eating and enjoying,hamare yahan par yeh kahawat hai, jis Lahore nahin dekha usne kuch nahi dekha, Paris of joint punjab, take best wishes and regards from me for you and your family members.",4,2022-11-29T16:52:42Z,True
@mohitanjankar8484,Dekhana pakistan me halala no jaye.jada guma mat karo.minare pakistan pe ek tiktok ladki ka halala ho gaya tha,0,2022-11-29T16:20:28Z,True
@being_rasheed,It is same like delhi no difference food ppl culture all are same,0,2022-11-29T12:28:22Z,True
@WaseemKhan-jf1hm,Hello tum bohot sexy ho jaan I am kiss your lip,0,2022-11-28T02:39:07Z,True
@itsmissmysterious,Very nice Lahore 😍😍,0,2022-11-27T17:23:04Z,True
@amitsharma-jv3ez,"Vissa too Deata Nahi AAP Agar Lahore Dekhna hoo too Kiya karen.
Me from Indian Punjab",0,2022-11-26T15:53:30Z,True
@arivuvazhagan4870,l love pakistan. &  lahore,0,2022-11-24T11:54:43Z,True
@karamjsrihal4631,This can be any city in India but specifically Old Delhi...with large muslim population. I am from Delhi but we never ever went to that area. It was like a foreign country. I went to that area few years ago...after 30 years...don't trust any of the food sold there or any street food in Delhi. Unhygienic and unhealthy...I get sick everytime I try anything from the streets.,0,2022-11-24T01:57:22Z,True
@Deepak-gv4ze,"beautiful family, beautiful lahor, love from india",6,2022-11-23T12:05:57Z,True
@shafeeali1832,Sikh bhai ko dekh kar bahot accha laga,1,2022-11-23T04:25:18Z,True
@MohammedIrfan-wc3zm,Just a lovely family mA - down the memory lane and all the way around.,2,2022-11-22T23:46:22Z,True
@kdfighter1040,Shehar ka naam Lahore hai ya lohar hai kya,0,2022-11-22T07:09:50Z,True
@profofhowandwhen786,"I am Living in anarkali as well,",0,2022-11-21T09:40:28Z,True
@kulwanthallan3133,"Mashalla bahut shukar jioji, bahut khoob, Kya baat jioji, in Shri Amritsar sahib is also like Gates ..Lahori Gate and  many more dearest piari beti jioji...surf border hi hei otherwise do difference between our culture and if eating habits jioji. Subh Bhai bahi hi hei jioji.. subh ja Malik Parvadghar Allah God Ram waheguru jioji Ek hi hei jioji. U're do caring sharing hu jioji. Bahut bahut shukaria jioji jug jug jioji all of you with God's Blessings and His best wishes jioji ek bajuragh maa 🙏🙏💞🙏🙏🙏💞❤️🙏💘🙏",0,2022-11-20T23:04:50Z,True
@babarazam1165,"Kitnaa sastaa hai original Addidas hoody
😂",0,2022-11-20T19:19:55Z,True
@babarazam1165,"Wow !!! So clean and neat city ❤
Vegan food miltaa hai yahaan",0,2022-11-20T19:18:37Z,True
@vishwassahu8777,It's not possible you have to buy original Adidas brand uper wear of 300rs and 1400rs Hand bags.in this videos market was super cheap and beautiful. Specific Anaarkali market.,0,2022-11-17T17:14:02Z,True
@devbhumiexplorer9,Beautiful vlog .. beautiful food halwa .... congratulations your team in Final t20 world cup....and final will India 🇮🇳🇮🇳 vs Pak .....India 🇮🇳 jheet RHA h......😄😄😄😄,2,2022-11-09T17:25:40Z,True
@NomanKhan-yw9xi,City of love Lahore 💖,1,2022-10-09T14:03:49Z,True
@Trading7612,i want to go to lahore,0,2022-10-09T08:26:31Z,True
@Trading7612,lahore is also beautiful ❤️,2,2022-10-09T06:53:27Z,True
@saqibsheikh2651,Great city lahore,0,2022-10-09T06:26:21Z,True
@ptmapanberkahjaya1640,"Assalamualaikum Hello mis, my name is Muhamad Rokim from Indonesia I have an export company in the field of spices especially ginger, if there is a company in your country that needs a large supply of ginger I believe we can be one you can trust and rely on. So it would be nice if we could try to supply products to companies or markets in your country.

may i know the email or website of the company or market managing ginger in your country

Thank you and regards",0,2022-09-23T10:18:11Z,True
@isupportmixed-economy7427,LAHORE is BEAUTIFULL,2,2022-09-09T10:50:07Z,True
@preetysaikia1740,"Hello didi Apka video ham reygular deykhti hu,ap bohot hi butifull ❤️ hia didi, apka satd fraind ho sakti hu didi",0,2022-09-07T11:17:28Z,True
@gurnoorchahal6045,Ra mpur main esa kuch bhi nhi hota  bhut acha aur sakoon pasand city hai,0,2022-09-05T16:12:03Z,True
@mdnasar7370,"Siyasat ke hukmrano ne apni gandi  siyashat se dono desho ke bich diware khrhi kar di but hai dono seme hi India Pakistan kash ye patition na hota to ham bhi ja sakte ghumne wo bhi aa sakte the India but kya kre afshosh hai hme  bahot ,😞😞😞😞😞😞",0,2022-09-03T17:22:10Z,True
@imranqureshi-nj1di,"nice 2 c u in lahore.will c this part of anarkali,never seen before",0,2022-08-20T15:37:46Z,True
@komalaghera5019,"In ram rajya god ram son name was love kush Lahore name was given aft Mughals took it frm Indians , it was name love in God ram name",0,2022-08-16T18:10:09Z,True
@fifitheflowerpot,Me wants to eat fruit chaat😋,0,2022-08-14T22:31:51Z,True
@AshokKumar-ww1uf,i hope i reach there and enjoy food of Lahore from India and god bless you both of you,6,2022-08-13T07:25:23Z,True
@daydreamer7783,Papa ko dekh ke lag rha hai ..ki beti kuch jeada hi different hai…papa Udhar liya hai,0,2022-08-11T20:01:59Z,True
@RK-ei8ql,OMG FEELS LIKE IT CAN BOMB BLAST ANY TIME IN MARKET DON'T YOU FEEL AFRAID OF GOING TO CROWDED PLACES,0,2022-08-11T16:09:39Z,True
@LylieRandale,"Lahore better than Paris 
I found a lot of good clothes in Lahore",3,2022-08-11T09:52:59Z,True
@fqqures1019,"really great video, you are a beautiful family",1,2022-08-04T21:32:11Z,True
@pb02verka43,I love Lahore i am from Amritsar,0,2022-08-04T18:21:58Z,True
@Yeh_Dil_Aashna_Hai.,I love Lahore and its people. Love from India 🥰🥰🥰,5,2022-07-28T06:02:16Z,True
@NaveenSingh-ix5kr,Are chacha aap 50 sal pahle ka rampur bata rahe ho ab UP me Yogi ji hai idhar koi hathiyar uthata hai udhar incounter ho jata hai mai UP se hu aur Rampur me sirf muslim nahi rahte Hindu bhi rahte hai aapki jankari sahi nahi hai.,0,2022-07-11T07:18:15Z,True
@dilapnapunjabi703,Khol do yr border 😫😫😫😫 asi Lahore ghumna a,0,2022-07-09T19:36:34Z,True
@sarafukhader4088,"Iam a indian now I think why people broke this country .....But very nice place Lahore ...Also I have friend i. Her dubai from Lahore.....Love it 

Jai hinduathan",2,2022-07-09T16:05:18Z,True
@Maverick31290,"There’s 1 thing of Lahore it is always full of energy vibrant people there are always anticipating they are all always heading somewhere,it is impossible to feel bored when you’re in Lahore as its a lively city that never sleeps",3,2022-06-28T16:49:24Z,True
@EntertainmentHUB751,"Lahore is Love😍
Pakistan we love you from indian Punjab",1,2022-06-18T04:46:09Z,True
@punjabimundaUK,"What really spoils these videos is when people are in Lahore, they surah in Urdu instead of Punjabi. That's when I stop watching",0,2022-06-12T12:45:05Z,True
@Supermaverickbinesh,Indian products are available in Anarkali Market. Mera Bharat Mahan,0,2022-06-08T16:29:41Z,True
@shabaistabaigum570,Went to Anarkali and Azam market few months back. It was a crazy adventure to shop there.😅,2,2022-06-05T03:38:43Z,True
@camelwho3602,bazaars are so fun but always crowded!,3,2022-05-31T10:06:41Z,True
@purely_punjabi,Bhalla ji kehnde nei jinne Lahore nyi vekhya ohne kuj nyi vekhya.. I think it's true.. Thank you,0,2022-05-30T18:59:30Z,True
@economicsadda7376,"A legend based on oral traditions holds that Lahore, known in ancient times as Nokhar (City of Lava in Sanskrit),[1] was founded by Prince Lava,[2] the son of Goddess Sita and Lord Rama; Kasur was founded by his twin brother Prince Kusha.[3] To this day, Lahore Fort has a vacant Lava temple dedicated to Lava (also pronounced Loh, hence Loh-awar or ""The Fort of Loh"").[4Lord Rama fighting Lava and Kusha.

The oldest authentic document about Lahore was written anonymously in 982. It is called Hudud-i-Alam (The Regions of the World).[5] In 1927 it was translated into English by Vladimir Fedorovich Minorsky and published in Lahore. In this document, Lahore is referred to as a small shehr (city) with ""impressive temples, large markets and huge orchards."" It refers to ""two major markets around which dwellings exist,"" and it also mentions ""the mud walls that enclose these two dwellings to make it one."" The original document is currently held in the British Museum.[6] Lahore was called by different names throughout history. To date there is no conclusive evidence as to when it was founded. Some historians trace the history of the city as far back as 4000 years ago.[7] However, historically, it has been proved that Lahore is at least 2,000 years old. Lying on the main trade and invasion routes to South Asia, Lahore has been ruled and plundered by a number of dynasties and hordes. Ganga Ram is regarded as ""the father of modern Lahore"". siyapati ramchandra ki jai 🙏",1,2022-05-30T13:30:04Z,True
@ahmedsiddiqui8550,"It's looks as if am watching Hyderabad (India) city...it's exactly same...even the advertisement billboards plus the politicians bill boards ,  khussa (we say jooti or saleem shahi ..kolapori chappal)",2,2022-05-30T10:47:36Z,True
@sumairakiduniya7976,"So glad to see you guys in Lahore espacially in ""ANARKALI"" market. Best wishes for your next velog which will maybe in Kutarpur. 😃",5,2022-05-30T07:36:33Z,True
@sumairakiduniya7976,This video brings back such great memories of me shopping in Lahore. You guys should do the Indian Pan Bazaar next time too. I just love how you guys mashAllah don't hesitate to buy from cart stalls just like the locals do. Superb video and amazing Lahore series. Now I'm waiting for the next vlog to see where my Fav Immy and Tani are now!!!,27,2022-05-30T07:36:27Z,True
@TravelwithfahadAhmed,"Welcome my beautiful country and city Lahore,I love pakistan, Your video is very beautiful Thanks for sharing friend, 👍👌🙂🌹❤️",2,2022-05-30T03:08:18Z,True
@farzanasiddiqui7911,This video brings back such great memories of me shopping in Lahore. You guys should do the Indian Pan Bazaar next time too. I just love how you guys mashAllah don't hesitate to buy from cart stalls just like the locals do. Superb video and amazing Lahore series. Now I'm waiting for the next vlog to see where my Fav Immy and Tani are now!!!,0,2022-05-29T12:53:51Z,True
@bilomotu877,khoshkismt ho jo lahore gom ry  ma bi lahore sa hu .. pardes ma apna watan  bot yd ata .. ALLAH kisi ko apna watan s juda na kri aamin ..,0,2022-05-29T03:20:21Z,True
@noshabadaud4189,My first love Lahore... after Melbourne,2,2022-05-28T23:32:21Z,True
@football_master_shibu,"Bhaijaan, india aoo kabhi yaha ke Street food aake try kro.",0,2022-05-28T21:06:47Z,True
@abhijeethttp,Very colorful blog :) Felt like I am roaming in Lahore behind a camera. :D,11,2022-05-28T19:24:08Z,True
@mrprince5474,Hi please town ship lahore k samsosa khana mat bhoolna,0,2022-05-28T19:06:49Z,True
@hamidbasharat4,"So glad to see you guys in Lahore espacially in ""ANARKALI"" market. Best wishes for your next velog which will maybe in Kutarpur. 😃",11,2022-05-28T18:26:42Z,True
@myne8034,Lhr n lahori food is too good 👍👏👏,4,2022-05-28T17:41:35Z,True
@sunelakiran516,Nice to see lahore amazing places with you both extremely exciting 😀 keep going strong guys.,4,2022-05-28T17:40:34Z,True
@Littlestars.20,"Seriously guys you done that vlog very well ..I have started to see your videos recently me n my kidz are now big fan of yours ..jeetay rahen Khush rahen ..Allah Pak ki amaan me rahen hamesha 
Ameen sm ameen
Love from Multan۔❤️",42,2022-05-28T17:29:34Z,True
@sanjivkeskar2547,Very nice city Lahore. Thanks for introducing Pakistan & Pakistani culture. Highly appreciate your efforts. Pakistan is unknown for us especially to Indians.,24,2022-05-28T17:16:56Z,True
@abhishekbawejareplaysABC,Beautiful lahore ❤,5,2022-05-28T16:57:48Z,True
@noorfarooq6789,Wow boht mazay k hoty hen LADO pethiyan waly mery husband b Ishaq se Apne kapry stitch ker waty hen,0,2022-05-28T16:50:31Z,True
@JorionJ,Lahore LAHORE H 😜 <3,2,2022-05-28T16:14:16Z,True
@indianlover3773,Ek Dream h ki ek bar Lahore ana h,8,2022-05-28T16:03:14Z,True
@Immymaryam,This was honestly so much fun!!! The whole interaction with locals is what true travelling is about. Will miss Lahore so much. Are you guys ready for a twist in the next vlog?,67,2022-05-28T16:02:14Z,True
