﻿author,comment,likes,published_at,is_relevant
@BB-zu2ov,client apna makhan aur desi ghee latay hain 🤣🤣😆,0,2024-08-03T18:30:28Z,True
@MSFootballEdits,Intehai Ghatiya mehnga ghaleez tareen khana. Bekwus kertay hn. Peson ki tabahi,0,2024-08-02T17:56:01Z,True
@khurramshahzad-wi3ky,"Boht hi bekar ha. Waste of money. 750 rupees ka leg piece at least 200gm ka weight ho ga. 50 grm ka raita 40 rupees ka. Arif chaska should earn halal
 He is earning too much profit.
I will never go there. And recommend every one who earn halal not to go there.",0,2024-07-05T17:03:07Z,True
@fidakarim5004,Sir Price please,1,2023-12-18T14:14:44Z,True
@Hussain-b8c,Lahore Ka sab sa gatiya taste,0,2023-10-27T22:32:15Z,True
@EduTubepakistan,Ye waha k logon k leay bht acha ho ga jo kuch b kha lain tu hazam ho jaiyee hamaray tu pait kharab ho gaye thy bilkul b safaie nhn the urdu point waly vedio tu bana dety but kudh nhn khaya ho ga,0,2022-10-17T03:38:01Z,True
@MerajUddinSiddiqui,"Boycott Israel Supporter Products,
Coke Pepsi Mc Donald KFC Pampers P&G Uniliver Nestle etc

IsraelTerrorist",1,2021-10-01T19:10:17Z,True
@RedRose-pc3it,Yummy ma ne  khaya ha ye iss ki recpice b share kary,0,2021-10-01T15:56:32Z,True
@farazbutt7493,Urdu point walo Pta apko ghnty ka b nai h..Sab s tasty or  sab sy purana Shah Dola tawa pices h fzul bar bar krny ajaty h pagal bnany logo ko,0,2021-10-01T07:00:09Z,True
@Ziaentertainmen,Bakwas taste ha,0,2021-09-30T18:40:01Z,True
@mizskhan3560,"I tell you it simply awesome. Especially , it’s my favourite food point Arif  Chithara .I love Tawa Chicken with Roti.When ever I visit Lahore, my brother takes me there. I donot only eat there but also pack for next day. 
I wish they have branch in London.",2,2021-09-30T17:29:46Z,True
@pakiatanzindaabad9103,Androon me Arif chatkhara or Shah g Tawa piece .. Kya he bat ha boht yad Ati ha Apny sohny shehr ke,1,2021-09-29T15:12:41Z,True
@javedanjum7707,Mehnga hai rate kum hona chahye taky har gareeb ameer kha saky,0,2021-09-28T14:45:14Z,True
@shamrozkhan4327,Ye khany k bad me bemar zaror hota hn,0,2021-09-28T14:25:09Z,True
@ayeshanaseer4980,"Koi nahi mazay ka ye main video dekh k specially khane gae the dry hai bilkul nahi pasand aya mujhe, model town mai shop hai wo boht kamal banaty",1,2021-09-28T12:58:02Z,True
@muhammadmusa6519,Oh bhai jan Rub Da wasta jay 1980 main to arif sab is field main he nahi aiy thay aur sab say pahlay aik bareek say buzarg hotay thay jo desi makhan ke sath tawa piece banatay thay arif chatkhara ke samnay tea stall ke sath subha ke time wahan par news papaer ka stall hota tha aur sham ko wahan par tawa piece lagta tha main khud androon shahar ka rahnay wala hoon mujh say ziada kon janta hay is cheez ko,1,2021-09-28T12:46:10Z,True
@afzalbhatti8024,Very nice Boss g from Lahore,0,2021-09-28T10:18:52Z,True
@farazasjad86,Fazool hai ye .,0,2021-09-28T01:54:21Z,True
@fehmidanadeem3157,On line order hota j,0,2021-09-27T17:51:22Z,True
@ahsanasif8819,Hum loag 20 min bhaidhay rahay koe order hee nai tha laynay aya..,0,2021-09-27T07:15:09Z,True
@tiktokfuntimes8113,So yummy and tasty Recipes thanks for sharing,3,2021-09-27T05:17:41Z,True
@waseembutt6355,It's not true the list food point that introduce tawa chicken was shah daula tawa chicken in texali gate and the taste was far better then Arif tawa chiken,0,2021-09-26T18:13:38Z,True
@brownboy9057,Ye shop kab open hoti hy ?,1,2021-09-26T08:38:07Z,True
@hamzashah199,"I love this ...... Dish
  so tasty yummy   Chaska....",0,2021-09-26T07:00:08Z,True
@humzaali9225,370 ka piece itny me 3 piece milty raw bht high rate bhai bht high,0,2021-09-26T01:51:55Z,True
@malikali007officiall,People who are watching this comment I wish there parents still alive more than 💯+ years God bless you and your family,0,2021-09-26T01:47:27Z,True
@attiawaheed1459,May nay khaya hua h bht tasty hota h,1,2021-09-26T00:22:25Z,True
@munazailyas7153,G han mn ny khaya ha buht he yameeeee r spicy ha r kimat b buht reasonable,1,2021-09-25T20:36:09Z,True
@kazimali6429,Lovely taste in the world😍😍,6,2021-09-25T20:16:34Z,True
@babaralibabarali4207,Mashallah good quality brother hum nay khaya hai tawa peace apki shop per .,1,2021-09-25T19:51:09Z,True
@usamatariq8715,"Criminally overrated! Excessive use of spices, neither a good taste 🔥👎🏻",1,2021-09-25T19:47:26Z,True
@Ahmadjamal_jk1,Naam hi hae khana baqwass or rate bohat high,1,2021-09-25T19:04:51Z,True
@mbadar4093,inthai ghtya taste,1,2021-09-25T18:43:40Z,True
@Abdullahshahid1,Kia recipe honi hai inthai fazool mirchoo say bhara hua hai taste to hai he nahi sirf mirch hai jitni marzi taiz kar lo maiday ka janaza nekal day gi or kia,1,2021-09-25T18:40:31Z,True
@goodman276,"I m Bilal Bilal falak from lahore 
Big fan   😋😋😋😋😋😋",2,2021-09-25T18:31:12Z,True
@UmerTvCric,I'm losing my confidence me itni mehnat krta ho lkin koi chote you tubers ko support ni krta sab stars ko krte bs////////////.,2,2021-09-25T18:06:38Z,True
@VickyDhamakaReacts,"Best Hope - Allah❤️
Best Leader - Muhammad ﷺ(s.a.w)❤️
Best lyrics - Adhaan❣️
Best Guid - Quran ❤️
Best Request - Dua❤️
Best Tour - Hajj❤️.",12,2021-09-25T18:01:54Z,True
