﻿author,comment,likes,published_at,is_relevant
@ajaygeorgeramsay3616,"Very very nice  Rohu fish fry,  Aanda pakoda.❤❤❤",1,2025-11-27T11:37:23Z,True
@ManiShah26,Lahore Ki BAAT He Or Ha Really Missing Lahore Food Shah Ji Greece 🇬🇷 Sy Ap Ki Video Dekh Raha Ho,1,2025-11-07T15:08:48Z,True
@aktiv-82,Azhar Saheb ask your photographer to focus more on the stuff you are talking about instead he is keeping you in focus all the time,1,2025-10-31T21:04:12Z,True
@johnsonbose2876,What was the price of fish?,1,2025-10-11T20:10:50Z,True
@anwarnomani7655,Ka ye dukan bhon Pura chok se Ander mazang Bazar me dakil hote he sedha hat per hai,0,2025-10-06T16:47:34Z,True
@Heavy_Awais,"Hello sir 
M DHA phase 7 sy location pay check kr Raha hoon
Muger Kuch be show nahi ho Raha
Plz batyin Kesy address mily ga
Thanks",1,2025-10-05T18:25:56Z,True
@sobiakashif8426,"Mere nanihal
Ha sara hum jate han ir khate han inki fish bhi buht achi b",1,2025-10-03T17:17:53Z,True
@ikcattleandgoatfarmslahore1218,Just fantastic........After Shah Din Building Lahore.It is Shah Din Fish 🐟🐠🦈,0,2025-10-03T15:57:01Z,True
@asadboby2499,Buhat mze ke fish he .zabardust,0,2025-10-02T21:38:45Z,True
@sohailnabi618,"Ya Allah ye LAHORIA LOG. 
KHANA. KHANA AUR KHANA
After eating BLOOD GLUCOSE  600
HIGH LIPID PROFILE
Then early HTN
CARDIAC DISEASE",0,2025-10-02T15:08:08Z,True
@sohailnabi618,Lahore kay log  chatoray her waqt baher say khana peena.,0,2025-10-02T14:57:38Z,True
@meetjaz,show the food when eating.,0,2025-10-01T07:06:35Z,True
@mianmehmood8456,I was born in Saadi park mozang Lahore and study in government high school Mozang and this shop owner is my relative from far and near and I eat soo many times from here,4,2025-10-01T01:55:47Z,True
@NaeemKhalid-o7u,Sir g mery bhai ki shope ki b video bnayen raja burger 🍔  new mozang bagh gull baegham chok,1,2025-09-30T21:32:21Z,True
@MohammadYaqub-o7r,Mohni. Road. Kub. Explore. Karo. Ge. Islamia. High. School. Mohni. Road. K. Gate. K. Saaamnay. Naaaam. Haleem.  Madina. Hotel. Yani. Restaurant. Aur. Shoka. Kabab. Wala.,0,2025-09-30T09:29:35Z,True
@RizwanaButt-k6d,Yeh hanif siri pae waly k bhai k shop ha very tasty ❤,0,2025-09-29T15:29:16Z,True
@ZahidButt-j6z,Jab koee app ko khana serve karnay  ata hay tu app ka es ko call karna k ooo lia chattny......es may respect nahee hoty...hankaar hota hay...tawajjoo karo,1,2025-09-28T07:51:48Z,True
@kashifkamal9118,"Yaar yeh Admi bohat Badtameez sound karta hay . 
The way he talked wifh the waiter very very bad",1,2025-09-28T01:23:25Z,True
@HoneySunny786,Mazang fish khani ha to sirf barshir Darul- mahi se....un ki shop se fish khate hue hum bare ho gy...baam ar rahu fish lene k liye logo ko lines me lagna prta ha...Asa zabardast test kisi k b nai.....ak video un ki shop pr ja kr b banayn 😊,2,2025-09-27T22:43:17Z,True
@KanwalSalman-x6u,Malu fish chk kry,0,2025-09-27T22:32:55Z,True
@muhammadirfanasif1912,Fail fish ander se laal kuchi smeelly hugi,0,2025-09-27T19:19:43Z,True
@ayeshashahid8277,Yahan to feroz machli wala hota tha kia naam change kia hai ya kisi aur nay khareed lia hai,1,2025-09-27T19:01:00Z,True
@munirshah8505,Zabardast Shah Gee jab Pakistan ana hoa to inshallah aapka sath lunch as ur dinner Karan ga woh bhi purana Lahore ki galiaon ma.,0,2025-09-27T18:26:16Z,True
@asifshiekh9352,Baba jee price to bta dy,1,2025-09-27T18:11:45Z,True
@aqeelahmad4299,Shah gee Islampura food points Bhi visit karay kabi,1,2025-09-27T17:24:40Z,True
@asifmohyuddin3592,shah deen key saath he chock key doosri terf ek or fish wala hey us ki bhi try kerain please,1,2025-09-27T17:18:53Z,True
@HnHashmi,Thanks for sharing hidden gems of Lahore food points.,3,2025-09-27T16:41:41Z,True
@umeridrees9902,Bohot a la ❤,1,2025-09-27T16:03:10Z,True
@ranaimranali9548,"A. S. A
Shah g nashta point palza sweet Muhammad Ali chonk town ship",0,2025-09-27T15:43:51Z,True
@TomJerry-gs3fi,Ichra Lahore ❤,1,2025-09-27T13:55:45Z,True
@kabeerahmed7132,One of my favorite fish point Sir. Fish to kaie martaba khaiee hai . JaoN gaa to anda mirch wagera bhi zaroor taste karroongaa💖👍👍👍,3,2025-09-27T13:46:06Z,True
@rahmeenmirza360,Zaberdast fish hoti hai aur khaney ka maza aata hai.,0,2025-09-27T13:41:38Z,True
@amerhafeez-c6p,Thank you since you already had enough Chana’s there is one samosa shop in regal chowk next to dahi bhalla shop and a book shop (if it is still there),2,2025-09-27T13:37:11Z,True
@wasifbutt5962,"السلام علیکم
Wassan pura sey sidha jana samnybank wali gali mein left side pey 3rd shop hai pakora wali os sey ek baar try krna dupaher ko ek 2 bjy .
Hafiz mutton  chany waly sey bilkul sidha jana hai end pey tajpurabagh ki trf samny gali hai leftpey bank hai or right pey icecream wala hai os gali mein",0,2025-09-27T13:34:28Z,True
@waliusman3162,Visit.FISH EXPERT brand...mozong temple road near Buttkhahri...also near Bismilah hospital....I Hope u will enjoyed tha taste and quality of fishes...THAY ALSO HAVE MANY DIFFERENT VARITES ...ORR BHHT OLD HAIN FISH WALY MOZANG MAIN...ZRUR JHYIN,0,2025-09-27T13:00:01Z,True
