﻿author,comment,likes,published_at,is_relevant
@MoazzamAli-t5h4f,Jind Jan Lahore ❤️,0,2025-11-12T01:44:10Z,True
@faisalmalik5527,"Sir if Lahore was not important city before Ghaznvi conquest, than what's the point to conquer it? So logic says that Lahore was very much there even before arrival of Gaznavi.",0,2024-12-29T15:41:24Z,True
@anitarathore8009,We are refugee from LAHORE.  PLEASE GO SEE KATASRAJ IN ZILA CHAKWAL- WE ARE REFUGEES FROM LAHORE SHAHALAMI GATE BURNT- MY PARENTS CAME IN LAHORE AMRITSAR EXPRESS BURNING TRAINS GUJARATI JINNHA GOT KILLED 2- MILLION MY PARNANANA JI WAS QUETTA  MY MOTHER FROM MULTAN- OUR FAMILY WAS FROM INDUS VALLEY CIVILIZATION - BABAR BROUGHT WORD HINDU + BAROOD- DNA OF AURANGZEB BIRTH 3RD NOV I618 DAHOD GUJARAT LAKSHAHGRAH IN UTTAR PRADESH MAHABHARAT IN LAHORE AMRITSAR EXPRESS 😱😭🔥,0,2024-11-25T10:03:23Z,True
@TahaKhan-j4v,Bhai jab takht bhai mardan 3000 saal porana hai to Lahore 8000 saal porana hy q k yahan 3 mulk milty apas ma india iran afghan or china yahi center tha,0,2024-11-08T02:03:41Z,True
@aambaksh4924,Lahore data shah ajmeri ka hi sher hei jo ahmed shah durrani ka peer saheb tha. Unki dua sa hi sehar abad hua,0,2024-06-26T09:45:42Z,True
@AnupPrasad-n4f,Musalmaan Afghanistan me koi aise City nahi bana paye to Lahore ko kaise bana sakte hai,0,2024-03-07T14:17:41Z,True
@AnupPrasad-n4f,Lahore ko khubsurat musalmano ne nahi Ranjit Singh ne banaya tha,0,2024-03-07T14:14:30Z,True
@imranchaudary1998,lahore waqya hi lahore h❤,0,2024-02-19T00:12:12Z,True
@gargsanjiv82,Barr-e-sagir ka laadla shahar LAHORE humse juda ho gya...Taras gye hum apne Lahore ko dekhne ke liye...kya ye hi aajadi hai...,2,2023-08-23T02:24:47Z,True
@chzaib7458,"Lahore sy Purana to Jhelum hai jis pr 2300 sal pehlay Sikandar ny hamla Kiya tha or ye us sy pehlay qaim tha 
Or is bat pr sb mutfiq b hai",2,2022-12-11T05:21:46Z,True
@saleemanwar6959,Haw many  'Lahore' cities in the world???,0,2022-10-17T16:35:52Z,True
@yasirarshad5839,ye bhi kaha jata hai k jitna bara lahore hai utna bara karachi ka gulistan e jauhar hai...,0,2022-08-17T15:34:56Z,True
@yasirarshad5839,ye bhi kaha jata hai k lahore lahore hai or karachi uska shohor hai...,0,2022-08-17T15:34:19Z,True
@umeshpatil9177,Lahore was created by son of Rama love,0,2022-07-22T08:48:05Z,True
@hiteshparmar9284,Every Pakistani people know about great cricketer yusuf yohana.....yohana is not correct surname....it's lohana  so now every one know that Lahore comes from .Ramayan.,0,2022-03-13T06:17:49Z,True
@hiteshparmar9284,Devi Sita k bete sri love ke nam se lahor nam hai. Lohana jo hindu ki vyapari Kom hai vo love ke vansaj hai.vo apne aap ko raghuvansi kahate hai..yani ki bhagavan ram k vansaj .lohrana first raja the Lahore k...nice work bro...thanks from India,10,2022-03-12T20:09:28Z,True
@Aa-gu6lt,Lahore lahore ay😂❤️,0,2021-11-17T22:52:07Z,True
@adventurepakistan3704,"Masha'Allah Faisal Bahi your effort is much appreciating and knowledge you transferring is priceless.
May Allah almighty bless you more and more",2,2021-11-06T10:38:44Z,True
@rashidzaidi5211,"Very well made video with great video content excellent commentary. Well researched I am very impressed I am a Lahorei, Zaidis Photographer. Now live  in California . Thank you please make more videos",0,2021-08-26T07:59:09Z,True
@marzamehmud7496,Why historians are denying the real story of Anarkali and tom of Anarkali. She was innocent. She was killed by Akbar.,0,2021-07-28T00:11:26Z,True
@mianawais6294,Lahore Lahore ay.,0,2021-07-26T08:23:32Z,True
@RASHIDKHAN-bo8rk,You show the wrong map of sikh umpire Buner swat shangla dir was not a part of sikh umpire even Brittish didn't rule Buner..Buner was a  independent area from 1519 to 1969 after merged into Pakistan Mughal also not rule the area akbar famous commander raja birbal also died here when akbar tried to capture the area in 1585..Buneri people are yousafzai and Buner was a part of swat Pakistan made it separate district in 1991,0,2021-07-26T07:35:09Z,True
@12345678986742,I miss lahori food,0,2021-03-29T20:34:05Z,True
@hassantariqofficial912,Felhal to yahe sub sy purani kahani suni ha jo apny sunai ha Lahore k about,1,2021-03-09T16:58:46Z,True
@saifquraishi6376,Plzz make a series... Delhi saltanat and mughal empire...,1,2021-03-09T16:57:46Z,True
@Wellcomeasus,"Faisal Bhi Aap Ke Mu Se Bolna jinye Lahore ni wekhya o jama e ni 
Buhat acha laga",0,2021-02-26T09:23:39Z,True
@shoaibakhter825,"LAHORE , Lahore Ay",0,2021-02-24T18:42:07Z,True
@MA-lb8dq,Lahore is very old. It was destroyed several times espacially by Mongols. That's why most of the monuments exist from mughals time as sadly many old monuments were completely destroyed.,5,2021-02-22T17:09:07Z,True
@1raaz886,Love💖 from 👉shahdara🌅,2,2021-02-21T04:40:15Z,True
@shehryarsays,Faisal sir aap Lahore se hein,0,2021-02-19T08:18:21Z,True
@sulaimanmehmood6839,"Old name of lahore is lavapori ,
Opps my mistake name is real name is halwapori😂",1,2021-02-19T05:16:28Z,True
@arainl.a5152,LAHORE *LA WHORE* AY 😛😜😝😋,0,2021-02-18T04:21:42Z,True
@ammarmurtaza7887,I LOVE LAHORE.,0,2021-02-17T14:46:07Z,True
@MuhammadDanish-119,BHAI LAHORE US WAQT SY HAI JAB SY DUNIYA HAI,1,2021-02-14T15:53:38Z,True
@shakirfaisal3766,I have heard that the old name of Lahore is Lavapuri.,2,2021-02-14T10:18:29Z,True
@heartspeaks4147,Faisal Bhai AP Ne Lahore dekha Hai?,0,2021-02-14T09:32:43Z,True
@unfilteredlaughter3874,Acha ye hota key shah jahan Taj Mahal bhi Lahore mein banata,0,2021-02-13T10:48:43Z,True
@charslan4344,Lahore lahore ay. Lahore is a heart of pakistan,1,2021-02-13T10:48:36Z,True
@1ltaddy411,"Lahore, 2000 thousands years Purana hai , jab Hindustan ki starting hue thi us waqt Lahore bhi abaad huwa tha ...!!!",0,2021-02-13T10:30:30Z,True
@danyalbaig7635,"Faisal Bhai Lahore ke Area Neela Gumbad ma Ek Temple ha ""Valmiki Temple"" Wahan Pr Uski history ma mentioned ha ka Ya Temple 1200 Years Porana ha.",25,2021-02-13T08:41:37Z,True
@muzahirmohsin9049,"4:34
Map of Indian illegally occupied Jammu& Kashmir isn't identified separate from India. Please be careful about maps.

Also would be great if Badshahi Masjid was also featured the way you honored Tombs of Jehangir & Noor Jehan.

Built by Aurangzeb Aalamgeer, the structure stayed as the World's biggest worship center for a whopping 313 years, when overtaken by Faisal Masjid in Islamabad in 1986.",9,2021-02-13T08:32:45Z,True
@shamazshaukat5940,You didn't mention Sir Ganga Ram the father of modern Lahore.,8,2021-02-13T03:54:29Z,True
@muhammadislam4155,Lahore is founded by raja anand pal son of raja jaypal and he named it on the name of old Lahore which is in swabi kpk closed to their former capital Hund or batanda.,5,2021-02-13T02:14:51Z,True
@RashidAli-oq7ui,Good bhai.sir ganga ram b the Lahore Lahore banane main?plz answer me,1,2021-02-13T01:45:31Z,True
@kamranhashmi009,Mera sohna Lahore ❤️,5,2021-02-12T14:13:30Z,True
@arshadmshah,lahoree vakhavay buhaa te langan moree,0,2021-02-12T13:49:39Z,True
@azlanbabu66786,Lahore Lahore hai,1,2021-02-12T13:42:57Z,True
@sumairawais3654,I live in Lahore I love Lahore bcz  almost any type of facilites are avalible here..😊👍,10,2021-02-12T13:07:43Z,True
@maliktemoor2701,Faisel bhai jasrath khokkar ka time bol geye hai lahore history mein,0,2021-02-12T12:42:46Z,True
@danishsatti4723,Pehly cold war ko complete kr ln,0,2021-02-12T12:35:10Z,True
@atifsangi1,Bawa gee Lahore,1,2021-02-12T12:15:25Z,True
@nrkhan51,Faisal bhai mughal empire ki series bi banow na ab intizar nahi hota or ha deko suno jano per upload karna,1,2021-02-12T12:08:17Z,True
@ibrahimBhutt99,I love Lahore from South Africa ❤😊😎,3,2021-02-12T12:03:27Z,True
@Md.Arif.Nepali.,"I have lahore sity
I'm from Nepal 🇳🇵🇳🇵",1,2021-02-12T11:53:01Z,True
@amir_3284,"Love you from  Lahore 
Bhai jan Lahore prr vedio bnany ky lye tahy dill se shukriya
U are very hardworking man",11,2021-02-12T11:52:31Z,True
@abdulrafeh9706,"Lahore is so polluted....
Now days.",8,2021-02-12T11:52:22Z,True
@Md.Arif.Nepali.,"I love lahore sity 
I'm from Nepal 🇳🇵🇳🇵",6,2021-02-12T11:51:53Z,True
@chateeq3637,First view 😍,1,2021-02-12T11:51:11Z,True
