﻿author,comment,likes,published_at,is_relevant
@mowaisowais2671,Wow such a amazing lahore❤,0,2025-08-12T22:19:15Z,True
@animalslover302,Pakistan 🇵🇰 ZINDABAD Imran Khan ZINDABAD Peshawar ZINDABAD Lahore ZINDABAD,0,2024-09-19T21:18:01Z,True
@RahulGurjar-x5z,mugliya DOUR ke pahle ka dour bhi tha lahore ka ...jo apne ithihas or sanskrtiti ko dafan karde wo mulk hai pakistan ...lahore ko lav or kusur city ko kush ne basaya tha ye dono shree RAM ke putr the,0,2024-03-30T11:35:04Z,True
@qaisersaeed1393,What a colourfull city of LAHORE 😂❤,0,2024-03-13T11:57:38Z,True
@WaqarHasan-rc9rt,Lahore lahore hai bhaee !,0,2024-01-17T11:57:08Z,True
@afsaralm6672,No doubt Lahore is very rich in culture.,0,2023-11-27T11:38:46Z,True
@rajpawar4602,"Bahaut cha hai Lahore ghumne ki, Miss you hamare Bhai,
Love from India🇮🇳🇮🇳🇮🇳!",4,2023-07-07T18:48:01Z,True
@rajanauman2634,Amazing and beautiful Lahore Pakistan ❤️🇩🇪🇵🇰,0,2023-03-17T00:27:15Z,True
@FaizanTIB-E-Nabvi,Zinda Dil hain ap b hafeez sab Lahore ki tarahn,0,2022-11-16T03:51:18Z,True
@FaizanTIB-E-Nabvi,"Pakistan ki Shan ha Lahore , proud to be Pakistani great documentary about lohore, great hafeez sab",1,2022-11-16T03:50:09Z,True
