﻿author,comment,likes,published_at,is_relevant
@tjmaxx4739,"If the government get involved with rehabilitation of old buildings neighborhoods this will improve the quality of life for the people living in this areas! Plus, tourism opportunities!",0,2025-10-20T12:20:08Z,True
@prem3494,Absolutely great thoughI could not decipher the Urdu language in total.the interview should be in the National Archives of Pakistan.  Shrikrishna from Delhi India,0,2025-10-16T12:56:25Z,True
@Peacefulcitizen,BEHTAREEN. umm e laila ki batain aor protocol ajeeb tha....kia poetry thi.....Allah on ko apnaiy hifz e amman main rekhaiy aor hidayat per qaim rekhaiy.....ameen. ye vlog bohat hi amazing ha.,0,2025-09-09T07:34:45Z,True
@Jansuraaj123-h9e,"""phir semicolon daala hua hai na' - Waah Aapa kyaa khoob dil jeeta aapne yeh ek subtle si baat bol ke.... Love from across the border that the non-poetic people created between us.",0,2025-08-17T17:56:56Z,True
@GopalsainiSaini-j5q,Jin hinduon  ke purvajon ne Lahore ko banaya thha aaj ek bhi hindu nhi hai,0,2025-08-12T06:01:30Z,True
@WaqarHasan-rc9rt,Lahore Lahore hai!,0,2025-07-28T12:25:03Z,True
@WaqarHasan-rc9rt,Lahore is Lahore!,0,2025-07-28T12:24:40Z,True
@alokupadhyay1656,Me bharat se hu aap ki video bahut achchai lagti hai bhai namste me har video dekhte hu,0,2025-07-10T11:45:07Z,True
@sandy98688,Why this talented lady is never invited to any mushaira or why  anyone never sings her poetry she’s so talented Puunjab government should save this precious lady.,0,2025-07-07T23:07:16Z,True
@VipinKumar-yl8oq,Very very nice and beautiful podcast with knowledge full podcast and my best wishes to you and your family and friends and all ❤❤👊👍👍✍️🤛✊✊🙏🙏💐💐💐🌹🌹💗💗❤️❤️❤️💕💓,0,2025-06-20T04:40:02Z,True
@tayyabrohail1833,I would love her as my urdu teacher straight A*😭,0,2025-06-14T23:53:20Z,True
@barkatalikhan1863,Beautiful video! Never knew lahore had such majestic 400 years old havallies. I am sad that they are lost in the chaotic construction of Pakistan's era.,0,2025-05-24T06:03:56Z,True
@SheharZaad,Anyhow poetry achi hy,0,2025-05-05T11:14:21Z,True
@bapikarmakar6942,Watch the movie Chhava. It’s unfortunate and criminal that you all glorify Mughals and not the true son of soil Chhatrapati Shivaji and Sambhaji. Really shameful.,1,2025-04-26T02:43:12Z,True
@garimayadav8650,Mai hindustan se hu....waqai ye chahat jaroor h ki zidngi me ek baar lahore dekh lu...laila ji ka swabhaav kitna narm h ....such a positilady....❤🙌,0,2025-04-16T10:56:03Z,True
@Peace_5200,"Please read the book named ""Yatharth Geeta"" once in your life. it's available in 29 world languages !

This book will help in understanding universe top kept secrets with the simple explanation !

It separates real wisdom from philosophy to start a practical path in life !

This hidden gem is worth reading for every human being to transform life positively !

You will be able to understand the reason to start your enlightenment journey with a step by step formula written in this book. It has answers for all the queries !!!

Great Book ever written on Earth 🌎",0,2025-04-03T18:28:23Z,True
@meenajha6119,My grandfather moved from Lahore I asked my father his address before 6 months of his death 5 Mahilal street behind neela gummad Lahore,0,2025-03-26T18:49:13Z,True
@AdibaZeeshaanShaikh,India mein delhi mein Bahadur Shah Zafar ki great grand grand bahu sultana begum rehti hai unki maali halat bohot kharab hai 😢,0,2025-03-05T04:44:47Z,True
@Islamiat,Purani dharohoro ko sambhalne ke bajaye kitna bura ho rkha hai,0,2025-01-15T00:11:51Z,True
@shabbiralam110,"Thanks, Bhai! You are the grate minded people heart touching people thanks again from Bangladesh",0,2025-01-14T18:25:49Z,True
@afrozanwar9909,Pakistan Govt. Ko  mali assistance security farahan kare ..real waris lagti hai.,0,2025-01-04T14:59:45Z,True
@shreekrishnan86,"Amazing to see her. Seriously so emotional and sometimes whenever i see videos like such or of Lahore, i can say Delhi and Lahore is totally same , specially Old Delhi. Asides Mughals snd there descendants are spreaded around but sadly Britishers, politics have ruined everything. But amazing to see such a bold lady and it was lovely question asked by you - what will happen when she will leave ? Offcourse the answer was also good. Wished the India should remained Hindustan which included Pakistan, Bangladesh, Nepal and parts of Afghanistan..untill Britishers came and destroyed us. Else we would have still retained the old legacy 😊",0,2025-01-02T18:45:47Z,True
@EvoGamerzzFR,"Wazir Khan was a Punjabi Vazier of Mughal Administration. He was never related to Royal Family of Moghul, INdia. Its like Shahbaz Shareef recruiting Gen. Asim Munir. YOu cannot say Gen Asim as Sharef family",0,2025-01-01T03:42:47Z,True
@anjurkrishnan7831,"""Full many a flower, bloom to blush and 
Waste its fragrance in the dessert air""... full many a gem of purest ray serene, lies unfathomed in ocean bare"".
I saw this video for the first time yesterday... impressed by the lady's elegance and poetry, her clear serene eyes, confidence and a booming voice.....something about her deeply touched me... and today I came to know she passed away about 8 months ago...again thru Balwala's other video. RIP Madam Laila.",1,2024-12-31T04:34:12Z,True
@saranggautam7378,Your voice is too much melodious and poetic,0,2024-12-27T18:40:53Z,True
@Visible-k1c,I am from Bangladesh wishing to visit historic places in Lahore!! When Bangladesh & Pakistan flight will start then I will take the chance!!I think it will be very soon In Sha Allah!!,0,2024-12-14T15:49:18Z,True
@ashvinoza9826,"This is the history we as people need to document, teach and learn from such wonderful personality",0,2024-11-30T16:25:38Z,True
@charishraju2007,After the brutal fall of the last Mughal King many decedents of the Mughals migrated to Hyderabad Deccan and Lucknow and Lahore and further west..a proper DNA based research can reveal a lot,0,2024-10-30T18:08:55Z,True
@TheRudra108,"My take: Urdu is a gorgeous language, the poetry even more so, and the Mughal culture was quite beautiful.",3,2024-10-27T10:03:42Z,True
@HashimHanfii,0:30 idk if anyone noticed or not but mere to dill ko chu gayi mujhe andaza to hai wo haweli kaha hai magar logo ko dhoondna bohot mushkill hai      hayee idk kya context me bola prr dill chu lia,0,2024-10-08T09:16:56Z,True
@aqeelkhan1271,"Khiwah ma eek sahar ka waris thaa , shikayat ma ne keenahi ,
Umar meri kat gai , ke menay shikayat kee nahi, khuda ko ya din bhee dhikaney they kai apney they or kai beganey they , menay shikayat kee nahi""

Regards Aqeel ur Rehman khan bangush from city of nawab up",0,2024-09-12T12:22:58Z,True
@Albatross_masters_of_the_air,Bohot khub ❤ gazabb,0,2024-09-10T10:36:05Z,True
@Yoyo4205,The real Mughal royal family was killed. Ye sab u ke naukaron ki aulad hai. Last living heir of mughal dynasty nhi. 😂,0,2024-09-06T08:18:20Z,True
@AliAkbar-rn3zk,"Aissa hi haal Badayun ka hai. Sab khandhar ban gaya, aapsi fasaad aur zayada tar  haweliya mitti mein mil gi hai. Yaha toh RSS BJP Government ki bhi policy hai, naamo neshan mitana hai. 800-900 old history getting erased. Mughal se bhi phele ki. Sad to see but nothing lasts forever gives peace and closure! Time is merciless companion. Nobody is immune to march of time. Weaker crumble quickly, Stronger can withstand to some extent but eventually everything has to be null & void.",1,2024-08-18T23:10:24Z,True
@UndoEverything,I know a real Mughal family living in Finland for the last 100 years.,0,2024-08-02T18:11:58Z,True
@ciao5634,"Thumbnail girl photo is Indian hindu princess ,not muslim",1,2024-07-18T15:51:57Z,True
@geetrao4719,I am from india and my grandfather used to live in Lahore before partition. He had a house there and a few years back my father had the opportunity to visit Lahore and go to the address my grandfather had given. This video made me feel as if I lived a bit of my grandfather’s life in Lahore streets.,48,2024-07-07T05:11:18Z,True
@Maitreya-dj,Mughals were bad people who were anti-hindu ruling over a hindu land. We have mughal descandants too in India here. But they are livibg like a poor human being begging for money. 🤣🤣🤣.,6,2024-07-05T07:34:38Z,True
@ArnoldNatasha-f6f,Good quality video brother,0,2024-06-30T09:53:14Z,True
@ahmadbutt6501,I lived Zakki Gate Lahore,0,2024-06-22T19:53:18Z,True
@naturesentinel4232,"Making of the mind with her great literary passion, family background and the surroundings at present is really quite impressive, never to be forgotten 
My heartiest regards to the real regality of her persona",0,2024-06-09T11:35:18Z,True
@sightsncamera6466,You are doing above the level of excellence to explore the history of Lahore . I am a big Fan of you,0,2024-06-02T12:09:43Z,True
@sightsncamera6466,you are doing extreme level of hardship to explore the history regarding Lahore Pakistan. I am a so grateful to you. keep continue,0,2024-06-02T12:07:31Z,True
@SumairaSamad,"please let me know how i can get your book, inside the gates of lahore. thanks very much",0,2024-05-28T13:06:07Z,True
@sehershaikh2071,"Wah what a beautiful video, you brought tears to my eyes. So elegant and royal Mautarma truely is keeping the legacy alive.",0,2024-05-26T18:14:07Z,True
@ubaidkandrani5878,"Waah kya Background Music hai.Gum sum kr deta hai.

Lahore ek Pur Ronaq city hai❤",0,2024-05-24T18:53:23Z,True
@MokshMusicIndia,lAHORE JUST LOOK LIKE CALCUTTA,0,2024-05-23T08:30:15Z,True
@devaratidasgupta2285,"I have a genuine question, I really didn't understand why she couldn't allow you in the home? She never directly answered that. She just went to how strict her parents were and her dad shot their pet dog?",2,2024-05-15T19:54:02Z,True
@najeerkhan9963,Janab assalamu alaye kum ..... m apki vlog find karte karte thank becouse mujhe meri dost ne *HEERA MANDI* k baane soona to pta chala wo pakistani k lahore m hai .... mujhe apki yaad aai ....janab m apke alfajo ka bahut bada murid hu...kafi sokoon milta hai jo vlog k aapn jo takrir karte hai ... allah hafij najeer khan ajmer sharif india,0,2024-05-15T11:23:47Z,True
@travel_n_sports,I am from India. But our family had moved from Lahore. This video just touched my heart to a different level.,0,2024-05-14T20:06:35Z,True
@jaganathpansale6882,"!!ಗುರ ಬಸವಲಿಂಗ ಶರಣ!!
          【ಅ.ಸ.ಷ.】
👍👍👍👍👍👍👍👍
Dear friends, 
After hearing about your celebration of BASAVA JAYANTI at UK on 11th may2024, it is an immense pleasure for me to congratulate all of your esteemed team those who are propagating the universal philosophy of LINGAM DHARMA which is not a religion like others. This dharma was founded by his highness Appa SanganaBasavanna along with 1,96,000 propogaters called PRAMATHAS and 770 different Proffession sociospritual leaders called AMARA GANAS during 12th century. The philosophy speaks and practices about the egalitarian society where every individual is equally respected. Also the philosophy is based on scientific temper with rational thinking and high regard to humanity. It never speaks and discard about the belief that there is GOD or ALLAH or BHAGHAVANTA staying at imaginary Heaven and Hell which the foolish people of this world are believing. Every human individual is capable of becoming immortal by means of transcendental meditation using their own semicircular blackbody called KARALINGAM a physical miniature of wisdom. Thank-you. SHARANARTHY. BY JAGANATHAPPA PANSALE, PEETHADHIPATI, ALLAMAPRABHU ANUBHAVA PEETHA, WESTERN COASTAL OF BHARAT NATION.
😊😊😊",0,2024-05-12T00:07:14Z,True
@apalasett6328,Lahore should be in India. That was the capital of Sikh empire.,0,2024-05-10T15:18:08Z,True
@tslamashak,"there are mughals in pakistan still, my family also mughals",0,2024-05-08T11:48:36Z,True
@RamyaSanatani,Video is proof that no matter what u give to Pakistan- money or heritage they will ruin it 😂,0,2024-05-07T08:23:15Z,True
@RamyaSanatani,"Ghanta khoobsoorat, in India most Nawabs Haveli r still well maintained even in tier-B cities where ASI ain’t that active",0,2024-05-07T08:22:22Z,True
@kritikasharma3429,lahore me maharana ranjit singh ji ka mahal bacha h? ya vo bhi nafrat ki aag me dheh gya?,1,2024-05-07T02:12:50Z,True
@ambilatif7291,Very well presented.Sad to see the ancient beautiful bldgs.Such nice intricate designs on the doors and Such good poetic skills of the lady .She definitely has a royal personality.Wish she gets some protection at this age.,0,2024-05-05T17:20:46Z,True
@fh96510,Unfortunately people like us who's ancestors were from royal families and rulers are now in bad states. From safavi empire rulers to being Lucknow's respected poet these were golden memories and golden time.,0,2024-05-05T13:17:16Z,True
@NarolaJagdish,Umm laila ke ghar ka darwaja bhi ajib hai choro ki tarah jump mar ke haweli me ghusana padata bhai Mirze Mirze hote hai,0,2024-05-01T01:48:05Z,True
@NarolaJagdish,1947  jaise humane lahor ko diya lahoriyo ne lahore ko waisa hi rakkha tang galiya latakte bijali ke wire  road pe wo hi dhele wale,0,2024-05-01T01:29:18Z,True
@MEFPal,Kia khoob khatoon hain... Kia hi Acha hota ye kuch bachon ko perha detin or apny ilm ka zakheera muntaqil kr deten,0,2024-04-28T06:59:52Z,True
@sadiquehemani7033,"I know Lahore has lots of historical buildings and parks  it must be restored and make a tourist attraction, if we can gather a group of architects with non profit organization i am sure Pakistanis living in overseas will help please help give me some gui😮dance where to begin.",0,2024-04-28T04:29:16Z,True
@lubi1984,"Surkh asman hai 
ghata nahi hai
Ghutan bohot hai 
Hawa nahi hai 
Ghani hai ratein 
Diya nahi hai
Khuda zameen se geya nahi hain",0,2024-04-27T23:18:17Z,True
@Ahad_______,Pakistan government ko dhayaan dena chaiyye aise purani imarto ko bachane ke liye :/,0,2024-04-26T20:20:40Z,True
@shreyabanerjee7078,"I feel heartache everytime i feel I don't know anything about India , being an Indian. And the adjacent countries , Pakistan, bangladesh, nepal , Tibet, srilanka... i feel like i haven't live my life even a bit thinking about these. I think lot that I'd put more effort to know more, but never i reach that goal. Sometimes i think I'd get an architecture friends , or a friends from history dept. And would travel with them , maybe this way I'd learn lot. Everytime i go anywhere in trip, i feel like i just see the tourist places nd by a superficial tourist eye , i don't want that, when i tryna research in my way, i hit lot block nd feel lost in huge information, can't remember lot the way i want , nd lose the interest afterwards. I hope someone feel this way too😭😭",0,2024-04-25T16:20:46Z,True
@bhawanadhkd,"Lahore ki galiyaan mano purani delhi ki galiyon m ghum rhe ho,tang galiyan ,dry fruits ki dukane,kai purani haweliyan kuch ujhdi hui.I don't know why I feel a sort of connection with Lahore probably because it has been an imp part of our history.I really wish to visit there one day.",0,2024-04-17T17:07:53Z,True
@mansoorahmed6496,"Hazaroon muskrahtoon k Sath Sath Um e Laila Dukhoon ka ambaar bhi lay gaeein.
Unkay muskratsy Poetic face k peechhay ka dukh daikh kr maira Dil doob Raha tha ye toh wohi Janta hai Jo is rahguzar ka musafer Raha ho.
Salute to a great lady and Baalwaala for his effort",0,2024-04-15T01:14:51Z,True
@Celevie,"Unfortunately, She is  fake, not a heir or direct descendant of Mughal . Her grand father eas a servant in the haveli, who occupied it after the partition when the real descendants went to India  . therefore the women don't allow anyone inside, because the portraits on the wall of the real owners will be revealed to their descendants. So, the whole drama of ghazal, not letting strangers in place bla bla . Typical Punjabi liar.s",0,2024-04-14T15:23:05Z,True
@tejrajjinagar7921,Thanks for giving opportunity to visit stree of Lahore/ heritage havelies... I too is admirer of achievement of mugal era......but havelies need repairs/ maintenance... best wishes.,0,2024-04-14T10:16:16Z,True
@anasss1180,"Aaahhh our politicians 
What have u done 
U destroyed every single thing that people love 
Just for money u destroyed the nation 
U destroyed pakistan",0,2024-04-12T06:21:18Z,True
@mkr7885,Is Mughal randi ki kya rate hai? 100-200 se zyada to hoga nhi?,1,2024-04-11T06:48:46Z,True
@muhammadshafiquedaiwliqadr3208,"MIRZA SHAFIQUE MUGHAL QADRI here from LAHORE CANTT

FAQR DARWAISHI hy to theek munasib warna Shadi na karna Akely rehna Kutya kobGoli marna ?????
🤲📿😍🤩✌✌✌✌",0,2024-04-11T06:20:24Z,True
@chaudhryattaullah6604,MashaAllah 🎉 very good interview Um a Lilah,0,2024-04-11T02:21:00Z,True
@Meripriyakahaniyan,Lahore kee galia dekhkar achcha laga.,0,2024-04-10T10:54:55Z,True
@mv0112012,Lahore mein hindus or Sikhs ko murder kiye the,0,2024-04-10T07:54:48Z,True
@prithivichuhan,Buhat zabardast.. Apka bolne ke Andaaz se Urdu zubaan ki khubsoorti khul kar samne A gai.. Thanks for your effort for this channal and making thins content.,0,2024-04-05T05:54:02Z,True
@amanmaan11,"Last video me inhe dekha tha par badi mukhtalif batein suni thi.. Behad khushi hue full interview dekh...
Love from india 
Uttar Pradesh 
District :- kushinagar 
Town :-kasia",0,2024-04-03T22:18:17Z,True
@nadeemshaukat11,Excellent effort good job,0,2024-04-01T11:37:55Z,True
@WaarMode,Musalmaan v na mandir mehi ghar bana kar reh lenge pr enko rehne k liye bas hindu mandir tod kar hi ghar banana hai ye quran kehti hai or hindu kafir hai hinduon ko khatam karna hai ye quran kehti hai esh liye 90 pr muslim jihaad hi karta hai bhale vo jihaaad kaisa v ho pr hinduon se jalna hai enke khoon me hai ye jalan paida hote hi musalman ka thapa lag jata hai or ye sab jihaad quran me hai jo esh jihaad ko muslimo ki pidhiyaan dar pidhiyaar jihaad sikhati rahegi ye quran jab tak ye quran duniya me hai jab tak hi jihaad hai jab tak hi islam hai jab tak hi musalmaan hai ye quran na ho to kitna achha ho duniya me koi musalmaan na ho sab hindu hi ho to ye yudh hi na ho sab manavta ko manavta hi samjhe pata nhi ye quran puri duniya kab jalayegi kab vo time ayega,1,2024-03-31T20:49:37Z,True
@Xaracheema,"Islamabad  main chingchi nahi chalty aur pendi jaldi main jana aur Ana hota hai is bar pendi, lahore yah mery sheher Gujrat gae to poor sheher chingchi par ghoomna ha , urna hai titli ban kar, bohat arsa  ho gya is shehr e iqtaar kay naqli mahol se niklay howy.",0,2024-03-31T13:28:10Z,True
@MushtaqChohan-g1t,Golden city of Pakistan humara Lahore 🇵🇰🇵🇰🇵🇰🇸🇦🇵🇰🇵🇰🇵🇰,0,2024-03-29T16:15:44Z,True
@allaboutfacts5544,Your style of narration and this lady poetry is such a lethal combination ❤,0,2024-03-28T02:37:06Z,True
@issaaczala5125,"What a emotional intelligence and civilized story....

Tears rolled down many time during watching videos....

How were the ancient people is not within our vision and unimaginable...

Ther world has changed and more beautiful but people have deteriorated in modern time.

Thank you for the such a beautiful video.

Love and peace from India.",11,2024-03-27T09:26:11Z,True
@shafiqabanu4598,Very nice interesting video beautiful poetry elegant graceful lady may Almighty keep her in His safe custody thank you for sharing stay blessed ♥️♥️♥️,0,2024-03-25T16:41:11Z,True
@KuldipSidhu-ro1wl,"Hinduism chuppah hua brahmanism hi hai, kaise money power aur political power cheeni mughalon se ye mughlon ko patta hi nahi challa. Kyon patta nahi challa kyon-ki Islam ka asli dushman brahmin hai.",1,2024-03-25T04:19:17Z,True
@KuldipSidhu-ro1wl,"Sadi nazar wich Jo sach bolega wohi asli musalmaan. Sach ye hai ki Brahman jakarh shuru ho chukki thi Akbar ke sath-nahi to iss (aisi wonderful) essence wala punjab jisne Sikh revolution ko ja am diya kaise Aadha muslim aur adda Hindu bann giya, Hindu to Punjab ko passende hi nahi karte the. Angrezon ki help leke Hindu Ambedkar ko leke chhup-chhuppa-k Sikhon ko jarrhon se tthok do.",0,2024-03-25T04:13:01Z,True
@sabakhan-km5ub,Such  beautiful  vedio  my dram to visit  Lahore ❤,0,2024-03-24T17:27:24Z,True
@itsaaliya1628,We r from india stay blessed but auzu billahi minashshaitan padhe kahi bhi jane se pehle,0,2024-03-24T08:56:51Z,True
@kanhyasah6342,In security kay karan aisa kartee hongee kyo ki aaj kaa jabana karab hai  kesi per viswas nahi kar saktya koi nuksaan pahucha saktta hai insecurity toh rahi hai budhya logo kho kar dayy  baki hindustan kay leya muglas vvrdasi thyy aur whyy toh hindustan chorr kar  chalya hee gaya thyy sharshah suree aur unkyavsandpatee hamchand maharaj nay babar kay battya humau kho kareeb kareeb hindustan say bahar kaa rasta dekkhavdeyya aur uskya bhiyo nay bhee uskho dppnyavpass nahi rakha uskyo asldm mella  amar coat may sodi rajputto nay uskho sharan dee agar humau kho aponya yaha naa raktya  toh akabar kaa janm  amarcoat mdy naa hotta aur iss desh ki histry kuuch alag hoter delhi ler hi du rajja hamchand maharajja jeskho hamu boltya hai muslaman historean akaree hindu samath dthy joh accidently aak may teer lagnya kay karan gayal hokar jubg. Haar gay aur  baad may mugles afgani  vajiro nay uski garden kaat dee skabar ki ummar 14saal thee aur whoh jung may shsmil nahi huaa thaa yaha say mugles dubara power may aa gaya aur fir surjabe jaisya ganda badshah bhee huaa jesnya bhart may jabardastee islam nafic aur hinduo aur sikho kho forcefully islamic bannyavki koshish ki aur aurjab kay baad mugle dahh gaya aur akk  kahwawat thee shah alam kay pass rahh gsya  palam aur inki satta lal kilya takvseemeet rahh gai  mugles tymuur kay wansaj thyy joh mongolo ki breed thee aur chines ki tarh dektya thyy  iss leya pakstani chines dostee kay kasidya kastya hai hum darra sekhoh kho support kartya hai joh aurjab say jayda padha lekha kabil badshah tha,0,2024-03-24T05:14:54Z,True
@punjabimusicpro,She has punjabi accent when speaking urdu and spoke Bulleh Shah's poetry in punjabi like a native.,0,2024-03-23T16:06:00Z,True
@muhammadkarim6487,Allah ho akbar.... Great Anchor... Allah app ko salamat Rakhaa... From Lahore..... MashahAllah,2,2024-03-23T15:41:27Z,True
@CharanAhluwalia-rq5vh,Thx for your effort. i had never ever seen a mughal. Thank you.,0,2024-03-23T05:45:48Z,True
@chiranjitabhuyan6065,"Amazing video… really loved the history, the architecture, the narration, the poems and above all the poetess. Warm regards and Kudos from India 🙏🏻",0,2024-03-21T13:16:49Z,True
@diamondsky7038,What a worst condition paksitan is in? Everythinv in shambles... Please take care of your land and Surroundings in hygiene and order.,0,2024-03-20T16:08:57Z,True
@xen1-s3s,Why she doesn't claim badshahi masjid etc in Lahore as she is the heir?,0,2024-03-20T14:54:58Z,True
@MisplacedAaMe,"❤❤❤❤ iss Dadizaan ko- aansu nikal aaye. Paysa hona ek baat hai aur class, taste aur khandani heritage ko barkarar rakhna alag baat. Waise Hindostan mein aajkaal paysa toh bahot logon k paas hai par eh andaz sur class nehi. Hum samajh rahe hain. ❤",0,2024-03-19T14:54:05Z,True
@ankushjain6591,ye haveli tere haal pe rona aaya.😢😢,0,2024-03-19T03:09:59Z,True
@MuhammadIrfan-zj3wy,A great work you are doing regarding the heritage of Lahore,0,2024-03-18T17:23:22Z,True
@___yeeshu___,"Border is dividing us, YouTube is uniting us...love from India 🇮🇳",0,2024-03-13T20:17:34Z,True
@Publicpsychosis,Khuda aapko salamat rakhain biwi. Kya kamal ki behan hain aap. ❤. Nawab to nawab hi hote hain. Woh shan gajab ki.❤,0,2024-03-12T16:30:10Z,True
@Prayagiswadofficial,I m very proud of her .. what a family,0,2024-03-12T07:26:16Z,True
@meeshoshopping79,Lovely story of UMME LAILA..BEST PART OF HER LIFE OS THE MYSTRY OF HER HAVELI..NOBODY KNOWS HOW IT LOOKS FROM INSIDE...MUST BE BEAUTIFUL LIKE UMME LAILA..LOTS OF LOVE FROM INDIA..LOVED THIS EPISODE,0,2024-03-10T16:37:48Z,True
@rohithchandrasekhar5376,"This is Rohit Chandrashekhar from Kottayam Kerala India. The stuff is quality  journalism from Pakistan. Thank you for this great content. Though I am not able to understand fully your Urdu, narration is music for my mind 😊",24,2024-03-10T15:37:07Z,True
@oriyanindian3002,bahut taqleef hoti ha jab dekhte hai hindu logo ke banaye sahar ghar jameen chor lutero ke hath mai chali hgayi hai,0,2024-03-09T16:55:43Z,True
@liordesigngroup,What voice and the way you’ve narrated….beautiful,0,2024-03-08T15:10:32Z,True
@liordesigngroup,What voice and the way you’ve narrated….beautiful,0,2024-03-08T15:10:18Z,True
@liordesigngroup,What voice and the way you’ve narrated….beautiful,0,2024-03-08T15:10:00Z,True
@mihirimahsultan8391,Thank you so much dear host bundle of thanks for such video to meet umme Laila ...very first time I came to listen name of ume Laila ....in ko daikh k in ki batain sun k mery Dil ko sakoon Mila k koi is century m koi to h Jo mery jaisa h... I am young girl of this 21'st century but my heart and soul  belong to hundreds years old eras mujy in qadeem civilization Sy pyar h ...m waqai dhoondti thi k koi Mughal aisa ho Jo abi b apni اقدار py qayim ho or ap ki is priceless video NY Meri ye talash khtm kr di ....m b apni jaisi is purani روح  ume Laila Sy milna chahti hn m b in sy milna chahti hn ku k Meri روح pichly زمانوں m basti h m us khoobsoorat تہزیب ko Pasand krti hn m pyar krti hn in purani or khoobsoorat عمارتوں sy❤,1,2024-03-05T06:56:13Z,True
@Taqi142,"Don't know why, But while watching this video and listening poetry of her took me out of this World",0,2024-03-04T19:18:44Z,True
@mohsinbeg6258,"Bahi sahab bahot achi video banai hai 
Umme laila ke sath",0,2024-03-04T17:49:57Z,True
@NazifSaheb,Umme laila  mughal shehzadi ki tom sab gonehgar ho... Kitne dardnak zindaghi akele gozar ta he...shehzadyo ko to awam apne betyo jisa nawazta he...physicale dekoghe to shehzadi bohot naraz oor ghamzada he alhe zamana se,0,2024-03-04T16:15:10Z,True
@mohammedshamimulislam1372,"I am a fan of Pakistani rich art, culture, interpersonal skills, music. I know Pakistani handicrafts, design, engineering, fashion, dress, perfume are very famous. But I could not be happy with Lahore. Along with a lot of modernity there I saw dirt, disorganization, mismatch.  I wish them the best. Love from Mirpur Dhaka Bangladesh.",0,2024-03-04T10:28:03Z,True
@shahidtanvir7122,thank you for visiting my city of birth. I love Lahore.,0,2024-03-04T01:25:04Z,True
@NitinKumar-vb7ji,"Too good,,, grateful for this glimpse of historical time travel... I will remember forever those words ""Mirza"" you voice in background gives life to the video❤❤❤india 🇮🇳",0,2024-03-03T17:52:10Z,True
@VforValour,"The host is the lost brother of actor Boman Irani.
Mughals were invaders who were burning with the desire to loot, convert, rape and kill.
No false glory is attributable to such terrorists.
These Pakistanis who are converted Hindus now proudly speak against Hinduism and India.
Karma pays back🙏🙏",0,2024-03-03T09:50:50Z,True
@qazimohiuddin5423,duniya mein koi bhi cheez level se bhar kar nahi hoti aur saari ki saari khatm nahi ho jaati ...,0,2024-03-03T07:55:20Z,True
@rajendramohankaushik8400,"A unique interview indeed.
The poetess is a creation of old traditions , non-existent today. Her reality  is difficult to embrace by modern persons. You have knocked the doors of my mind down. Whatever our personal opinions may be, the lady is a very good poetess, the quality of her thought notwithstanding.",0,2024-03-01T04:34:06Z,True
@raghavendramakam9191,Very soothing and poetic voice by the narrator. Enjoyed it. Thanks 🙏🏻,0,2024-02-29T16:05:13Z,True
@SabaKhan-bf1rm,No words to describe your wonderful work beautiful poetry and the way you telling us Zabardast,0,2024-02-27T03:57:28Z,True
@SEEKERS127,The best thing is you have interviewed her so gracefully.,0,2024-02-23T15:53:20Z,True
@dominictaijah9265,"Baal Wala is a tremendous ambassador of Pakistan,very commanding voice that keeps your attention similar to Kabir Bedi narrating India,s wars with Pakistan. With Baal Wala he immersed himself in the history or event he’s narrating but very intent on the wealth and history of the places and there is poetry in his words and do lament how the wealth and history of Pakistani places have been overlooked neglected and allowed to decay particularly Hindu artifacts,buildings temples and so on I hope he’ll arouse Pakistanis to take more interest in places of interests and historical importance in the country called Pakistan similar to what devout Muslims in Egypt regarding their historical past which tourists flocked to and bring in much needed foreign currency",0,2024-02-23T12:19:21Z,True
@TESSINE,How fascinating..I would love to meet this lady in person when i next visit Lahore....thanks for sharing,0,2024-02-23T02:32:21Z,True
@bilalnasir5366,she has good.poetic sense,0,2024-02-20T18:37:31Z,True
@gayatripatnaik3658,"Yehi the...jo mera desh ko luta tha...! khoon ki Nadiya bahayee thi...!!!😏
Mera dharm or culture ko...crush kiya tha...!!!😡😡

At lastly...mera desh ko tukdo me banta tha...!!😏😏

Ye mahal haveli..ye techniques...sab kuch bahar se nhi laye the...agar aisa hota...toh...

Jahan se...hone ka ye dum bharte hai na....vohan...aise...mahal ,imarte , architecture dikha de...😂😂😂..

Inke liye...proud hone ka kuch nhi...daag , dhabbey hai ye sab...😡🚩",0,2024-02-18T17:52:38Z,True
@syed.naqvi110,Aap ka andaz bilkul khandani hi hain yehi hota hain hasab o nasab ka asar hamare qasbe mein bhi bahut purani purani kothi haveli hain from india,0,2024-02-17T16:35:21Z,True
@ghazirashid3453,"What a beautiful episode! I always cherish the beautiful memories of Lahore! I spent my childhood in Lahore! (1960-63, 1070-71, and 1973 for a few days). Best wishes to the Lahore people through you!",0,2024-02-16T05:41:47Z,True
@bashirahmed4463,"one reason to visit Lahore from USA  ,if i can meet her.but on the other hand donot want distrub her privecy.",0,2024-02-15T03:34:53Z,True
@khan.tamzeed,"Recently I visited Lal Qila, Jama Masjid, Taj mahal I can correlate thise & wondering  there standerd,  ethics, quality of manner, upbringing. 

Thanks for the valuable visit and make a video for us of  Umm E Laila",1,2024-02-14T17:20:40Z,True
@deenhashim6725,"Don't forget too, the beautiful palaces, fortresses, Taj Mahal built by them as remembrance which cannot be erased from history.",0,2024-02-12T08:55:35Z,True
@jawaidtoppa4151,Thank you brother for taking the time and effort to teach all the people of Pakistan and India about the history of Mughals your documentary was very powerful to watch  and May Allah almighty bless each every person  that was able to help you complete it  knowledge is power 🇵🇰❤🇳🇪,2,2024-02-12T07:32:25Z,True
@624khof6,My family tree is from Shahjahan i have Shajra Nasab we are mirza`s from Chakwal Wahali,0,2024-02-11T08:26:19Z,True
@harkaranbhullar3863,Is she belongs to the same wazir khan... who ordered to kill chotte sahibzade of Guru Gobind Singh???,1,2024-02-10T21:03:16Z,True
@shanu7uday,UFFF... kitna bad-haal hai Lahore 😮😢😮😢😮😢,1,2024-02-10T05:42:45Z,True
@Fareed63,"Aik bhuat pyaree video. Aap ki awaz aur urdu bolnay ka andaz aur lab o lehja buhat suthra aur zabardast hy. Urdu ka talaffuz nehayat saaf aur pur asar hy. Um E Laila ko sun kar aur daikh kar kahe sa nahe laga k Mughal Sultanant sa koi taalluq. Na lab o lehja, na lebass. Daikhnay sa pehlay hamaray zehan na ju khayali hevla tha woh dharam sa gira aur toot gaya. Socha tha k cotton k ghararay ma malboos, saifd dupatty may liptee nazuk haseen khatoon hon gee. Thee shaista aur lagee buhat khudDar.",0,2024-02-07T09:52:16Z,True
@ronaldarif36,Wonderful video documentary of historical significance! To locate the havaili of the last descendent of the Mughal Empire and sole occupant of this havaili in inner-city Lahore and to record a one-on-one highly illuminating discussion with a recluse yet charismatic lady is a daunting task to say the least!,1,2024-02-07T03:00:06Z,True
@ShahzadAhmed-su5xc,Asslam Eleykum God bless you any day any time in the WORLD Tanhai sey muqabla Kearney wali ba himat khatoon  ko Mera slam (Iss aas pur jeeney waloun ka koi ho na ho ALLAH hota hey to UMMEY LAILA,0,2024-02-02T02:28:46Z,True
@vkrindian,"Mughal ki family dekho aur maharana ki family ko dekho
Malum chalega god kiske sath h",0,2024-01-31T06:07:44Z,True
@PlantsWithPunam,"What a beautiful video! The recitation of Shayari brought tears to my eyes, it was like a touch of the bygone era......",25,2024-01-30T03:25:48Z,True
@sanatabassum1763,"My emotions where somewhere stuck in my throat. All those books speaking the glorious mughal era, i am fortunate i know about it",0,2024-01-28T12:38:01Z,True
@bharatiya804,Bahot hi fenk rahe ho,0,2024-01-27T19:23:50Z,True
@m.asifhussain1730,I am from Family of Jagat Seth.,0,2024-01-22T17:42:46Z,True
@m.asifhussain1730,mughals were not like  cheap punjabis😂😂😂,1,2024-01-22T17:39:51Z,True
@vashidkhanpathan7823,Bhai saaf safai par dhyan do ...,0,2024-01-22T05:08:41Z,True
@alimrz00,please review ume e laila please,0,2024-01-20T21:57:40Z,True
@Khan_ayan_19,Pakistan 🇵🇰 government should this historical architecture haveli restoration,0,2024-01-18T13:41:07Z,True
@debojyotibanerjee3091,Bohot kam log melenge apko eaisa bohot kom jinke sineme ajj bhi gujrahuya kal ka hukumat kayam hai .,0,2024-01-17T09:21:24Z,True
@ashishsodani1,But you are converted😂😂😂your ancestors are Hindus😂😂😂even Lahore city was made by Lord Ram Chandra's son,2,2024-01-16T02:25:51Z,True
@himanv,"Lahore looks so dusty and unkempt, and totally bereft of any shade trees.",0,2024-01-13T01:19:05Z,True
@Ra-rg1vk,Such  beautiful havelis but so badly maintained Such poverty So sad,0,2024-01-06T15:46:45Z,True
@SubhanAli-vy3vh,Sir I want to Meet the Mam A Precious Gem . How can I ? I am from Lahore Shahdara as such no intrest in poetry before but i can feel that emotions and all that life movements,0,2024-01-01T14:27:22Z,True
@atuldeshpande8891,"There should be also Hindu temples and Sikh Gurdwaras in Lahore, because Lahore was built by Hindus and Sikhs besides Muslims.
Nobody can erase names from Lahore of Hindus like Sir Gangaram and Sikhs like revolutionary Bhagat Singh",11,2024-01-01T14:26:45Z,True
@gauraokumarlanjewar7568,Ye bharat me hota to sari buldings better halat me hoti,0,2024-01-01T04:57:34Z,True
@babbler8607,"Shahi qilay ki ammarat bati rahi thi mujay , koi shah nahi , sab  gada Hain asal  main, laikin mot ye khbar deti hay har kiwi ko laikin har aik ko khabar mukhtalif Mana deti hay",0,2023-12-31T15:02:37Z,True
@karamjsrihal4631,"Lahore is the Birthplace of Lord Ram’s Sons Love and Kush long before Islam was born…every inch of Pakistan is a sacred Hindu Land. Mughals were nothing but Terrorist of 12th Century, they raped, killed and forcefully converted the locals of Lahore and Surrounding areas. Later on same defeated and converted people joined the terrorist to terrorize other innocent locals…This is the History of Mughals in Indian Subcontinent, whatever they teach in Pakistan is a lie and deceit.",2,2023-12-31T01:27:01Z,True
@zulekhamerchant6448,Wow ! So v interesting..her haveli should be taken under Pakistan heritage and she should be paid loyalty for her royalty. She is a priceless citizen of ur country . Impeccable shayar. Love from India ❤,0,2023-12-30T14:55:37Z,True
@bhumanandamaharaj8177,O बालवाले हम कोई पाकिस्तान जकिस्तान नहीं मानते बस हम इतना जानते हैं ये saadhaa पंजाब है हमारा पंजाब हिंदोस्तान का मशाल्ला लेके ही😂❤ रहेंगे,1,2023-12-28T16:25:06Z,True
@mohsankarimi2232,"Absolutely mind boggling story!  Thank you for sharing,  we in general have forgotten our roots and are lost in this modern society and believe that current the current era is everything. We failed to even look back for a moment on our culture and traditions.  Could you please provide a direction and address to The Haveli.  Next time when i am in Lahore, would lov to s all the structures you showd n your vid.  Thanks agin for sharing........",0,2023-12-28T04:51:23Z,True
@graminjibon01,Please come from Bangladesh Dhaka 🇧🇩,1,2023-12-24T16:47:05Z,True
@graminjibon01,Mugul empire rule in Bangladesh Dhaka 🇧🇩🇮🇳🇵🇰,1,2023-12-24T16:46:26Z,True
@rizwanshahi7535,"I m from Lucknow, India. Thru history I know that Lahore was also one of the important defence centre of Mughals. Suddenly I watched ur this vid because of its title that last heir of Mughal live in Lahore! I have visited Agra many times, infact lived in Agra for almost 6-7 yrs. I m surprised to see in this vid that there is no difference between Agra n Lahore. 
Mr. Baalwala , r u from India?",1,2023-12-24T15:21:35Z,True
@albaaqiy1160,"Assalamu WAAlaiYkum sir, may Allah bless you and bless you with the best forever and may Allah bless you with ENDLESS Honours.  What a noble living people there are. Plz continue program forevermore Thanks of introducing the honourable Moghul poet genius historical lady accept my salute to honourable lady and too you SALLAAM WITH ALL KINDS OF PROSPERITY for new research ALLAH TAALLAHAA ALWAYS AGREE WITH YOU.MWAACEYULLAHAA LATEEF TM",0,2023-12-24T05:06:24Z,True
@Sanetuber,I dont know how i stumble on your video but quality of Urdu and poetry of umme  Laila was very refreshing. thanks,0,2023-12-23T13:50:21Z,True
@Natachaudhry,The way you narrated the story was so beautiful. You have a Mashaa Allah beautiful voice.  Good job!,4,2023-12-21T18:21:36Z,True
@BalanduDevi,Shukriya ya dikhanai k lia.,0,2023-12-20T11:38:49Z,True
@multicategoryvideo6813,"Hello,will you hand embroidery art, thuong embroidery,if you  marry with  Irani farmer or African farmer for yourself to lived or you lived with Pakistani families in pagalkhana to get crops,grain,birds, animals, vegetables fruits,oils, embroidery, clothes, shoes jewelry money books soft toys, specially dolls wedding ceremony in your house...I am going to send them all in pagalkhana Hyderabad sind because crops are less in the world and farmer are few in the world .everyone want you know the witches who are passaway or death persons are alive again ...by the way how you look like..Tum ko Humsafar Meri   yaad NAHI aahi waqat hai yaado ka baarish ha sardi ha Meray nasabe ki chader be inshallah woh kafan ko ga Jo korgani Kay chor aah k chori kahey ga......lolz Amma ji 6january 2024 we have wedding ceremony in your house if you don't mind we will send bridemates for living with you ,etc .. bride make bakery items ..,😢open bakery with name ummah Laila bakery,,fry fish restaurant , gorcery store,crops grain hall,marriage hall.for the city I am sending royal bakery ,Karachi bakery,disco bakery, Mumbai bakery Hyderabad sind..whole girls will be come to help you out..😮 I am sending  broom for house ..... send sandy rocky  furniture,...",0,2023-12-18T07:18:33Z,True
@mohammadbinmahbub9160,"The likelihood of her being aborted before being born would have been disproportionately high had she had hindu parents. Just like the pagans of jahylliah who would bury their daughters alive, while worshipping female dieties at the same time. Justifying it as ""sons are for us, and daughters are fr the gods"".",0,2023-12-16T06:00:44Z,True
@Reincarnation111,What an interesting lady! Amazing knowledge of Urdu poetry. I would just love to know her. Breathing/living history scholar of the subject. I am in goosebumps! Love and blessings to her! Waise to Mirza Ghalib ke billions of admirers honge par insa (ya mujha sa) shayad hi koi aur ho. I have adored his poetry my entire long life in every single atom of my being. She carries the same incurable passion for him.,0,2023-12-16T04:09:24Z,True
@yanabipbuh,"Ye tum Sikh tu nahi ho  ? --- Umme Laila dekha di -- Lekin Masjid Wazir Khan nahi Dekhai --- Bahir se he guzzar gayee. Without showing Masjid Vazir Khan , you have hidden the History of Lahore.  Without Masjid Vazir Khan , you know nothing about the History of Lahore",0,2023-12-12T10:08:08Z,True
@SKL194,Doesn't there lighting system in rhe haveli?,0,2023-12-11T12:09:39Z,True
@fareehamiandara6965,"Hundreds of such untold stories of women, who were raised as begums, well read, knowledgeable, well groomed, left alone in big houses after the parents passed away, the reason being that many a times they could not find suitable suitors for these ladies'. As they say, haddi se haddi aur boti se boti nahi mili. Raised in pardah and been catered to by the men of the house for outside needs, they were left to fend for themselves, and fend they did. Life was tough for them, there tehzeeb became the shackles that kept them a prisoner of their grandeur, long gone. Purani Anarkali, androon shehr,  Choona  Mandi, Krishan nagar witnessed the lives of many such Umm-e-Laylas and Umm-e-Farwas.",3,2023-12-10T16:10:32Z,True
@Welcome2us,Thank you for showing us Lahore😢,0,2023-12-10T11:41:55Z,True
@mahimahmood3935,"East Pakistan was discriminately effected for greater Lahore... 
East Pakistan got smaller",0,2023-12-06T06:23:11Z,True
@Saekbuttt,Bahi jan havali topi mashki Ki bi history batya Jo havali barood Khana ka pass ha,0,2023-12-03T19:06:59Z,True
@raheeladar_quotes_poetry_o8087,I love it amazing keep it up  i am raheela dar frm lahore,0,2023-12-01T19:32:14Z,True
@IqraAli_TheFactsExplorer,Encyclopedia of old lahore❤,0,2023-12-01T02:25:32Z,True
@chandradharareddy,Good video regarding heir of Mughul empire. Good  poetary.,0,2023-11-28T08:58:37Z,True
@seye8eyes,Inside the Lahore love a hore prostrating Prostitution Controlled rolled by Madams controlling Prostitution never Faithfull to one Alone Allah Tallah Wedlock Mirza Kashmir Zinda Abaad Kashmir Zinda Azaad Park Saaf Saa laam Awaa Sutra Al Ikhlas Surat meaning Sun ik Ra Soul Meditation of Yara punjab Lahore love ❤️,0,2023-11-18T19:16:29Z,True
@ahalyabs,This old portion is falling apart due to poor maintenance. Background music is great. Unobtrusive. You have great taste. 😊,0,2023-11-18T16:26:26Z,True
@theusharohilla,Ye sab haveliyan hinduon n bna k chhodi h,0,2023-11-18T14:57:21Z,True
@aqbalsandhu1297,Very good coverage.Tradition is essence of culture of Lahore.,0,2023-11-14T10:53:07Z,True
@khalidsiraj6833,What a high quality of urdu accent and delivery of  dialogues,11,2023-11-10T19:50:43Z,True
@muhammadashfaque6951,"It was a beautiful videos, really enjoyed the conversation and poetry with Um e Lela Sahiba. 
May Allah Gives her a long and healthy life.",0,2023-10-17T08:22:41Z,True
@usmanazmat-b1x,"My dear ancker, ye khatoon Shaikh Ilam Din ki aulad nahi hain, kion k wazir Khan Qazi Nawab Abdul Latif k baity they , Nawab Qazi Abdul Latif Jhalumdhar k rehney waley they,Nawab wazir Khan in ka total tha Jo jehangir se Mila tha, Nawab Ilam Din Lahore k governor bhi rehay, phir un ka baita Nawab Mian Khan bhi governor rehay Nawab Ilam Din k dada ki aik lakh acar Zameen U.P k District Bijnore may thi, Nawaab Ilam dinki ham aulad hain aur hamara khandan Mohalla Qazia.m Chiniot aur Mohalla Qazi para Bijnore may aaj bhi rehta hey, hamara khandan Albajeli Al Ansar he, merry pass shijra he, ye khatoon ye batain k Nawab Ilam Din ka mazar Kahan he,Nawab Ilam Din Mughal nahi they, AJ se 420sal pehley Nawab Wazir Khan ka daur tha ,hamari 16 nasal chal rahi hey. Inko Galat fehmi he,jo 15:42 havaily Qazi Allah dad ki ap ney dikhai mery pardada they ،magar ye khatoon hamara khandan nahi hey",0,2023-10-04T16:33:48Z,True
@ChandrabhanSharma-e1b,Jisne lahore nhi dekha usne jnm hi nhi liya,0,2023-09-21T17:39:58Z,True
@jaspalsingh150,Umm Leila is obviously  not psychologically stable. It happens with people who leave alone in large houses.,0,2023-09-02T23:10:08Z,True
@mdtausifraza_0622,"Mohtarma Umme Laila aunty is our family member Alhamdolillah, we are the descendants of Mezbaan-e-Rasool Muhaafiz-e-Rasool Syyedul Ansar Sahabi-e-Rasool Hazrat Syyedina Sultan Abu Ayub Khalid Al-Azdi Al-Khazraji Al-Najjari Al-Ansari رَضِـیْ اَلـلّٰـهُ تـعَـالـٰى عَـنْـهُ
May Allah bless her",0,2023-08-14T05:38:44Z,True
@inzimughal8494,"Brother ma ap k vlogs daikhta hn or no doubt ap ki awaz ap k vlogs ma mazeed jaan dalti a . 

Is vlog k title mery khyal ma ghalat ha . 
Ya apni family ki akhri aurat ho sakti hain lkn puri mughal community ki nahi . 
You must have to work on that .",0,2023-08-05T10:16:02Z,True
@appleoranges9772,"Nevertheless, let it be recognized that the spirit of Lahore's people was enriched by the legacy of the Mughals, and the city's historical masterpiece owes its existence to the harmonious dance of imperial vision and local admiration.",0,2023-07-26T04:30:01Z,True
@steviealessi5412,It's understandable why she didn't want to let anyone in . So long alone in there doesn't make her less wary and who knows what she may have that people there seeing the vid may want to break in and take! Didn't understand much of what she was rambling about but more than that she didn't explain why her father shot his dog! Didn't like that. If we don't respect other sentient beings we cannot improve this failing human race.,0,2023-07-14T09:12:58Z,True
@nitinramesh2571,Very great voice... Love and respect from India for ur good presentation... But mughals are destroyers of Hindus so I can't except. It's true that lots of Hindu kings etc licked their feets for fortune.,0,2023-07-12T20:20:24Z,True
@PnutJpg,Sanam aakhir khuda nahi hota....,0,2023-07-11T21:51:55Z,True
@DigitalPhotographytime,Please write some information about Camera and lens and portrait photography lighting and setup ....Thanks,0,2023-07-11T13:16:03Z,True
@AsadBegoka-pt8bt,U are doing a wonderful job.... there is so much to know about Lahore by watching your videos. I really appreciate your work ☺️ and always waiting for your next video ♥️💖. Historical curious people are always my favorite 🥀,0,2023-07-11T12:10:34Z,True
@luckysandhu8553,"Lahore seriously gave me Amritsar vibes . Sad to know how close the both cities are yet so far from each other. The resemblance of architecture, people and the way they carried history even in the 21 st century in both cities is amazing.",754,2023-07-09T18:55:46Z,True
@mohammadtayyab1005,"Buss. Rahey Naam Allah kaa.
Zameen khaa gaee Aasmaan kaise kaise.
Sunderland dill ghumzadah Howard.Allah umme Laila k slamat  rakkhe.  Koi unfortunately mera Slaam pahunchadey.",0,2023-07-07T03:27:46Z,True
@ranu802,"I enjoyed your video. Thank you for showing us the part of History we missed. The living heir of the Mughal dynasty is a very fine poet. She is so brave to live alone in a four hundred year building.  I went to Lahore to complete my B.ED degree. I saw a few remarkable places. It's a beautiful city, I'm glad the citizens are keeping their history alive.",7,2023-07-06T18:07:46Z,True
@sarahusman6123,I am Mughal decent. We have family shajra-e-nasab too kept by our ancestors. I enjoyed this video so much.,35,2023-07-06T16:12:59Z,True
@shyamchabra5355,"How wonderful to see some of the old buildings in Lahore. Many have deteriorated and left abandoned, but this adds to the romance of the city! Thank you for showing it as its is.",21,2023-07-06T09:44:11Z,True
@playme49,"I got depressed seeing this . :((((

Such big ppl end of family line .’

This is so depressing.

I regret watching it. :(",0,2023-07-06T08:19:43Z,True
@jigold22571,Lahore.The last frontier..Thank You.,0,2023-07-05T13:07:06Z,True
@watchliker8606,"Maybe last one in lahore, but not last heir, there are more few",0,2023-07-03T02:40:48Z,True
@Dil-Sacha-hai,"Wazir Khan had ordered execution of small kids of Sri Guru Gobind Singh ji. The two kids were bricked alive in Sirhind of Punjab. 

The consequences were the brutal death of Wazir Khan by a Sikh warrior Fateh Singh who tied him behind the horses and dragged him alive for hundreds of miles to Sirhind. There he was hung by legs and then burnt half. His head was then chopped off to give justice to the small kids.",7,2023-07-02T18:50:44Z,True
@deepikagovind,Many many Hindus left their prosperous homes to pushed out killed by radicalised Muslims. Hindu homes are these ones in Lahore,0,2023-07-02T11:40:30Z,True
@a_proud_hijabi_girl,"12:56 She brought tears in my eyes,may Allah give Hidayah to her brother",6,2023-07-02T07:16:10Z,True
@kamakshiyadav5980,"Shot a dog😂
Deranged people
But shaayri achi thi",0,2023-06-28T10:40:07Z,True
@shafaatahmadkhan9026,One of the best Vlog because of om r lyla interview ❤,0,2023-06-27T13:52:10Z,True
@riyazahmad4484,I'm a hard cookie to break but this particular video made my eyes little teary for sure. What a classy and courageous woman. I would love to meet her personally if I can that would be a great pleasure.,0,2023-06-25T23:44:08Z,True
@divyanshikumar3612,"This place is giving old Delhi vibes. Purani haveli , gaaliyan, dhukane .... Mesmerizing",0,2023-06-23T16:08:16Z,True
@ranbirchauhan96,Lahore is basically a Dogra civilisation by language culture Geography.,0,2023-06-23T13:40:56Z,True
@shahzadshan4392,Noor jhan ki koi namaz nahi hoti...adab to hey pr ilm nahi,0,2023-06-22T17:55:25Z,True
@wabisabi2819,"Zeeshan your commentary is really beautiful and unique which is very rare in this day and age. You remind me of my childhood when we used to hear Moheyudin Zia and Talat Hussain narrate urdu poetry in such beautiful and unique way. 
Thank you for listening to your viewers and visiting Um-e-Lela one more time. She is an iron lady and her poetry is so beautiful it made me cry. I am not a big fan of poetry lakin inki Boht khubsorat shairi hy. I wish and pray that ALLAH gives her ajar, happiness and blessings in her next life as this life is temporary. I really wish she allows us to see her house from inside. Its beautiful and sad at the same time that she holds her culture and value so close to her heart which caused her this loneliness. She is an absolute treasure for our country.",11,2023-06-21T20:25:03Z,True
@nizamhassan3502,Very impressively narrated the whole historical sites of Moghlia havalies.,0,2023-06-18T20:56:13Z,True
@armeshram,Such a narrow minded women who still thinks that killing a dog is justified and right thing to do just because she fucked with another dog 😂😂😂😂😂 now I understood why she was repeatedly telling Mirze Mirze hote hai …. She meant to say Bigots Bigots hote hai ….,0,2023-06-17T06:32:55Z,True
@khan-mm7ly,Such a historical and emotional video.....um-e-laila ka to her lafz dukh aur udasi ki tasver hey....she a great and brave woman......sir u r really exploring Lahore deeply....,0,2023-06-16T12:00:45Z,True
@sameerafarid,"Bhai aap ki commentary ziyada historically romantic hai (not in vulgar sense) but the interaction and the video didn’t do the justice with the whole experience…wish it could be more intimate in details, maybe you were seeing all that beauty but somehow your camera was not capturing the essence and angles of the view…looking forward to more improved content",0,2023-06-13T17:10:19Z,True
@sheregrewal9182,"Beautiful narration and tour of history..had heard or LAHORE from maternal grand parents..
Who were married at LAYALPUR and often talked about the Golden times 
STAY BLESSED AND SHARE MORE WITH THE WORLD",1,2023-06-13T07:55:03Z,True
@ExplorewithAllie,Being an indian always wanted to visit karachi lahore after watching this episode just menifesting everyday to be there.,0,2023-06-13T06:05:44Z,True
@samar313,I feel something inside my chest squeezing my heart tight whenever I see the old mughal era buildings and such wise  people with such a beautiful poetry skills living in abandoned houses away from modern world and writing down the pain that people gave them in form of words . Aaah I can't explain that feeling maybe it's due to we are a part of our investors that loved the same life in these old mansions I don't know maybe someone reading this comment will think I'm a fool but you don't know what I behold in depth of my heart,378,2023-06-11T19:25:43Z,True
@yourmom9608,Search for a brothel in lahore where pimps knows best about the mughals era,0,2023-06-11T14:09:12Z,True
@ashurathi9286,"I wish both Punjab were not separate and we were one united India, I alaways wanted to travel Lahore Peshawar Karachi but whenever I read our history of partition mann khatta hojata h aur mann ukhad jata h janey se. ab to waise bhi ni ja sakta Hindu Sikho ko khatra rehega agar waha ghumne gye",0,2023-06-09T10:43:06Z,True
@edmab6214,"Zabardast, felt as if I was in that era. How unfortunate that the people & Govt. does not recognize, help or Simone make documentaries of the rich history of all what you have done, Kodos to you.",7,2023-06-08T15:43:02Z,True
@satyam-evajayate101,Fortunately we are not living in their era!,0,2023-06-08T15:21:49Z,True
@HarshSingh-zj2bf,"I read some where the last surviving Mughal family was living in Kolkata, on a very small pension",0,2023-06-07T18:07:15Z,True
@georgekoshy6253,More of such historical information could help to integrate this subcontinent with hope for the future.,0,2023-06-07T13:13:10Z,True
@dharmapalsharma2679,Time less quality of DIVINE EXISTENCE 🌺🕎☦️🔯☪️☯️🕉️🛐🌺,0,2023-06-07T06:48:25Z,True
@myjeepzia,"What a classy video , Thank you ! Thank you ! For you efforts making this video .",0,2023-06-07T06:35:37Z,True
@mysticnenigmatic,"I have met 40th generation of Rajput ruler who ruled Saurastra region for 400 years. He told me how during war with islamist, several generation of rajput family got killed. Many sacrificed their life and gotlost in the history. Lftist make sure that they remain buried in the history and never pipps up evennin the history book. History is written by powerful people.",148,2023-06-07T03:24:04Z,True
@anwarsadat2334,"Bittersweet. A person living in the past. Unfortunate. She should have moved on as did her sister, etc.",0,2023-06-06T19:04:12Z,True
@mahadib,A great alley of our history.  Thanks from Dhaka,1,2023-06-06T18:40:41Z,True
@humajaved6295,Umme Laila ki koi book bhi hai poetry ki?,0,2023-06-04T11:50:31Z,True
@javedlatif7827,What a lady with such poetic language,0,2023-06-04T11:47:27Z,True
@javedlatif7827,Never knew such literally lady lives in Lahore,0,2023-06-04T11:45:40Z,True
@amjadsadique4788,Bht bht bari mohabbat Ki BAAT hai k itna ishq o lagao h inko apni poetry Sy is city Sy is hqweli Sy Ma Sha Allah,0,2023-06-04T11:03:41Z,True
@arorashipra79,beautiful video sir..Really felt as if I was there ..looking at the havelis and the front facades..a beautiful city with beautiful history...thank you so much..My grandparents were from Lahore and I feel really sad that we never asked for their addresses..perhaps one day I could visit Lahore and see their house but till then..aap ki nazaar se dekh lenge lahore..,7,2023-05-31T08:45:18Z,True
@arpitasarkar6290,"This is gold. So good to see and know and experience the beauty of Lahore.. all this was once a united land.. unfortunately... Today's generation of India and Pakistan have been kept aloof of the common treasure, historical significance, the positives.. all we are fed is hate. I randomly can across this video.. You are doing a wonderful job, brother. Love and peace 🎈✨",148,2023-05-28T08:52:55Z,True
@vimaldave698,Mashallah......u took us into that period by this Mulakat..Jo guzar gaye vo zamane fir nahi ate.... Classic VDO...Thanks and Good Luck.....,5,2023-05-26T21:43:30Z,True
@syedsubhan1589,WTF..SHE DIDNT LET US SEE THE HOME AND SCREWED MY TIME WITH POETRY,0,2023-05-23T18:30:18Z,True
@nidanabeel316,Thanks for giving us a gateway to Lahore inside and it brought back memories of when I went through these streets to visit shahi Hammams and MSjid wazir khan❤,5,2023-05-23T16:02:05Z,True
@Salman-sc8gr,"Such a pity the so called heritage Trust has neglected the maintenance, the minister incharge must be dismissed. Similar neglect of Derawar Fort in Bahawalpur.",1,2023-05-19T23:43:11Z,True
@hindu-secularbydefault7654,Koi dynasty fynasty nahi thi woh. Lootere the. Dhan aur Bharat ki Asmita ko loot gaye. Hamesha k liye nark mein jalenge. Aur bahut urdu mat jhad. Pura Hindi se churakar bani hai tere jaiso ki so called bhasha. Woh tak nahi cchoda. Nirlajj. 🤬,1,2023-05-17T16:00:41Z,True
@moazamization,"I belong to those gates and those walls of Androon Lahore as I was born in Dehli Darwaza but my family shifted to another area far from Androon Lahore when I was a little kid, but still my roots are there and I never miss a chance to revisit my inheritance. The Laal Haveli you showed at the start of the video is indeed from mughal era and I stand at front of that Haveli for a while whenever I visit Dehli Darwaza and I am really eager to know about the origin of this Haveli that who built it and who lived in it? If you have noticed that when you take a glance of that haveli, it looks like a Relic, yet it tells a lot of untold stories..",9,2023-05-17T10:01:46Z,True
@waqarjamshed8092,"Zeeshan bhai
Salute to ur efforts",2,2023-05-17T02:13:54Z,True
@softwaresupport-busytally8084,"Lahore 😂is Lahore consists of Muslims.  

Or had other rekigions and its culture.

Even if it was there please thete any leftbover if Hindu sikh  traces are lefy or all have been erased and a new history been paste

I heard that Lahore had a Rich Hindu Sikh Heritage",1,2023-05-15T12:54:12Z,True
@pcsim6770,"Hello Zeeshan Bhai, my nanaji's family hailed from Lahore, they left for Delhi approximately 1940s. They were a very well known & well respected business family headed by 2 brothers Dwarkadas RoyKapur and Devidas RoyKapur. The family business was known as ROY BROTHERS CHEAP JOHN. They had a huge property with 2 havelis on 4 Lake Road. Since you are such an avid historian of Lahore, I was wondering if you might be able to send me any pictures or historical information of my ancestors. I don't know if there are records available at all? I look forward to hearing from you. I have heard many stories about the glorious days my ancestors spent in Lahore, I do hope that you might be able to find some information/pictures of the area. Thank you.
Simmrin",11,2023-05-15T04:51:27Z,True
@parasahirwar6172,"Your narration fascinates me to learn urdu and poetry,, bhaijaan your are a great story teller",1,2023-05-14T20:27:14Z,True
@khatubaba06,So nice voice n great exploring big bro. Ur looking so good hair omg,0,2023-05-14T12:31:18Z,True
@RamyaSanatani,"Hindus getting emotional and happy over Mughals of Lahore, when a whole race of Hindus, Sindhis and Sikhs have been wiped out of Lahore and whole Pakistan… most of them r living below poverty line deprived of basic rights or if they r living in community they have this tremendous fear of getting attacked",2,2023-05-13T19:22:28Z,True
@rejaul1962,"Unbelievable 
Thanks for this wonderful interview",0,2023-05-13T15:18:16Z,True
@iPatrish,"Same Wazir Khan who ordered the martyrdom of four Sahibzade of Shri Guru Gobind Singh Ji Maharaj? If yes, then the state this family is in is because of the deeds of their ancestor. I’m not happy to say this and I have respect for the old lady, but the price of a sin and that too such a horrendous sin needs to be paid.",1,2023-05-13T09:11:08Z,True
@TheFarah84,"I have a question, why do you think she is the last generation while her sister and brothers are married and may they have kids as well.

How ume Layla is the only owner of this haveli while she has siblings? What was the court case anyway?",0,2023-05-12T21:24:09Z,True
