﻿author,comment,likes,published_at,is_relevant
@user-sj10hjkbbvcd,"No tall buildings ,no corporate or Information Technology Company Building,its so f***ing ancient and medieval, piece of shit city ,cut off from the 21st century",1,2025-06-03T14:01:09Z,True
@user-sj10hjkbbvcd,"Its not entirely developed,too many dirty small houses ,no clean large green patch of land",0,2025-06-03T13:57:02Z,True
@WaqarHasan-rc9rt,Lahore Lahore hai !,0,2024-03-25T20:06:57Z,True
@kanzahafeez2143,Walled city of Lahore is first love❤,2,2024-02-21T12:50:06Z,True
@lokeshsharma243,Kash india m hota,0,2023-12-28T15:14:55Z,True
@aryansrivastav876,I am from india and when i know about batwara i was so angry about jinna and gandhi 😑 kash wo batwara na hota too bharat aaj parcham lehra deta 🙏,0,2023-06-07T07:23:34Z,True
@siddiqueyd1,"Husn bhi ap hy Ishq bhi ap hy jis taraf dekhye ap hi ap hy ap hi ap hy, Lahore tu baad me dekhenge!",0,2023-04-22T16:44:43Z,True
@waleed7936,Best city in the world. My Lahore. Ruined by the government but still glorious ❤,2,2023-04-07T10:55:18Z,True
@ikhlaquechan7463,I hope androon Lahore can be restored!,0,2023-04-04T17:19:36Z,True
@turababbas4773,"Lahore Lahore ae
Jinne Lahore Nahi takaya ho jamaiya hi Nahi ❤",1,2023-04-02T11:20:11Z,True
@AdityaRaj-xm6oi,What does the name Lahore mean ?,0,2022-12-07T04:47:11Z,True
@himanshuverma3231,"After watching this documentary,i feel no difference between Lahore and Lucknow i feel same culture and environment, i love this melodious language and music, cuisines.
But these precious buildings and  monuments wants perfect restoration and maintenance techniques because they are jewels of the nation.
Here in our country every single monuments is restored in such way it get the original beauty mean to say with same style of masonary and rock engravement and traditional tiling works with traditional artist by ASI.",5,2022-10-21T04:09:24Z,True
@dawood__arham,"Qisi nay sahih khaa hai:""LAHORE LAHORE HAI""",0,2022-07-26T14:08:36Z,True
@abdullaali3594,I am from Lahore day time dish signal km q ho jaty h,0,2022-07-04T05:40:16Z,True
@mufasirbaloch6784,Lahore banega Hindu rasto,0,2022-05-21T02:45:49Z,True
@aryavartaking4640,Lahore ka Naam LORD SRI RAM ke son ke naam pe rakha gaya. All the pakistanies are converted muslim,0,2022-04-22T04:31:10Z,True
@abdulhafeezsfarooqi9211,"Girl,you may go for modelling! Your  overacting is not desirable.",0,2022-02-12T09:08:22Z,True
@faizanawan5703,MashAllah lahore is heart of Pakistan,0,2022-01-08T12:46:47Z,True
@mahendrapalsinghyadavadv5297,we have Lahori gate in delhi and many shops and places  named after karanchi gujranwala khyber pass Lahore Rawalpindi Etc,1,2021-12-30T16:50:02Z,True
@peterliggins6299,I will be visiting beautiful Lahore in March 22 (Inshallah) What is this music? It is amazing!,0,2021-12-15T20:17:53Z,True
@iyi4322,Lahore Lahore ay,0,2021-12-02T18:39:00Z,True
@iyi4322,So beautiful my City Lahore,0,2021-12-02T18:38:49Z,True
@seemamehmood4802,You make the video  so nice and  we r Lahoreee we love the lahore,0,2021-11-07T18:47:00Z,True
@sahibnoorsingh2940,Amritsar and lahore the same,0,2021-10-26T08:14:46Z,True
@musavvirshaikh3852,"I'm a marathi primary teacher in India maharashtra. I'm  very exciting to visit this place. Insha Allah one day I will visit this place with my friend....
Jazakallah",19,2021-10-21T04:07:20Z,True
@ghulamnabi7347,Very butiful  lahore  sity,0,2021-09-26T08:01:06Z,True
@munirahmed836,BEAUTIFUL BELOVED LAHORE OF BELOVED PAKISTAN. VERY NICE SPEAKING ANCHOR WOMAN? ZINDA BAAD PAKISTAN a& DISCOVER PAKISTAN.,0,2021-09-06T14:08:12Z,True
@sudarshan3965,aapne bahut acche se samjhaya hai. bahut accha laga lahore dekh ke. love from India.,0,2021-08-14T11:52:33Z,True
@salmerchant5411,"How about finding someone with better pronunciations, better grasp of urdu language? Couldn't watch it after she said مگل instead of مغل. After the word سیاح was butchered to  be سیاہ  and so forth. Sad.",0,2021-07-18T04:27:43Z,True
@anitarathore8009,My family was from Shahalami Lahore.,0,2021-05-26T08:49:28Z,True
@dr.dschauhan2430,It is exactly like agra fort or any other fort of India in fact this was also a Indian fort at the time of its construction,8,2021-05-21T18:28:28Z,True
@_roshanmohanta326,"and the thing is .....delhi gate in lahore ...lahori gate in delhi ........actly hum bol skte hain shydd delhi aur lahore twins hain
.",1,2021-05-20T12:53:16Z,True
@honeybeezenees5557,Can u post the lahore documentary ( the poetry one)as well ! tHAT WAS AMAZING!,8,2021-04-20T08:28:25Z,True
@ishikapruthi161,I really really wished to watch.. But poorest voice quality. Sorry. 😞 very loud background voice. and infact I started watching it thinking it's a DISCOVERY video not a discover video.,0,2021-04-18T16:27:31Z,True
@ansaricreations4855,I love you Lahore,1,2021-04-02T18:18:31Z,True
@devanshimoliya959,Iss video ne LAHORE mai Dilchaspi aur badha di..😊😊😊❤,17,2021-03-30T14:15:23Z,True
@100xzoom9,"Great Work 
Suggestion:
Please add subtitle as per broadcasting Viewers National Origins for International viewers.",0,2021-03-22T06:04:36Z,True
@mumtazzia5875,It was great experience too visit Royal Saloon commonly  known as Shahi Hummaam. All those who remained associated with restoration project need appreciation. It is a commendable job and real specimen of team work. All those now entusted with up-keep and operation of this site need to be acknowledged. I am an resident of walled city and definitely happy to visit such initiative,8,2021-03-14T12:28:23Z,True
@Raja-zk1eo,Khari baoli in delhi is Asia's largest spice market. Correct your fact. Though I loved your content.,0,2021-02-04T05:59:02Z,True
@AH-gc9cy,Wakai aaj ka or Purana to or bhi khoobsurat tha love u lahore  I'm from Bharat,6,2021-01-27T06:57:26Z,True
@mkrs1305,Lahore a great city founded by Love the warrior son of lord Rama...,0,2021-01-18T12:26:42Z,True
@akashsaneshwar5106,"Khubsoorat Nazare pakistan
I m indian and I want to visit in Lahore.
I love india and I love pakistan",5,2021-01-05T03:40:05Z,True
@ajazhassan16,Assalamo Alaykum Masha ALLAH Bahot pyara Superb Cha Jayein I&My Best Wishes Dua Always With You IN-SHAA ALLAH you will Rock always cha jayein Tc ALLAH bless you always,0,2020-12-24T20:06:45Z,True
@jibranali3611,Mara sona Lahore i am also from Lahore,1,2020-12-16T00:01:36Z,True
@anasarfi6163,I wish i wish k mei lahore ghomo,0,2020-12-12T10:14:30Z,True
@sidrahameed3746,Mera Lahore ❤,7,2020-11-21T07:42:07Z,True
@madanmathur6589,I was born in Lahore in 1931 and had to leave my motherland in 1947 due to historical events beyond our control. All these years I have been longing to visit my birth place (on Mohan Lal Road) but alas it has not been possible. Now at the age of 89 seeing your wonderful documentary my heart is full of nostalgia and fond memories of this historic city which seems to have have become younger and lovelier with passage of time. As someone has rightly said : “ Jis Lahore nahin dekheya o jamya hi nahin”! God bless you Lahore!(From India).,238,2020-11-10T16:14:13Z,True
@michellemcrae4557,That food looks incredible! 😋 I'd like to try.,7,2020-11-10T02:20:08Z,True
@babokhan9718,I am from Quetta  but Lahore is great city in the world I love Lahore,18,2020-10-21T10:32:57Z,True
@kiranstudent7413,Love from Ludhiana fr Lahore ❤🇮🇳,3,2020-09-21T06:44:16Z,True
@sunny09140,Beautiful indeed..... and I long to visit someday . Lahore and Peshawar ... the cities where my grandparents came from .,13,2020-09-10T02:53:20Z,True
@simarjeetsingh6099,Really amaging and wonderful city.. That fact is true who has not seen lahore city  that he has not born Yet.,6,2020-09-05T01:19:13Z,True
@manishrvce,Aamzing video Asifa and team Discover Pakistan.The old city is so rich in heritage and culture! Its also so similar to Old Delhi!! Luved it and luved the similairity between our countries!,5,2020-08-16T07:52:30Z,True
@umarhayat2273,Lucky 🍀 irani circus🃏🎪 & Afghan 👉🏽 🐺⛰ & 🧔🏼Uk 🎡 👈🏽 ghusbetiy 😐 real lahori 👉🏽🛕🧘🏻‍♂️📿 👈🏽 from Lahore.,0,2020-08-14T23:40:12Z,True
@qasimtanveer722,Mera piyara Lahore,0,2020-08-11T04:24:11Z,True
@javeriaijaz8558,i lived in walled city for 18 years nd didn't enjoy anything like this thats so unfortunate nd bizarre for me that i didn't observe this beauty and colourful culture 💔 missing those days,3,2020-08-05T08:21:59Z,True
@mohammadirfansiddiqui9589,Bahot khoob . Love from india,0,2020-07-27T02:07:34Z,True
@ranvijaymehta,Gajab .. Jaisi aap khubshurat ho ... waisi hi Lahore bhi laga.. thanks Love from Bangalore,2,2020-07-25T18:27:32Z,True
@AkbarAli-wx8oq,"Bahot Dil krta hai ap logo k bare me janne ki....apne to Lahore ki sayer kra di..Maza aageya Bahenjee...l am from West Bengal,India.",10,2020-07-25T04:13:11Z,True
@mrkhokhar4895,"Waooo my lovely beautiful great lahore , inshAllah  will soon.as come to pak",1,2020-07-24T18:18:06Z,True
@ZahidAli-ie9vd,Lahore historical place very amazing,4,2020-07-23T16:21:36Z,True
@prateekkoirala4279,beautiful pakistan n amazing lahore city.love frm NEPAL ❤️💚💛💙💜,27,2020-07-23T08:14:30Z,True
@s.k.parashar2175,Shukriya Lahore ki khubsoorat buildings aur galian dikhane ke liya.Good efforts.  Keep up. Thanks.,1,2020-07-19T01:42:11Z,True
@adeelrana5336,Superb documentary! Loved it! Lahore is love!,6,2020-07-16T13:39:33Z,True
@ravinderangurala6630,"Very nice video, good to see Lahore city from Delhi. Lahore and Amritsar the two beautiful city of Great Punjab.",23,2020-07-13T14:13:01Z,True
@jadoogarsiss9809,Love u lahore,1,2020-07-11T15:01:24Z,True
@youtube322youtube2,I love lahore .💓💗❤💚💜💛💕💖💙💞💛💜💕💚💙❤💜💗💓💛💙💕💗💙💜❤💚💗💓💓💛💙💜Arafa 4m UK .,0,2020-07-11T14:07:06Z,True
@mahmoodali7847,Ali Mahmood from Los Angeles USA this is beautiful lahore city move l born in Lahore.when I come lahore mostly l spend my time in walled city.,3,2020-07-09T19:41:29Z,True
@IMRANALI-wl5xw,"Today i visitid my childhood, i was born in lahore City, (Chota Mufti Bakir ) From Germany",2,2020-07-07T18:52:03Z,True
@imranalijafar,"Given the quality of the production, you should  add English subtitles to it. Or English dubbing if possible.",29,2020-07-06T14:40:21Z,True
@imranalijafar,Great video. Amazing shoots and editing. Loved how you captured the spirit of old Lahore,17,2020-07-06T14:28:24Z,True
@somnath8987,From India . it's your Lahore video so nice and beautiful,2,2020-07-05T03:47:20Z,True
@warrior1561,"I would visit Lahore one day, it's really a nice city",2,2020-07-03T14:24:57Z,True
@topsecret8871,Originally my ancestors are from Amritsar but migrated to Pakistan during partition. I’m Canadian Pakistani who was born in Canada. Pakistan Zindabad 🇵🇰,4,2020-06-28T09:00:07Z,True
@imranmunir1918,Lahore is great,0,2020-06-26T05:47:32Z,True
@pradeeppradhan9699,"wish i visit lahore once. good video Discover pakistan .
thank you",16,2020-06-08T04:47:11Z,True
@MerajAnsari-ur8jg,me lucknow se hun.lekin mujhe lahor bahot pasand he....i.miss you lahor,25,2020-06-02T08:39:54Z,True
@mazharabbas5076,"You are sooooooo beautiful and your way of explaining documentary is amazing,,, I really impressed... Keep it up 
Thank you for explaining our culture. Lahore ,long live Pakistan",4,2020-05-16T07:20:49Z,True
@miantahir1935,Very nice lahore city 🇵🇰🇵🇰🇵🇰,0,2020-04-29T07:48:35Z,True
@ahmadchohan9900,Awesome . Thanks to all of the team of discover Pakistan. ❤️,5,2020-04-25T09:00:48Z,True
@akhtarhussainkhan296,great efforts to introduce old Lahore...,4,2020-04-22T19:32:01Z,True
@fiazbutt912,Lovely places of Lahore and nice video.,1,2020-04-03T06:44:13Z,True
@abdulhannan288,amazing Lahore old style buildings,1,2019-12-04T18:13:15Z,True
@AdnanRazaofficial,Excellent work but very less views & likes,1,2019-11-17T17:00:37Z,True
@DECOROWALL,A complete & very informative doucmentry on walled city of lahore. you guys did a good job.,0,2019-09-17T19:43:13Z,True
