﻿author,comment,likes,published_at,is_relevant
@abcdefgh12-f1k,"Aur yehan godi media nai kitni nafrt faila rahi ,think 200 hindu living respectfully and idr kitni muslim population hotay be hindu vs mislim Godi media karti",0,2025-03-06T10:04:38Z,True
@danishm.3417,Lahore kay LAKSHMI Chowk nahin gay?,1,2025-03-05T13:27:46Z,True
@yypillu,Indian media zee news sab hindu ko 1 lakh bar har angel se yhi btata h muslim khrab hote,0,2025-03-04T10:23:16Z,True
@TFORTEACHING,"People are saying pakistani have hindu temple,look at the condition of the temple and only there is 2 temple left come to india i will show too much mosque in india with better condition and also jama masjid.tell me any name of pakistan big temples?",0,2025-03-03T17:13:33Z,True
@AbdulHakeem-m3i,Indian janta ko smjhna chahye k indian media pakistan k bare me hmesha ghalat or jhot phelati h😂😂❤,0,2025-03-03T13:09:20Z,True
@chemophile14,"Apart from Politics m, apart from study IQ, Pakistan India should strengthen the trade of 30billion USD, open the border for each other, make visa process easy. It’s shame that being a neighbor, we don’t have trade and easy access",1,2025-03-03T03:42:37Z,True
@YellowDart-HT,"Meine India news mein suna hai delha hai pakistan log Lhookhar hote jai jaanwar jaise rehte hai.

Aur Hindo se bhot nafrat krte hai, cow bade sokh se lhaate hai",0,2025-03-03T01:43:14Z,True
@Lucky-kc6sc,Welcome to lahore pakistan 🇵🇰 🇮🇳 ❤❤,0,2025-03-02T20:30:49Z,True
@dervaishkhanofficial,"We the Muslims of Lahore are anxiously waiting for our Hindu brethren to come, visit and honour us and make their worship places thriving. We have been living together in peace for a millennium but then were divided by a shameless people who came here from seven seas abroad. Let us repair the religious diversity of the region called India and make it a great example of peaceful coexistence. Let us care for all the people living here. 💜❤️",0,2025-03-02T16:59:04Z,True
@abdulqadirqadir9333,Well come to lahore❤❤❤❤,0,2025-03-02T14:40:58Z,True
@AhmadRana-l9h,Love from lahore❤,0,2025-03-02T13:19:54Z,True
@munirahmad7580,Jain Mandir Anarkali bhi visit karen. Government of Pakistan ne rebuild kita hai. Functional nahi hai lekin bohat khubsurat hai. Iske sath aik boundary wall bhi hai aur garden bhi.,0,2025-03-02T12:18:53Z,True
@dineshchand4833,Pakistan me Hindu Ladkiyo ka Rape hota hai Or tumhe Waha Jane ki Kya jarurat hai,0,2025-03-02T06:53:15Z,True
@Anonymous-luet,Vikrant Gupta looks like us... He has such a big fan following in Pakistan... Respect for u sir... I wish all our indian brothers a memorable trip to Pakistan...,0,2025-03-02T03:43:43Z,True
@umanadv9069,Well Come to Lahore 💖💖💖,0,2025-03-02T02:34:07Z,True
@colourcloud65,Welcome to lahore Pakistan 🇵🇰 ❤ vikrant Sir 💋 😘,0,2025-03-01T22:45:54Z,True
@AzfarShaikhOfficial,"Must Read :-
Majority of Hindus Lives in Karachi Pakistan...
You should See Shiv Yatri Shiv ji ki Barat in Karachi I'm damn sure you will be surprised, 150+ Mandirs are operational in Karachi and 10+ Biggest Mandirs where Hindu Community go in Big Numbers around 20k plus  , And there are few Mandirs that are Located in Karachi which are almost 300,400 years old... Pakistani Hindu Community in Karachi are very Humble they Enjoy and Celebrate every Festival, even Muslim Community also join and Celebrate Hindu Festivals, they both celebrate each other's Company together and Events like Holy , Diwali , Eid , Ramzan , Ram Divas and Many more, they even participate in each others funeral...
Jai Shri Ram 🚩
Radhe Krishna 🚩 
Jai Mata di 🚩 
Har Har Mahadev 🔱 
Lots of Love for my Hindu Sanatani Friends 🚩 🙏 
Love From Karachi ❤",0,2025-03-01T19:20:58Z,True
@AzfarShaikhOfficial,"Must Read :-
Majority of Hindus Lives in Karachi Pakistan...
You should See Shiv Yatri Shiv ji ki Barat in Karachi I'm damn sure you will be surprised, 150+ Mandirs are operational in Karachi and 10+ Biggest Mandirs where Hindu Community go in Big Numbers around 20k plus  , And there are few Mandirs that are Located in Karachi which are almost 300,400 years old... Pakistani Hindu Community in Karachi are very Humble they Enjoy and Celebrate every Festival, even Muslim Community also join and Celebrate Hindu Festivals, they both celebrate each other's Company together and Events like Holy , Diwali , Eid , Ramzan , Ram Divas and Many more, they even participate in each others funeral...
Jai Shri Ram 🚩
Radhe Krishna 🚩 
Jai Mata di 🚩 
Har Har Mahadev 🔱 
Lots of Love for my Hindu Sanatani Friends 🚩 🙏 
Love From Karachi ❤",0,2025-03-01T19:18:10Z,True
@tassadduqrasool3928,One is near Anarkali station,0,2025-03-01T16:49:32Z,True
@HaseebAli-i9c,Salt mine mountain chakwal city Pakistan m 2500 saal purana mandar hai itna bara mandar shayd sirf Mumbai ma ho yaha har saal bohat se tourists aten hain,1,2025-03-01T11:43:09Z,True
@itx_tigers4084,"what one person who came from india in Mandir in Lahore said to nikhel and vikrant "" MORE AND MORE PEOPLE SHOULD COME FROM INDIA TO Restore MANDIRS IN PAKISTAN "" . Remember these words.",1,2025-03-01T11:40:47Z,True
@HaseebAli-i9c,Hindu Lahore se kam iss liye howe hain sb Karachi city m chaly gaye hain Jews b wahan hain,0,2025-03-01T11:40:32Z,True
@HaseebAli-i9c,No brother big ur 2500 saal purna mandar chakwal city m hai jaha pr salt mine  mountain hai yha out of country se b log aten hain mandr ka name raaj katas hai,0,2025-03-01T11:32:15Z,True
@raghavsharma6430,Pakistan k liye ek idea hai .....  2 ya 3 bade mandir bna lo and indian tourist hi tumhari economy ko badha denge..😂😂,0,2025-03-01T10:27:25Z,True
@sahirgilani4506,Acha mny daikha indians kuch log sabki bt ni kr rha kuch mostly kisi bhi cheez sy khush ni hoty ab mjy asa lgta k waqai kya ya sb itny farigh hn k bs inko cmnts krny? Shyd per comnt pak k khilaf nafrt phailany k paisy milty🤣 o bhai kisi hal mn tu khush hojao🙏🏻,0,2025-03-01T10:09:25Z,True
@sahirgilani4506,Pakistan mn hazaro mandir hn pr oprational tb hi hoty na jab wahn log ain ab log sab ik mandir mn jaingy or dosra khali rhy ga tu wairan tu hoga na asa ni k pakistan mn koi mandir jany sy rokta na kbhi asa hota k mandir mn poja hori ho or bahir muslan jama ho k shor machany lg jain pathar marny lg jain asa posible ni hy people of Pakistanies are very calm❤,0,2025-03-01T10:04:32Z,True
@HTSACD,"😍😍 Thanks for coming to Lahore keep coming... We Pakistani and Lahore's always want to see sports, trade, music and love between the people of India and Pakistan for long term peace and stability unlike Governments or politicians of India",2,2025-02-28T20:25:08Z,True
@nabeelahmed1844,Bhai lahore stadium gye ho ya Sirf mandar gye ho,0,2025-02-28T17:31:28Z,True
@SH707-z8l,"Shivratri ka asal maza,Karachi Mai atta hai Lahore Mai nahi,yeha Barre Shiv Mandir hai,purrane bhi aur nai bhi,ap vlogs Mai dekh sakte hai 2 din see ussi kee celebrations yeha hoo rahi hai.",0,2025-02-28T16:25:34Z,True
@mehrankanwar9388,Welcome to Lahore,0,2025-02-28T13:17:07Z,True
@mdazha4925,Andbhakt ke liyeh shock news hogiya 😁😁 ke Pakistan ke hindu kitna save hai aur Vikrant ko deikhe bol nahi sakta ke yeh fake hai 😁😀 sikho andbhskt Pakistan se kitna hindu save hai aur idhar tum masjid pe hamla karta hai,0,2025-02-28T12:53:38Z,True
@MuhammadNawaz-sn7hx,Vikrant well come Pakistan and well come Lahore,0,2025-02-28T12:26:23Z,True
@saqlainjaffery8181,Welcome vikrant and nikhil sir in my home city lahore❤,0,2025-02-28T12:23:22Z,True
@UsmanAli-v5f6k,Welcome to Lahore Pakistani   loving for all Indian people please coming to Pakistan Pakistani hospitality so nice and love 🇵🇰🇵🇰🫂🫂🇮🇳🇮🇳❤️❤️🌹🌹,0,2025-02-28T11:12:07Z,True
@Hindustani_6194,Itne khubsurat mandir to Bhart me bhi nhi hote he ...or India me logo ko Badkaya. Jata he ki Pakistan me Hindu Bhaiyo par Atiyechar hota he,0,2025-02-28T10:47:47Z,True
@ThomasShelby-s9c,aaj tak ho ......viewers ko dharam ka churan na chataya jai........aisa kaise ho sakta hai..!!!! pathetic media....,0,2025-02-28T10:30:34Z,True
@immalikrehman,Welcome to lahore Vikrant sir. I met you and Nikhil sir at Food street meetup. It was lovely. I hope you are enjoying your stay in Pakistan,0,2025-02-28T09:10:35Z,True
@HemBahadurChhetri-d7j,"Tuti huwi khandar bane Mandir ko dikhwo...😢

Aur logo ko batayo ki kaise yeh Mandir khandar huwa....??

Please sachai se batana...
Taki Aap logo ko Pakistan ki aachai bechna chahte ho unhe Pakistan ki Atanki harkat pata chale...",0,2025-02-28T06:04:49Z,True
@atpt5,Only two' temple in whole Lahore 😢😢😢..,0,2025-02-28T04:31:12Z,True
@zaeemasif364,I hope you both good journey in lahore,0,2025-02-27T20:12:07Z,True
@sjdcreation,"😢Sab ko pata hai pakistan me hindua ke sath kitna galat hua he onke mandir tode gye 

or to or choti choti bachchiyon ka dharm parivartan kiya ye sahi hai.

 or bhi bhout kuch he jo bol bhi nahi sakte. 

Sach kahoon to pakistani muslim kabhi acche nahi ho sakte",2,2025-02-27T20:10:44Z,True
@DelhiWala-z1r,"Bewkuf hindus fir emotional game mein ajayenge inke , aaye din jo pakistan mein hindus ka conversion hora hai mandir tode jare hai usspe toh kabhi bola ni ye , ab ye sab dikha kar kya saabit karna chahra hai ye ? Indian team Dubai mein hai tum log pakistan biryani khane gaye ho ? Bjp government ka sach yehi hai deklo , bina government ke permission ke toh ni gaye honge ye log",1,2025-02-27T20:03:20Z,True
@gokhalem,I wonder if anyone in India knows this guy. He is doing it just to get some followers from Pakistan. Indian should stop watching vikrant Gupta henceforth.,0,2025-02-27T20:00:53Z,True
@ayazahmad1446,Well come to lahore ❤❤ love lot from Pakistan,8,2025-02-27T18:24:35Z,True
@fatima_shakir14,Is Pakistan save now. Please honest reviews. ❤🇵🇰🇮🇳,0,2025-02-27T14:37:28Z,True
@SultanNawazish,"And have a Rich history too 
And I think that temple is largest temple too",0,2025-02-27T13:13:43Z,True
@nocopyrightedits7182,Jo temple lahore main operational nahi hain us main pakistani hindus ka hi fault hai azaadi ky bad hindus nay vo mandir kabhi banany ki koshish hi nahi kari,0,2025-02-27T11:05:20Z,True
@truthseeker3133,Lahore once a hindu and sikh majority city before partition but few left due to mass conversion and genocide of hindus,0,2025-02-27T10:35:45Z,True
@ShoaibAli-007,Welcome to lahore Pakistan 🇵🇰,1,2025-02-27T10:02:34Z,True
@Saleemkhan-fu7km,Sr vikrant sr pakistan main aik to sb mil jul kr rehty or hr kisy ko apni abadat ki azadi hy koy pabandi nain hoti pakistan hr camunti ko azadi or hr camunti ko gannt bhe di jari hy hakomat ki taraf sy in ka bajat bhe hota hy,0,2025-02-27T09:40:46Z,True
@siddharthapatil8172,2 mandir .here in india waqf board 3 largest land holders .in crores majsid .Shows the condition of hindu,0,2025-02-27T08:29:58Z,True
@ssaryan796,"ye vikrant gupta pakistan me ghum ghum ke khub muslim bhai chara nibha rha hai aur yha hundu muslim ho rha hai ,ye gya kyu wha jab hamari cricket team nhi to kya ye dawat khane gya hai ,sidhe sadhe logo ko ullu bhai aur upper bhaithe log biryani khao wo bhi pakistan jake",0,2025-02-27T08:14:43Z,True
@Irfanahmadsial933,100 plus family enjoying Hinduism here,1,2025-02-27T08:10:33Z,True
@dakait5977,Ye saala fraud bikrant gupta hai pak se pese kahayebhai pakistan ko acha dikha rha hai ye dogla itna pakistan m pyaar hai hindu ke liye toh kyu hindus itne kam reh gye mandir kitne bache hai ab pta bhi hai??? Do bideo daalte hai fer kehte Pakistan ki inage sudhar ker rhe saalo besharmo tumhaari country ne kya kiya hai hindus ke kiye waha toh bjp jai hai ?? Fer hindus saaf keridye congress chor jonsuppory kerti pak ko,0,2025-02-27T07:41:37Z,True
@Vishalkumar_h,"Vikrantullah, nikhiluddin in Lahore",2,2025-02-27T07:09:22Z,True
@willnikhil,"Aman chain ke liye ❤ vikrant & nikhil ka bhot shukriya ,🇮🇳♥️🇵🇰♥️🇮🇳",82,2025-02-27T06:53:38Z,True
@Joe-wg9kw,"Just because a couple of guys said sweet things, does not change perception of Pakistanis towards hindus and India. go to the innocent civilians are targets of terrorist which an act of cowardice, even a 3 year old came shoot you from behind. Every opportunity they raise kashmir issue forgetting about their own balochistan. Shame on you guys. Remember the utter obscene gestures the Pak hockey players did to the crowd in Bangalore, will any other team do that, unless you have hatred. HAVE YOU FORGOTTEN WHAT HAPPENED IN BOMBAY, HAVE YOU FORGOTTEN KASAB, you have exhibited hight of shamelessness.",0,2025-02-27T06:25:21Z,True
@VedantYadav-p5x,"The fact that there are only two operational temples in all of Lahore makes me more rigid in my faith. As a Hindu, it pains me to know that the once wealthiest community in Lahore is now reduced to relying on just two temples. It fuels my anger and resentment when I see that India has the highest number of mosques in the world and that the Waqf Board is the third-largest landowner in the country. Meanwhile, my fellow Hindus are left with just two temples.
This is not about the mindset of two different countries towards their respective minorities; rather, it is about how a majority treats its own minorities. 😐I feel both fear and anger—anger at the fact that despite everything being so evident, people sit silently as if they know nothing, and fear because my own people have abandoned the reality of their past and are busy with their lives. They coexist without resentment with those who have repeatedly attacked our faith, raped our women's, and  waged war against us with betrayal and deceit. Sikhs have forgotten the sacrifices of the Sikh Gurus, hindus forgotten plight of Kashmiri Pandits, and the countless injustices our religion has suffered—be it the Jizya tax or the horrifying reality of our women being sold in markets throughout history.""And those who say, 'It’s history, forget it,' I feel like ripping their tongues out. Their voice doesn’t even tremble while saying this—they don’t stop to think about how their own ancestors once fought to protect our faith.""How must they have lived in an era where only Hindus were forced to pay taxes? The very people because of whom the practice of 'ghunghat' started in Hinduism, because of whom Hindus resorted to child marriage for their daughters, and even the horrific tradition of Sati Pratha""😡😣",0,2025-02-27T06:22:27Z,True
@Joe-wg9kw,"Look at what Pak PM said in his address to the team, just go and defeat India and you will be heroes, he is not bothered about winning the trophy.",1,2025-02-27T06:19:36Z,True
@Joe-wg9kw,"Nikhil and Vikrant are utter shameless and disrespectful individuals. As a youngster I still remember and will never forget what I saw, this was on India tour to Pakistan, Krish Srikant's shirt was torn by an intruder. Further Kapil Dev was slapped in the face. Our Hockey team had to face a very hostile crowd in Karachi, stones, chappals, verbal abuses were thrown at our players. Very provocative massive banners were on display in the stadium. India should never play any sport with Pakistan anywhere.",0,2025-02-27T06:18:24Z,True
@Propakiball,1992 sa pahla bhut mandir thy lahore ma mara papa na batya kahga jab inho na babri shaheed ki tab hum na tor deya Sara mandir lahore ka mara papa tab clg ma thy unho ma bhi tora thy 😁😍🗿,0,2025-02-27T06:04:10Z,True
@alpeshjambucha8853,Bhai tu cricket ke liye gaya he ya  views lene gaya he??,0,2025-02-27T05:47:57Z,True
@technicalcivil4310,"Accha jab indian team, commentator Nahi ja rahe to ye reporter Ku gaie",0,2025-02-27T05:39:50Z,True
@hopeforothersram3042,Wow only two temples in Lahore..... secularism at its peak... vikrant why don't you question ❓❓ on only two. Temples in Lahore.....,4,2025-02-27T05:34:08Z,True
@killerfoji9891,Mandir in lahore💯😎🔥🇮🇳,231,2025-02-27T05:07:37Z,True
@Deepakkumar-ux1lm,Only 2 temple in lahore 😢,1,2025-02-27T04:30:32Z,True
@jokershow3931,Pakistan paid too much money to this chanel,0,2025-02-27T04:16:22Z,True
@akshaygaurav4909,Yeha gali gali me masjid hai waha pure lahore me sirf temple,1,2025-02-27T04:13:34Z,True
@chandapadhy4143,Geye ho toh pakistan hindu ke baare mein or kitna mandir tutaa he isko dikhana vikrant bhai,0,2025-02-27T02:19:13Z,True
@FurqanMangiOfficial,"Sindh main bht mandar Hain 
District Ghotki main",0,2025-02-27T02:13:55Z,True
@Hamzabutt997,As a muslim as a pakistan hamy chaiye hai pakistani hindu community ke liye aur mandir built krny chaiyd hain aur jo hain inky gov ki trf se take care krni chaiye hai meri street mai 1 hindu family rehti hai aur hamy unsy aur unhy hum sey bht payar hai❤,0,2025-02-27T01:25:15Z,True
@purviravindra2927,Why only 2 temples left in lahore where the other 24temple went they are destroy by these jihadi Pakistani people,0,2025-02-27T01:24:31Z,True
@Hasan02026,Congratulation Team Khalistan 😂,0,2025-02-26T21:53:52Z,True
@spartant_1212,"What a sad thing Lahore only has two operational temples
Remember before partition major religion here was Sikh and Hindu and Muslims were in minority and see what happened there
My heart goes out for these hindu families..
ANd that fucker congress oppressing CAA.. We need to give our hindu brothers a citizenship in India. They deserve more than anything",0,2025-02-26T21:49:42Z,True
@dghugtyal23,"Yhah dekhke.lg rha h hindu muslim or hindustan pakistan m kitna pyar,or sachai kuch or he h,iss vikrant ali zinna se kaho  thora krachi lahore se agey ka pakistan bhi dikha de bina security k,hmarey fozi border pr mr rahey h,or unkey ex cricketer hinduo or India ko kitni gali detey h,or ye inki chatney gya h",0,2025-02-26T21:06:57Z,True
@shahbazrajput574,Welcome to Lahore Pakistan,0,2025-02-26T21:01:12Z,True
@hiteshkumar3268,"100’hindu family in Lahore ! wow what an achievement .

Even they will perish in next 5 years !",0,2025-02-26T20:52:38Z,True
@hiteshkumar3268,"Just a small question , why can’t you interview any non Pakistani players .",0,2025-02-26T20:49:41Z,True
@Swarup_1996,Those you say that its beauty in Lahore.. I will tell one thing.. In India every 3 to 4 km u will find a church or Masjid.. But in Lahore only u have 2 temples.. And they say we live in Harmony..,0,2025-02-26T20:46:36Z,True
@ahsankhawar205,Welcome to our esteemed Indian guests. Enjoy your visit. We have many old mandirs in Lahore. Very fascinating architecture!,0,2025-02-26T20:44:32Z,True
@patriotic-d3c,"In India, thousands of new maszids built, but see only 2 temples left in Lahore. Temple only for 1 room.",1,2025-02-26T20:33:51Z,True
@anilchopra4751,WAH KAYA BAAT HAI.....! FROM JALANDHAR CITY JN.,1,2025-02-26T20:27:11Z,True
@shenabebo2870,Well come to Lahore Vikrant sir ❤,0,2025-02-26T20:26:32Z,True
@ShamAnand-yn8ky,You guys brushed over the point the devotee from punjab was saying about the restoration of the other Hindu temples.,0,2025-02-26T20:01:49Z,True
@SarfrazAhmad-kw5lh,Sir sindh me bhot sari ha plz ak chakar Karachi me bhe aayn plz ❤❤,0,2025-02-26T19:57:29Z,True
@princerajab93,"Welcome Tu Pakistan vikrant sr 
 Big fan 
 ❤",8,2025-02-26T19:23:01Z,True
@moneyrahulgupta,Sharam Sani chahiye Pakistanio ko sirf 2 mandir bache hain lahore mai,0,2025-02-26T19:22:58Z,True
@Alfaaz-ck,Besharam banda jo pak vs india     ki j k. Par sheed hote hai unko yaar kya bolu mera bhai ko pakistan ke atankwadi ne. Mera hai teri😡😡😡😡,0,2025-02-26T19:22:51Z,True
@arwin282,Wo toh thik hai par 42 se rah gaye bas 2 hi mandir ! Aur pure Lahore me sirf 50 se 100 hi Hindu families !!,0,2025-02-26T19:08:40Z,True
@umerriazofficial2822,Total 42 temple hain but currently functional 2 hain baki demolish wagera nhi huwe still exist karte hain kyunke hindu community bht kam ha Lahore main,1,2025-02-26T19:07:24Z,True
@abvideos8060,Kindly visit some more temples in Lahore,1,2025-02-26T19:01:32Z,True
@zaraayyan8236,Welcome to Pakistan love you Indian people from Pakistan if Pakistan not winning then we want Indian team to win the CT Good Luck teem India 💕💕💕💕💕,1,2025-02-26T18:58:29Z,True
@sumitmahato2033,Chal kya raha hai cricket ke naam per kya chal raha hai Pakistan mein Hindu ka percentage kam ki hua FIR pata nahin Vikrant dikhana kya chahta hai,0,2025-02-26T18:46:31Z,True
@rajkumar_rao5381,Bhagwan ram ke bete luv ke banaye city lahore me 100 family hi bachi hai hinduo ke 😂😂😂wahhhh😂😂😂😂..hinduo ko secularism ne mar diya 😂😂..inke apne convert kra diye gye 😂😂...,0,2025-02-26T18:44:47Z,True
@naziamalik2254,WELCOME TO LAHORE PAKISTAN,331,2025-02-26T18:42:24Z,True
@FADDUTV,"Aise hi sabko aage aana, parega hindu muslim sabko taki dono desh development pe focus kre or dharmik ladai khtm hoa",0,2025-02-26T18:37:42Z,True
@ShahMananAli,Welcome to Pakistan Lahore love you Indian people from Pakistan good luck teem India ❤❤❤❤,53,2025-02-26T18:36:32Z,True
@sameerhot1857,Abe chutiyon etni badai mat karo.mandir ki halat dekho Pakistan me or yaha india me Majid ki halat dekho.tumhe sharam nahi aa rahi hai.eshe bada mandir to hum india k ghar k mandir hote hai.,0,2025-02-26T18:24:17Z,True
@trustme99,"Bs 50, 100 hi hindu log h lahore m omg 😢 sbko muslim bna dia pakistanio ny , zbrn hindu ladkio sy nikha ky harm khoro ny",0,2025-02-26T18:24:06Z,True
@Khalid-j1k7l,"you are in wrong place in term of community , Karachi has biggest hindu community and living mostly north indians more then 2 millions living in karachi Sindh... in Lahore i dont think you will find much there .",0,2025-02-26T18:22:22Z,True
@vivek59,Sach bolo ki poorane mandir todh diye .khandhar bun gaye aise hi.,2,2025-02-26T18:20:56Z,True
@ankitkaushal8011,"Jai Shiv Shankar 🙏🏽
From Ambala To Lahore:)))",1,2025-02-26T18:17:29Z,True
@sarojpandey2622,Om namah shivay Jai sri ram jai sanatan dharm ki jai,0,2025-02-26T18:17:21Z,True
@haseebaslam2750,"FOR INDIANS READ THIS:
It is quite unfortunate that misinformation is spread in India about Pakistan not letting hindus live peacefully. You all need a reality check. At the time of partition mass scale population exchange was done between both punjabs. Almost all hindus moved from pakistani punjab to indian punjab and haryana and almost all muslims moved vice versa. There's hardly any hindus living in Lahore, so it's logical that there's only 2 operational mandirs. Supply and demand
Another lie spread is 14% population was hindu. It was never more than 3%, and almost all of them live in rural sindh. Numbers briefly decreased due to population exchange and the entire time since then hindu population has grown in number.
Lies are spread in Indian media and education curriculum only to create hatred for Pakistan.",0,2025-02-26T18:12:56Z,True
@ankushg2566,Why india does thus again and again. Their was firing on army vehicle today. Can he do border genralisim and talk about truth. If not let him continue....,0,2025-02-26T18:10:41Z,True
@StudioRAJLAXMIEntertainment22,"Hamara cricket team dubai me hai,aap pakistan me Kiya kar rahe ho",1,2025-02-26T18:08:44Z,True
@helltoheaven-666,Aao mat wapas udhar hi raho...😡😡😡😡😡😡,0,2025-02-26T18:08:36Z,True
@sonujaiswal5957,"Mandir khandhar kyo hue,,, yaha to masjid pe masjid ban Rahi hai",0,2025-02-26T18:08:23Z,True
@Codymaverick20012,"All Indians who are like ke 1992 se pehle 42 mandir the ab 2 reh gaye han toh they are like ke ye Dekho Pakistani logo may itni intolerance han . Unko chahiye jo Pakistani Hindu bhai bta rhay han wo puri baat sunne fazol may hate na philaen, overtime wo mandir abad na ho sake isliye khandarat bn gye bcos mostly Hindu population of Pakistan which is a minority lives peacefully in Sindh Karachi excetra. Lahore may bahut kam han isliye do hi kaafi han . Yahi wo bhai bhi keh rhay han ke India se logon ko chahiye ke yatra krne aye . And secondly Indian 🇮🇳 bhai log video may hamare Hindu bhai ye bhi keh rhay han ke local government bahut supportive han aur logon may pyar hy . ❤ isliye puri baat suniye pyaar bantiye",0,2025-02-26T17:56:17Z,True
@sanjaydubey4465,Khandhar ho gaye fir bhi tum ko sadbhaavna dikhti hai kewal apne view badhane ke liye,0,2025-02-26T17:51:57Z,True
@s.g.a9765,"Natak bas kar vikrant
Tera agenda clear hai
Tu pak sympathizer tha hai aur rahega
Hindu commumity k sath kya kya hua hai waha wo bhi bata de kabhi 
Genocide kaise hota hai waha wo bhi bata 
Kaise 1947 me 30% the aur kaise abhi sirf 1% bache hai",0,2025-02-26T17:50:43Z,True
@ChangeTheWorld2486,Karachi me bohot mandir hai and waha hindus easily apna religion practice karte hai ❤,1,2025-02-26T17:50:15Z,True
@mahesh9579,Sir in pakistani ko itna soft kyu dikha rahe ho kal ka interview's dekha a sale terrorist paida karte hai aapse a umeed nai thi good by 😡😡😡😡,0,2025-02-26T17:44:43Z,True
@somanathbehera9520,Sala muft ka khana khane chala gaya pakistani,0,2025-02-26T17:44:17Z,True
@Farmanshortvideo-jb8wp,Agr Hindu community ha idhar toh hamen Nike help krni chahye agr Hindu community nai ha toh phr band kr Dena chahye,0,2025-02-26T17:44:16Z,True
@praveenkumar-ce3bo,Lahore me kewal 2 mandir Jai sanatan,4,2025-02-26T17:37:23Z,True
@shikharraghuvanshi,From 42 to 2 mandir left in Lahore..what a growth.. awesome.. proud of the Hindu community there.. still fighting for their survival. We Indians never understand their pain.,19,2025-02-26T17:22:40Z,True
@sandiptiwari1778,"Pure Lahore mein sirf 2 mandir . Hamare yaha ke secular logo ko sochna chahiye , bhaichara kitna achha hai Pakistan mein",16,2025-02-26T17:12:31Z,True
@ChaitanyaJoshi0105,Glad to see our temple that too in Lahore.,98,2025-02-26T17:10:20Z,True
@gunsctrrrss,Agar jyada Dhoni hai to border kholdo 🇮🇳🇮🇳🇮🇳🇮🇳🇵🇰🇵🇰🇵🇰,1,2025-02-26T16:47:09Z,True
@amanagrawal8258,"Sirf do mandir hai lahore mein ,meri gali m 3 masjid hain . So basically pak killing all the minorities 😔",0,2025-02-26T16:47:04Z,True
@sauravY_11,"After babri masjid demolition in our country in 1991, Pakistan vandalised large no of temples in response of it from 1991 itself.",0,2025-02-26T16:43:37Z,True
@ahadzaman2431,1:25 ek min Lahore k locals ne address Sahi btya 😂😂,0,2025-02-26T16:42:33Z,True
@rajeshmaurya3118,Sports tak kahi barbad na ho jaye ye Pakistani madarchot hai Hindu kaha gaye Puch lo appne dosto se jo pakistan me hai,0,2025-02-26T16:35:11Z,True
@rohit25-d8i,Yah log ko kuchh sharm Nahin aata hai.... Paise aur views ke liye Jo kuchh ho jaaye karne ke liye taiyar hai yah log .... Shame on you hole sport tak team 💀💀💀💀,0,2025-02-26T16:15:37Z,True
@VivekvlogsR,Bycot vikruddin ise border pe jana chahiye ye ghoom rh terrorists jo mere sainik ko marte h unke yha gya h,0,2025-02-26T16:11:49Z,True
@Abidwrites999,"pakistan mn mandir awam ya govt ne khtm nhi kiye ,hindu logon ko chahiye k apny mandron ko bnaen sanwaren jb udhar koi jaega hi nhi to mandr khanddar hi bnengy na..",5,2025-02-26T16:06:16Z,True
@AkashKumar-wo7mo,What a shame !! Isn’t it ?? A city as big as Lahore has such a small temple !! I can tell you the number of larger temples there destroyed . No city in india would have only 2 mosques and so small ones,0,2025-02-26T16:03:12Z,True
@ashokdaukiya3338,"एक मंदिर बचा है अफसोस जिस शहर का नाम लव राम पुत्र पर रखा,,ओर एक मंदिर,,,ya pakistani uneducated narrow small minded jehadi madarchaa chaap minded ka identity h,,,sarm kro pakistani oo tum pr bhagwan alla ka azaab h,,,,jai india 🇮🇳 jai hind digital Hindustan 🇮🇳",0,2025-02-26T16:00:20Z,True
@Sujeet_Awasthi,Khandahar bnaya gya hoga ban nhi gye its unfortunate,0,2025-02-26T15:59:42Z,True
@Wakaaaao,Aaaaadbhaktho ke pechwade me aaaaaggggg... burnol guys burnollll 😂.... Modi kyu aaya tha biryani khane agar vikrant ne galatiya toh modi ne kaise sahi kiya.. hin bulaya mehmaan banke,0,2025-02-26T15:57:30Z,True
@AnuragTiwari-lj6nl,Desh k gadder views k lie kuch b Kar skte h......,0,2025-02-26T15:53:09Z,True
@DheerajKumar-kr9lm,Ek samaei lahore hindu dharm ka epicentre tha hindi ka pehla sthan arumya samaj ka udhbhav sthal hindu vyapario ka aabse bara sehr tha,0,2025-02-26T15:49:15Z,True
@DrQadeerViews,Hamara Area❤ Welcome Vikrant and Nikhil in my city Lahore,152,2025-02-26T15:43:48Z,True
@rahulkumarojha8890,Chote pandit ji nahin hain wo samman karo usaka,0,2025-02-26T15:41:26Z,True
@पुष्यमित्रशुंगहिन्दूआसूरज,Wo mandir khandhar kese hue kya ye question poochh sakte ho VIKRANT SAHIB,8,2025-02-26T15:40:38Z,True
@rahulkumarojha8890,Vikrant ye murti nahin ye photo h bhai,0,2025-02-26T15:39:22Z,True
@abdevilliers8454,yaha india me dekho  har gali me sale masjid hai jaha Muslim rahate hai.aur lahore me kewal 2 .😀😃 . Aur hame pta hai ye  log kitane sekular hai.,1,2025-02-26T15:39:10Z,True
@पुष्यमित्रशुंगहिन्दूआसूरज,Aap log pakistan ko sahi sabit karne me itna aage aa gaye ki ab 24% se 2% par aane wali baat ko bhi khariz karne ke chakkar me ho agar hindu festival or hinduon ke bare me pata karna hai to KANERIA ka interview kar lo ya fir hum pakistani hinduon ke number dete hain baat kar lo kya halat hai,1,2025-02-26T15:37:28Z,True
@ishorts890,2 hi temple hai 😢😢 pure Lahore mein yha delhi mein bhot masjid dikh jayega yeh difference hai islamic desh Pakistan mein aur india mein,1,2025-02-26T15:30:54Z,True
@ludostar6585,"agar pakistani sports journalist india ki kissi ""Dargah"" (Brelli , Ajmair) jata to andbhagt indians (not all) ny bolna tha k ye bharat men atang phela rha hai , Dhram ko sports sy alag rkhna chahye etc. 
Be realisrtic and enjoy your life either in Staduim either in Mandir 
Welcome to Lahore😘",11,2025-02-26T15:24:13Z,True
@Anurag_Singh_i0i,Ram ji ke bete ke naam par hai Lahore Or aaj yaha bus 2 hi working mandir h 😢😢,2,2025-02-26T15:23:02Z,True
@BHARAT.6488,Tum border jao faltu jagah mat jao,0,2025-02-26T15:20:02Z,True
@anujbhadauriya5963,Bandh kr ke khandhar me hi badal diya beautiful temples ko......,1,2025-02-26T15:15:51Z,True
@atulmestry4472,Karachi meh mujhe lagta hai dhum dham se manai jaa rahi hogi Mahashivratri. Kabhi waha bhi visit kardo.,2,2025-02-26T15:07:44Z,True
@vandinisalons550,Lokpriya hai aur Aaj shivratri pe bahut bheed lagi hai ...mtymhe bahut mushkil se jal chadhane mila ...hai na ? Tum dono ek baar India tu aa Vikrant bhai,1,2025-02-26T15:05:33Z,True
@adityawalve6490,Poore Lahore mein sirf 2 mandir. Aur yaha par har ek kilometer par 2 masjid toh mil hi jayegi. Sad reality. Anyway HAR HAR MAHADEV 🙏🏻🕉,36,2025-02-26T15:01:43Z,True
@ravimahaur7710,"Rashid Latif jo Bharat ko Dawood ki dhamki de raha tha ...uske sath show karne pe 
Vikram Gupta shame on you 😡😡",0,2025-02-26T14:59:19Z,True
@saptarshiray9027,India missed the opportunity to visit lahore temple on mahashivratri,0,2025-02-26T14:58:19Z,True
@AkramUlhaq-u9c,Karachi me lahore se zaida mandir hai,0,2025-02-26T14:57:50Z,True
@chaudharivishal2344,Jo ham tv aur news me dekhte he vo pakistan se alag pakistan aur vaha ke achhe log dikhane k liye dhanyawaad,2,2025-02-26T14:52:38Z,True
@RiteshPanchal-e5f,"Yeh dalla kitna bada bhadwa hai.
Indian policy ko destroy kar raha hai 
Jab ki indian team bhi pakistan nahi gayi 
Ek no ka luccha hai yeh😡😡😡😡",0,2025-02-26T14:52:23Z,True
@priyansu-gx7nb,Pakisthan mai hindu kafir hoke faid. Hona janwar ka bara bar hai.. feer kahemge muslim vet-vqt nhi hota hai lekin 2hjr mandor tore hai paisthan ne,0,2025-02-26T14:50:37Z,True
@abhiseksahu5606,BBN sports kyaa kyaa bolta hai aapke barein mein. Khud bol raha thaa India kaa match Dubai mein ek stadium mein hai hum ko favour kiyaa gaya hai. Wahi khud bol raha thaa India sirf Lahore mein khelega,2,2025-02-26T14:50:32Z,True
@vv9730,vo waheed khan ro rha tha ki...vikrant ne hamara...gajar+badam ka halwa...kyo chaata....,1,2025-02-26T14:45:43Z,True
@shrikantkulkarni-v3o,Viktrant khan kuchh sharam aa rahi hai..ya TRP pe ke liye ya thunki hui pakistaniyo ke shirkorma ke liye wo bhi bech di...jab dusre patrakar bol rahe the ki baki mandir khandahar ho gaye.. viktrant ul hakk ko baat pasand nhi aa rahi thi .andar se it's like bhai ye mat bol.uska jikra mat kar...iss baat ko yahi daba de ...lekin another journalist ne ye baat do baar boli and vikrant mulla got very uncomfortable....,0,2025-02-26T14:44:27Z,True
@sprifinservefinance1496,Yeh 10M views hoga,0,2025-02-26T14:44:06Z,True
@Jalienm8i,Arti dikhana agli baar,0,2025-02-26T14:42:57Z,True
@KS_shorts04,Image cleaning 😅,10,2025-02-26T14:42:21Z,True
@harmitbeehappy1530,SHAME on Vikrant Gupta and Nikhil for visiting pakistan 😡 Big shame on both of you,3,2025-02-26T14:42:07Z,True
@ashokkumar-lk1zy,Pulwama me shihd  hoye logo ki family jab tumari pak. Ki video dekegi to unhe kitna bura lagega😎😎😎😎😎,0,2025-02-26T14:38:55Z,True
@prateekm2k,Total temples in 1992 in Lahore:42-43; 2025: 2! Wow.. Talk about religious tolerance.. Wonder why Vikrant & Nikhil are so casual about it...,39,2025-02-26T14:38:48Z,True
@ashokkumar-lk1zy,"Kuch bi ho vikrant tumko Pakistan nhi jana tha 
Agr team jati to koe bat nhi thi😎😎😎😎😎",0,2025-02-26T14:37:37Z,True
@rakshitshah911,"Yograj Singh said, ""Wasim Akram is earning money doing commentary, organise a camp of players and help Pakistan win the World Cup. If I go Pakistan, I'll create a team within a year's time"". (News18).",58,2025-02-26T14:36:16Z,True
@uttamnaithani7348,KITNE MANDIR HAI LAHORE... PAKISTAN MEIN... KITNE HINDU MILE YAHAN PAR.... I AM SURPRISED.... REALLY DISAPPOINTED,1,2025-02-26T14:36:15Z,True
@nelsoncastelino8142,Ye  log modiji and Co.( Bjp) ki dhoti khol rahe hai. 😂😂😂😂😂😂,1,2025-02-26T14:36:11Z,True
@Subhadip545,"We all Indian salute Vikrant Gupta for go to 🇮🇳🇵🇰❤(except Gaddar illiterate anti national RSS-BJP Jihadist who spread hate between hindu-muslim). Watching from West Bengal, kolkata 🇮🇳💚 . We all educated Bengali & all Indian love Pakistan & pak cricketers, pak sisters & brothers. From my childhood it's my dream to go Pakistan and travel whole Pakistan, eat famous food & visit famous places & nature. What a heart touching beautiful video is this. It's a heaven. We are two country's but We all Indian people love pakistani 🇵🇰 people ❤ as well as you love Indian 🇮🇳. We Hindu - Muslim are bhai bhai 💙💚

Lot's of love from West Bengal, India 🇮🇳💚",1,2025-02-26T14:34:26Z,True
@Mark-kc3xg,"Even in a tire 3 city of india.... There are almost 30 -40 mosques...
And the city of lord luv 'lahore'  have just 2 temples... Shows tolerance & respect to Hindus...",0,2025-02-26T14:34:05Z,True
@harmitbeehappy1530,SHAME on Vikrant Gupta and Nikhil for visiting pakistan 😡 Big shame on both of you,1,2025-02-26T14:32:42Z,True
@harmitbeehappy1530,SHAME on Vikrant Gupta and Nikhil for visiting pakistan 😡 Big shame on both of you,2,2025-02-26T14:32:30Z,True
