﻿author,comment,likes,published_at,is_relevant
@Mujaddadi7,"Assalam o alaikum bohot pyaray Zia bhai.
 Aap se milnay ka shauq barhta jaa raha hae. I live in Atlanta, Georgia, USA. Originally from Lahore. I would be very lucky to spend some moments with you. Khush rahein salamat rahein. Aameen. 
Mian Najeeb. ❤️❤️",0,2025-10-23T03:17:46Z,True
@ZohaibArshad-v2o,Driver ko b samosa khila dety,0,2025-10-23T00:03:34Z,True
@vishaldodia7360,Lahore Lahore hai China thodi na ban jaega 😂,0,2025-09-09T16:02:08Z,True
@ramsureshsharma7565,hamare yaha 60 rupaya me chicken roll lajabab kolkata,0,2025-09-08T15:17:03Z,True
@fresofol,Khaane dumdaar lag rahe hain…kabhi mauka mile to lutf uthaya jaye inka lahore mein,0,2025-09-07T13:16:29Z,True
@fresofol,Gaane ab bhi hamare hi yaad aate hain bhai ko…bulao kabhi Lahore humein bhi,0,2025-09-07T13:15:39Z,True
@anonymousme7971,Butt 😂 😂😂,0,2025-08-31T17:42:59Z,True
@badallvlogs7371,"Security Or waiter ma koi difference he nai h, keta pechada hua h pak😅",0,2025-08-31T14:19:17Z,True
@badallvlogs7371,"Le bhecho
70 rupee ka samosa😂😂, india ma 30 ke full plate 2 samose ate h😊",0,2025-08-31T14:17:56Z,True
@kishorgaikwad4603,Aapki video Bhot aachi hoti hai Bahi 🇮🇳 form India,0,2025-08-29T18:58:35Z,True
@amarpandey1127,Barish me to bas yaa to chai pakora ya fir chilled beer hi maja deta hai,0,2025-08-28T11:38:32Z,True
@aamirnawab3093,Butt ka ab sirf naam reh gaya ab ap BUTT nhi IF karrahi khhana,0,2025-08-27T04:40:45Z,True
@abubakarawan2067,VEDIO quality is v low,0,2025-08-26T10:42:49Z,True
@vinay11163,MEANWHILE I AM ON DIET ONLY ON FRUITS AND NON DIARY FOODS TO LOSE WEIGHT AND TO BE FIT AND SMART GUY.,0,2025-08-26T10:33:55Z,True
@Hanifchudary-lt4co,Lahore ma khoty ka gosht ha😂😂😂😂,0,2025-08-24T13:35:12Z,True
@ambiaprichit,according to me zia bhai you are nbr 1 food blogger in Pakistan 🇵🇰👍- praise from 🇮🇳❤️🙏,4,2025-08-23T08:01:58Z,True
@TimePass-yw8dz,All Muslims split in customer food??,1,2025-08-23T07:46:18Z,True
@thakur_travel_delhi,India se Pakistan 50/ saal pichhe hai poori video me Ek bhi BMW/ Mercedes nazar nahi aaya Delhi me har 10 / car me 2/ 3 Mercedes BMW hota hai bro .,0,2025-08-22T17:48:58Z,True
@thakur_travel_delhi,Samosha ke size bahut chote Rs 10/ ka india me milta double size me,0,2025-08-22T17:41:17Z,True
@manobasharsakin8433,Ye baat tho hai Lahore par paise Laga rahai hain or Karachi se kha rahai Hain.,0,2025-08-21T12:57:35Z,True
@CyrusGill-eb4zv,"Lahore k karta dharta, Lahore per paisa lagatay hain ku k inhay Lahore say pyar hy but Karachi k krta dharta ko Karachi say kuch layna dayna nahi.",0,2025-08-21T11:02:47Z,True
@Venk672,Karachi biggest city in Pakistan sir,0,2025-08-21T10:18:32Z,True
@gauravtbsl,pakistan me khana bhi hota hai 🤣🤣🤣,0,2025-08-21T09:38:19Z,True
@tgfxshredder1768,Street food pk chanel kya hua,0,2025-08-20T11:36:59Z,True
@Uttam07630,"Kaisa laga S-400 ka taste 😂😂😂.
  🔥 🇮🇳",0,2025-08-20T09:32:04Z,True
@jayeshmankad2089,"you are example for your viewers, you are having a lot of local viewers, to set them example in this rain, you must wear a seat belt, I am sure you were wearing seatbelts when you visit Caneda or any other country then Pakistan, someone must start watching for safety, why not starts from you. Just think about it.",1,2025-08-20T02:51:06Z,True
@priteshkumar8060,India me roll 40 ka milta hai,0,2025-08-19T06:53:44Z,True
@zak-r7n,Street food pk band hogaya kya 😮😮,0,2025-08-19T03:33:11Z,True
@m.asimkhanm.asimkhan6382,Bohat over price he Karachi k rate bohat achy hen Bhai,0,2025-08-18T15:15:07Z,True
@zarinansari751,Assalamualaikum Lahore ki barish our testy khana mashallah 🇮🇳🇮🇳🇮🇳,3,2025-08-18T14:36:35Z,True
@ashishkhare1009,"Kya sincestific  Line  boli  he . 

Jyada. Barish  hoti he.  To  jyada  Pani  girta. He .  😅😅😅",0,2025-08-18T11:23:48Z,True
@IffatAlmasAlmas,Welcome to lahore,0,2025-08-18T10:25:40Z,True
@mahiali6206,Khi lahore Islamabad k elwa b food try kren jse k visit kren.. larkana food street u would love it,0,2025-08-18T10:18:52Z,True
@ArbaazMomin,Random vlog tha but super tha maja aaya lahore dekh kar mashaallah bada hi saaf sutra clean hai lahore i love lahore ❤❤,0,2025-08-18T08:41:36Z,True
@KingKhan782,"Lahore me laxmi chowk?
Nam change kro 😅",0,2025-08-18T07:02:14Z,True
@SyedHamadai,I kind of born in this city !!! Was my second home because of my father job … and went to college also here also  … what you said about Lahore…??? In mid 8es I was in college and bad boy by those days standards! but if I had a money or not Lahore wouldn’t let you go you hungry…,0,2025-08-18T06:51:31Z,True
@salmankhan1999-e4k,#Azanbutt I love you ❤😅,0,2025-08-17T21:30:25Z,True
@salmankhan1999-e4k,Samosa Chaat Apne dollmen center k niche ha Zia bhi location smj gye😅,0,2025-08-17T21:28:22Z,True
@FatimaKhan-uv5kg,Zia bhai Mujh 2 mont ka rend Dana h kia ap meri help kr sakte Allah ki Raza k liya udhar ki surat mehi sahi,0,2025-08-17T19:51:00Z,True
@MOHAMMADFIROZKHAN-on3mg,Bhai bohot mehenga hai,0,2025-08-17T19:08:25Z,True
@AbdulWahab-fw9zm,70 m ek samosha hmare yha 70 me 14 samosa milte h chatni k sath....isliye i love india❤❤❤❤,0,2025-08-17T17:07:25Z,True
@ibrahimmadani21madani6,Lassi thik he laikn ice  ki qauliylty  achi nhi hoti,0,2025-08-17T16:55:45Z,True
@princetipo2051,Dunyaaa mai koi ni LAHORE JAISA CITY NOP,1,2025-08-17T15:23:03Z,True
@maueedtanveer2962,Kessa laga lahore,0,2025-08-17T12:53:42Z,True
@Ben12433,Street food pk wala video is par bhi post kijiye,0,2025-08-17T12:30:54Z,True
@endlessdesires4038,Hamare yahan punjab me Samosa 15 ka aur premium quality chicken Roll 100 me mil jaata hai,0,2025-08-17T11:08:22Z,True
@mueenmumtaz1640,Sheikh Somasa Township is best,0,2025-08-17T10:18:09Z,True
@fahadnadeem7831,Karahi bi farik or samosay bi farik hain butt ke😂😂,0,2025-08-17T09:31:28Z,True
@ashutoshmishra1895,Desi murge nehi coloured birds hai,0,2025-08-17T08:03:37Z,True
@danishzhen_420,Pakistani food is okay 🇵🇰 but india food is very strong 🇮🇳 Hindustan jindabad 🇮🇳🇮🇳❤️❤️,0,2025-08-17T01:58:05Z,True
@husnainpaswal8167,Ziya bhai muja ap aj food vloger se zayada Noon league ka brand ambassador lag raha hain jo lahore ki roads aur dosri chezo pe comments kr raha hain😂,0,2025-08-17T00:22:17Z,True
@shizavlogs4599,"OMG,,,, classic Barishhhhh or phr Bhai'U ki video ban jae tu maza hi alagh hai ❤",0,2025-08-16T20:47:30Z,True
@ibrafashiongkp8940,Street food pk kha hai bhai,0,2025-08-16T19:42:50Z,True
@uptowner524,Mr Tabarak your vehicles windshield is crack. Must take extreme caution. Your viewers may not appreciate. Thanks NY USA,2,2025-08-16T19:04:43Z,True
@CrafTie_7,Jiya bhai aapane do din shaadi kiye ho isiliye lagta hai vah video banane ka samay nahin hota,0,2025-08-16T17:49:32Z,True
@1802bhartiya,Songs hmare he gaane hai inko aur gaaliya bhi humko nikalenge ye Pakistani Musalte.,0,2025-08-16T17:41:58Z,True
@rurelaxing1,"Nothing like karachi even Lahore they doing business by using Karachi biryani etc
Karachi always top of every thing and that's hurts to many Jerks
That's why they turning Karachi as a Graveyard ....",0,2025-08-16T17:22:34Z,True
@Two.brothersvlog,Lahore aye hain tu khidmat ka moqa dain zia bhai. I live in androon.,0,2025-08-16T16:18:30Z,True
@AbdulkarimSheikh-w8d,Mumbai me full baris hai abhi samosa chat 20 rupiye ka hai,0,2025-08-16T16:02:28Z,True
@imrannaik6431,Zia bhai lahore walo ko samosy banana kab aty hain. Na bbq na karhai. Paya bhi just like water,0,2025-08-16T15:40:25Z,True
@HaiderRaza-r7h,best food in Mumbai capital of bizness city  in India Pani puri pav bhaji idli sambar and biryani Vada pav near mohmmad Ali road minara mosque in Mumbai,0,2025-08-16T15:15:03Z,True
@saadjagrala,"Rain, Lahore and street food, Zia Bhai...you have won our hearts once again! Seeing the BBQ and Butt Karhai had my mouth watering. Watching this vlog felt like I was actually in the food street myself! There’s truly nothing like enjoying food in the rain! How does street food taste even better when it rains? This vlog proves it!",6,2025-08-16T14:21:23Z,True
@nottyatif4710,love you zia bhai bahut dino baad aapko dekha he food videos is chhenal par dal diya kare,0,2025-08-16T14:17:41Z,True
@Netherland2000,"AS SALAM ALEKUM ZIA BHAI

HUM JAB BHI PAKISTAN ATAY HAI APNE LAHORE TO NAAN KHATAI BADAAM WALLI OR CAKE RUS ZARUUR LEKAR JATAY HAI TO NETHERLAND 

TAKE CARE U R DOING GOOD JOB 
ALLAH REHAM KARAY PAKISTAN KI BAARISH PAR",0,2025-08-16T13:43:50Z,True
@faizanfaizi8035,Welcome tOo Lahore,2,2025-08-16T13:13:05Z,True
