﻿author,comment,likes,published_at,is_relevant
@NUB-s1h,"Why visit india india bad county scmmaer contry dirty contry 
Don’t visti india becuyse they scmmaer and the steal money from u. 🤢🤮
Visti Pakistan here we weclme u and we dont stele money❤",1,2025-12-06T05:50:54Z,True
@SDYande,"You are spot on about most of your comments on India and I am sure your comments about Pakistan are equally relevant and will be eye opening to some prejudiced Indians. 
Only a food connoisseur can realize the crisp freshness and test of a dosa in Bangalore (or Karnataka state in general) and the taste of chai across India…
Keep up the good work!",0,2025-12-06T05:37:27Z,True
@vvsapale,North india is scam capital but rest is fine. Hygiene is another issue. Being indian i can agree. Hospitality in Pakistan most probably will be good.  You know why you were male. The way woman will be seen in pakistan will be different.,0,2025-12-06T04:52:58Z,True
@dymytryruban4324,My biggest surprise about Pakistan is the band Qayaas. I never thought them possible: traditional folk music at most. Unfortunately they split in 2016.,0,2025-12-06T00:32:33Z,True
@GamerAsfar,"This is the most honest and very accurate feedback as foreign tourist, our country Pakistan as well as India tour industry should see this vidro 😅❤

Especially about transportation systems and online payments.",0,2025-12-05T23:39:19Z,True
@SalmanYtUSA,Tea is always “fantastic” in pakistan,0,2025-12-05T22:21:55Z,True
@SudeepLoy-tu5mq,"You should visit Kerala; Kochi isn’t the only city here. Kerala itself has a variety of foods in almost every district. In fact, Kerala feels like a union of territories, each with its own distinct food and language slang.",0,2025-12-05T18:20:48Z,True
@albinkj,An honest review or feedback about both countries I feel. Nice work and well said.,0,2025-12-05T17:34:20Z,True
@Joedebengaluru,"I have got food poisoned twice from 5 start hotels, If you take the percentages of street food and five star I have had better experiences with street food",0,2025-12-05T15:50:22Z,True
@HYroglif,"Pakistani chai is better, mainly because India grows their own blends, where as Pakistan imports it from kenya, which is a superior blend.
So in a way India’s chai is weaker but its their own home grown chai, where as Pakistani chai is stronger but then its not really Pakistani it’s imported and it’s a huge problem for the economy as millions are spent on it.",0,2025-12-05T10:35:56Z,True
@anuragbandi2891,"Touchdown to us indian especially hindi belt like delhi, UP & Bihar....🙏 pls maintain some hygiene whether is roads or steet food or spitting or throwing trash. When I go abroad ppl make fun of our hygiene standards",0,2025-12-05T07:02:36Z,True
@aqibsiddiqui4785,Bro Karachi is the food capital of Pakistan so you liking it food more than Lahore's is completely makes sense.,0,2025-12-05T06:45:57Z,True
@FalconHouse-vh9ml,Very honest reviews literally,0,2025-12-05T04:53:47Z,True
@ReqXo,"Ma to kaha ta hu jo Hindi sa dake raha ha dis like kero hesa 😂  🇮🇳 every poor Foreigners say hindi is dirty gutka me i thik your crazy 😂 this foreigners never see rille hindi only see YouTube 

Saffron (Kesari) Top Band Courage, Sacrifice, Strength, and Renunciation. It signifies selflessness and the readiness to put the nation's interest first. The rising sun, fire, warmth.
White Middle Band Peace, Truth, and Purity. It stands for honesty, clarity, and the path of righteousness. Clouds, moonlight, the Himalayas.
Green Bottom Band Fertility, Prosperity, Growth, and Auspiciousness. It represents the nation's connection to its soil, vegetation, and a vibrant life. Land, agriculture, forests, and plant life.
Navy Blue Centre (Ashoka Chakra) Sky, Ocean, and Eternal Movement. It represents the wheel of law (Dharma), signifying constant progress and dynamism. 
🙃 everyone forgot rille hindi my hindi 🎉 why hate hindi na hate Human dont forget your human love everyone 😵‍💫",1,2025-12-05T04:06:13Z,True
@MIqbal-dd8ni,I also go with Karachi for food,0,2025-12-05T01:36:15Z,True
@sshafiq543,"Cash is king 
Nice review. Thanks for sharing",0,2025-12-04T22:47:00Z,True
@nimmichander,I have been to pakistan many times and agree with everything he says. Pakistan is much cleaner than India.  This is eye opening for India. Please keep your country clean 🙏 if you want a tourist to talk good about your country then please concentrate on the points he is mentioning.,0,2025-12-04T21:50:57Z,True
@mohibwasay5102,Zahid Nihari is the second best in Karachi. Javed Nihari is the best in the Karachi and in the world. 😂😂😂,0,2025-12-04T20:25:58Z,True
@narayanaswamygunasekaran521,When you mentioned Bangalore dosa as your preferred breakfast i decided your views are very authentic 😊,0,2025-12-04T19:16:03Z,True
@laskar3153,YOU ARE RIGHT ABOUT NIHARI>>>>>>>>>>>>>>>>>>>>>>>>>>>>>>>>>>>>>>>,0,2025-12-04T18:29:11Z,True
@roopeshkotian4432,"Bro, compare neck to neck...not randomly.
If you bring Islamabad into the discussion, put it against Mumbai:
street food vs street food, hotels vs hotels, nightlife vs nightlife.

I live in Mumbai — come here and I’ll show you the real city, from iconic street food to classic hotels and pubs.
Maharashtra alone has layers: Mumbai’s city vibe, Lonavala & Mahabaleshwar’s hill views, heritage spots, modern hospitality & everything.

And let’s talk facts:
Today’s new India has more than 15 strong, classic cities.
India has around 44 UNESCO sites, while Pakistan has 6 — and even their famous ones like Mohenjodaro & Taxila are historically tied to ancient Indian culture ( that also pakistani destroyed...they can't build but they are good in destroying )

So stop making half-baked comparisons.
Sorting through old Indian streets and judging the entire country is just lazy analysis.
Do a deeper study before talking.

Baby boy… I have a lot more data, but this message will get too long.
Do your research properly.... or very soon, you’ll have to shut your shop.",0,2025-12-04T18:13:29Z,True
@charanathwal5752,Amritsar is the best city in India for food.,0,2025-12-04T18:07:28Z,True
@GoutamBiswasIndia,kolkata is food capital of India .... you are a test less traveller .....,0,2025-12-04T17:48:34Z,True
@krishnab3553,I can say your review is 0% accurate. You just visited few places and given your ignorance comments is not acceptable. India is having 28 States how can you compare just visiting  four places and giving your poor justification. My sincere suggestion is you have to visit again and give your accurate judgement.,1,2025-12-04T17:46:15Z,True
@zaibnaji44,"Great video - appreciate your honest review- as a Pakistani living in the UK I totally get you. 👍 go there in June/ July weather if you like Mangoes we celebrate our summer with beautiful Pakistani Mangoes one of the best in the world. Unfortunately, can’t get them in the UK apart from South-hall- ☹️",0,2025-12-04T16:35:27Z,True
@hamzabangash4956,"Watched your review from Pakistan, both countries need a lot of improvement ❤❤❤",0,2025-12-04T14:57:42Z,True
@diljeetXvalerie,street food is mostly fried so you shouldn't get sick,0,2025-12-04T14:48:39Z,True
@SunilSamantaSinghar,Normally street foods & small restaurants are fresh but the five star hotel foods always deepfridged for several days.,0,2025-12-04T13:46:29Z,True
@vickyauromira,"Thank you for your honest review about both the countries. I hope next time when you visit this part of world, things would be better.",0,2025-12-04T13:06:16Z,True
@m.s.nafees6314,"Enjoying the review n laughing 😃 
Love from Rajasthan India 🇮🇳",0,2025-12-04T13:06:09Z,True
@iracture,Indians are much more well to do compared to pak. These well to do Indians dont have to eat street food. Majority pakistanis patronize street food. India must shut down street food and mandate street vendors to move to singapore style hawkers areas with strict hygiene control certification. This is the least the current govt can do. Shut down street food in its current form. GDP growth is enough to give vendors tax break to relocate.,0,2025-12-04T11:15:56Z,True
@hellosirji746,U had not been to Lucknow....UNESCO city of gastronomy...and u r talking by indian food..so funny,0,2025-12-04T09:32:53Z,True
@brain-u1y,The best way to get views from stupids both countries hate each other and outside are taking advantage like this guy 😂😂😂😂😂🎉🎉🎉🎉🎉. I think I should visit these countries with my camera 📸😅😅😅,0,2025-12-04T07:18:40Z,True
@najamhaq,"You didn't get sick eating street food , that does not mean it is safe. It only means your gut tolerated it. Most westerners gut will not tolerate it.",0,2025-12-03T22:46:24Z,True
@VV-tm3ms,"India is diverse .. and far more democratic .. Indias better than  Italy or France tourist spots  where u might get robbed. pakistan is a little like North Korea ,  they put agents tailing foreigners . U only visited 3 places for a reason.  super hospitable because isi wants to build a narrative.. minders mostly  paid your taxi drivers etc .   If u want chai in a glass in India , pay more n have full tea instead of a cutting chai. India is a world leader in digital pmts heard of upi ?😮",0,2025-12-03T18:38:45Z,True
@nabilakhan7352,"My favourite food in Pakistan is from Peshawer.
Do give it a try if you visit Pakistan again.",0,2025-12-03T18:36:53Z,True
@usmanmir5055,"Fantastic tea, lol",0,2025-12-03T18:25:16Z,True
@siddharthpandya2910,"I beg to differ on chai one..looks like you only had it on street side shops..and in the video for pakistan you showed having it in a cafe or two..so in India also you will get these cups if you visit places like the ones in pakistan.. and being such a huge country with almost highest population in the world you will get all types of tea serving..next time visit all the tea joints having seating facilities, you will get chai in cups..",1,2025-12-03T18:17:12Z,True
@nazkhan3719,"India has great intellectuals 
Environment there is open minded .
Vairety of food for different options .
Scam is not 10 % as u said but much higher but is because of increased population and poverty .
Pakistan has great sense of Hospitality and humor .
Meat dishes  here are to die for and with foreign dishes our own touch of flavour .
In Pakistan street crime is a bit higher in larger cities  .
Women in both countries are beautiful 
Men are same levle jerks 😂😂😂😂",0,2025-12-03T17:53:57Z,True
@indianmotivational3459,"You are right — especially about the “khaaaw thooo” part. You observed the situation very closely, because yes, people really behave like that. Your review is absolutely correct — when there is something wrong in society, people should acknowledge it.

Many people will probably abuse me in the comments and even call me “anti-national.” They will point fingers at me, but they will never accept their own mistakes.",0,2025-12-03T17:52:08Z,True
@donkuparroyn,For Chai it depends on what places you visit,0,2025-12-03T12:01:46Z,True
@GhalibTheWanderer,Indians are always after money even in Europe also,0,2025-12-03T09:12:59Z,True
@CamSam09,"Street food in UK is horrible, unpalatable. No sense of taste or health awareness 😂",0,2025-12-03T07:40:02Z,True
@publicaccount957,5:20 bro said beef* nihari when comparing india and Pakistan best dishes 🥲🤭,28,2025-12-03T07:32:56Z,True
@vandematrmm,And which country give you more views 😂😂,1,2025-12-03T06:31:21Z,True
@MVJfamily,You cannot comment about Chai by only drinking in one place.. India is diverse in terms of Chai as well.,0,2025-12-03T05:02:56Z,True
@Himu-n1d,I had also become sick after eating food in India..too many scammers around me in India…Boycott India….,0,2025-12-03T01:58:19Z,True
@KalamburAnanthraman,You are spot on.. india in general is filthy  no sense of hygeine and your point that everyone wants to make money off you is spot on.  This is from a man of indian origin,0,2025-12-02T21:59:10Z,True
@Mrunkown2000,"@hughabroad I tried the most famous nahari spots in Karachi when visiting a couple years back and honestly I have to say the nihari I get from Sultan taste in Manchester UK is better. I told my cousin from pakistan this who didn't believe me until he visited the UK earlier this year and when trying the nihari we have here, he had to admit that it was better",0,2025-12-02T18:11:22Z,True
@seshadrideepak,I love earlgrey tea with vegan versiob of English breakfast.,0,2025-12-02T17:14:29Z,True
@kingRISHI,The reason pakistanis were more hostile because they hardly see foregners so when they see they give there best . But in india due to its advanced medical setup at cheep price we very often see west visitors so its normal for us 🎉😂😢😮❤😅,2,2025-12-02T16:22:27Z,True
@madhavaraop8787,You eat biryani Hyderabad,0,2025-12-02T15:52:44Z,True
@RandomnessOfLife12,"Indian won
•Development 
•digital payment system
•transport system
•Scamming

Pakistan won
•hospitality
•hygeine/cleanliness 
•foods

4-3 pts",0,2025-12-02T15:42:34Z,True
@mohamedghani2759,"For Idly, dosa and filter cofee chennai is best. I don't know which hotel you tried in chennai.",1,2025-12-02T15:34:03Z,True
@lakshitthakur7757,spend more money in india if you want good hospitality,1,2025-12-02T15:25:03Z,True
@loganic,"The food questions depend on people, if they are non veg they will love pakistani food and if they are vegetarians they will love indian food.",0,2025-12-02T14:42:15Z,True
@amka445,Q 12. Shame  shame India. And we should accept. Spitting  maintaining hygiene big big problem...,1,2025-12-02T14:14:03Z,True
@rajkaushik5812,"ageee toyrijam in my indua us become  business minded oriented wgich is susmfulo 8 m nd i m sorry for that kind of behaviour
actualey a low xaste obc is our 0n nd ge belong from that state where if u sell u r mither daughter clotes they need money as bountey so they think the whole conytry ll adopt this model nd media msking each street vendor as busines vulky u said in street they do care only u r money dolers thats ut repatiation pateince who xares nd yes we saw in somany vidues of our neghubour country porkiatstan they even bussy in changing there xountries imagee rapidlely civic sense of pakiatan bettee then us no fear to said this straight..oyr jutaado imafe is trurbing iffecting 7s loop holes nd these jugaad only do punture fir while temprearey cant be permsnent so hope my countryman listen me carrefulky nd work on it.",0,2025-12-02T14:01:26Z,True
@srikanthsiddu5143,Fucking with your family comes india like a brother 😮,1,2025-12-02T13:46:41Z,True
@Supa-qc1iy,"As an Indian I dont give a fuck what a random jobless white youtuber has to say. whether ""good"" or ""bad"". you are just farming views from Indian and pak, get a life asshole.",1,2025-12-02T12:46:32Z,True
@kunalbaghel8363,I am from India love to our neighbours Pakistanis for your hospitality to others we need to learn from it always know that Pakistan government is the villain but brothers across the border are good hope one day we can once again be united and happy ...kash batwara na hua hota we would have become superpower...,0,2025-12-02T12:39:07Z,True
@ddjanuk,"You were Luckey, I am Sri Lankan and I have visited India more than 10 times and 8 out of 10 times I got sick after eating street food, worst being in Amritsar after eating Kulfi made from unpasteurised milk, I was sick for 2 weeks had to go to hospital and get treatment",0,2025-12-02T12:37:41Z,True
@malihabadi0,"When visiting India, careful of the use of cow urine and poop which is extensively used in food because it is considered holy but can make you very sick.  India is not safe for women, it is known as rape capital of the universe.",1,2025-12-02T08:51:22Z,True
@KiranKumar-wv1ug,"Although he commented low on India. Most of it is true, spitting on the roads, hygiene, civics sense etc is generally low in our country. I'm from bangalore - believe me, we had green and clean city before 2008. Miss my ppl and city in blr. Comparing to pak, they are just out right aliens especially to us in south, don't know how good or bad they are. In the videos online, they are more sensible.",0,2025-12-02T08:22:02Z,True
@zeeshanshaikh8714,"All the questions were very intriguing instead of sensational ones
This is arguably the best comparison video I've seen on this topic",1,2025-12-02T07:23:30Z,True
@zikriaali4312,Karachi is the best food hub in Pakistan not lahore,0,2025-12-02T06:56:15Z,True
@menakapraneelsingh361,"As a Indian I find Pakistani hospitality awesome when they feed you they mean it from
Their heart. India is dodgy and the greed for money is overbearing",3,2025-12-02T06:47:25Z,True
@therahman3293,I tried nihari in Delhi and Aligarh . I have dream to taste nihari of karachi inshallah. But seems difficult as the both country disputes going on .Love from india❤❤,0,2025-12-02T06:42:12Z,True
@D8099.,"I would feel so uncomfortable with them, not taking money after a service. That just would not compute in my brain.",1,2025-12-01T23:42:41Z,True
@jinkasurendra6250,In pak he didn't visited more crowded messy areas and local  business places like he did in india where he had more unhygienic street food.,1,2025-12-01T19:31:54Z,True
@muazimran_1,As an Pakistan I can say your review is not 100 percent I sure that Pakistan is very beautiful country Among them 🇵🇰,0,2025-12-01T18:54:27Z,True
@xperiencepakistan,"Really enjoyed watching your review. If you are based in the UK and around come along to destinations london in Olympia on 29th Jan when I am doing a talk on the 6 unesco world heritage sites Pakistan is home to. As a patriot who’s committed to put Pakistan on people’s bucket list, content like yours is very helpful. I will share your comments at the end with the tourism board and banking sector. If you’d like complimentary tickets to the show, please connect and I will give you a discount code for it.",0,2025-12-01T18:01:03Z,True
@elonmusk_Tesla.SpaceX,Ind and pak combo= more views more 🤑🤑,0,2025-12-01T17:10:59Z,True
@MirzaMuhammadYar,Only pakistani ... Tea is fantastic,0,2025-12-01T16:51:51Z,True
@Bigboy-tj8ie,1:47 Hey brother you have told about water ; You can easily purchase filtered water bottle from the shop rather than drinking water from the local food shop. I hope you have understood my words whatever I have told you.,9,2025-12-01T16:36:24Z,True
@Brave_Canuck,"You should have come to Punjab in India. Amritsar, Jalandhar, Chandigarh and Ludhiana. You would have found great food, amazing people and no scammers unlike those found in major cities in India. It was however sad to hear about some of your not so good experience of India, but again being of Indian origin, not surprised because Indians really need to work on alot of these things.",0,2025-12-01T16:25:38Z,True
@generationshub,But Jalaibi is not a dish. But it look good and yummy.,0,2025-12-01T16:11:44Z,True
@thevedboys,"Most tourists visit crowded cities in North India and then stereotype it as INDIA. Dear friends from abroad, try visiting North East and Southern parts of India. The hygiene and civic sense are on a different level.🙏",0,2025-12-01T15:55:19Z,True
@chandrabhanl,"I have never been to Pakistan but based on his review I agree with him about India. India's civic sense is just horrible and the honking is the worst, most Indian bikers and drivers do not use indicators while turning and that causes lot of issues, I think the manufactures can remove the indicator parts and save some money :-). Indian drivers are not smart and not considerate the road manners very bad. I also ride but I very rarely honk unless it is like unavoidable situation. I ride with the mindset that I am not in a hurry and take my time but in India people ride like they are having an emergency all the time but it's just a normal day to day situation. In India people bike even to walkable distance shops rather than taking a stroll and enjoying it even that they will do like an emergency. The other day a young girl in a bike hit my uncle who was walking on the street he fell the girl din't even stop luckily he was ok but had some injury to his knee which he is nursing now.",1,2025-12-01T15:54:19Z,True
@suryaDevops-d9s,Agree. India needs to work on cleanliness  and hygiene alot,0,2025-12-01T15:23:37Z,True
@Simpy_Simpson,"Im from india, personally i feel ashamed about my own country like you've mentioned, honking, spitting and hygiene. Anyways me and my family really loves to watch your videos! ❤",0,2025-12-01T11:13:52Z,True
@MulhidOllah,This guy seemed to be eating at a gutter side as per his standard and money he has 😂,1,2025-12-01T10:57:46Z,True
@RupalVatsya,Cleaner definetely but they spitt in the food yukk,2,2025-12-01T10:18:55Z,True
@AbdulBatayega,"If you had visited Mumbai instead of Delhi, your opinion about India—especially its hospitality—would have been completely different 😊",0,2025-12-01T09:57:35Z,True
@TheNightTyrant,"Does a street food even qualifiers as ""dishes"".
because when I look at both of the countries, when it comes to the word ""dishes"" what comes to my mind are homemade desi stew (called ""SAALAN"") which includes for India
▶️ Paneer Salan
▶️Hyderabadi Mirchi ka Salan
▶️Kofta Curry 
▶️Dal Makhani
and for Pakistan 
▶️White Karahi
▶️Nihari
▶️Paya (Trotter Stew)
▶️Haleem
▶️Biryani
▶️Saag + Makki Roti",6,2025-12-01T08:49:45Z,True
@beautifulpakistan6529,"Thank you for this beautiful and accurate portrayal of Pakistan! You perfectly captured its stunning landscapes, the warm hospitality of the people, and highlighted it as a safe country. Great work!",0,2025-11-30T19:36:31Z,True
@pc842,"I am from India and you are absolutely right about hygiene and spitting, I am also very frustrated, don't know when people will understand. 
Nice video ❤",0,2025-11-30T18:00:50Z,True
@Peacetranquility447,"Yes, I absolutely agree that by road travel of around 16 hours from karachi to lahore can be reduced to few hours with the implementation of fast trains network which I am hearing for years would be implemented but still didnt see it till now the only problem these kinds are implemented slow is due to corrupt government in Sindh that doesnt really invest properly and only punjab government is continuously making improvement in their own cities.

This is the reason why I left Karachi, I am just waiting for it to be separated from Sindh as separate state and i hope things improve much rapidly like other cities 😅",0,2025-11-30T17:53:47Z,True
@itsourlife,5 Star hotels use stale food unlike your average road side vendors who use fresh produce everyday.,16,2025-11-30T17:01:37Z,True
@anulearntech,"In Pakistan People are I guess poor across the board - the rich have really left abroad for better opportunities, Indians have started following this trend too but In India there's a huge rich poor divide, so there people with money but the poor population is huge, really huge. So they know there are people with money and they have to make a living with whatever limited opportunities that exist. So they resort to getting their hands on whoever looks rich or that occasional foreigner they could scam.",0,2025-11-30T14:36:13Z,True
@anulearntech,"Dosa originates from the South. In India , dishes actually originate from some place or region so it tastes best when had in that place.
South India - Dosa, idli, meduwada
Hyderabad -Hyderabadi biryani - 
UP, Lucknow -Lucknowi biryani, MUrgh Musallam.
Delhi Punjab - Chole Bhature, butter chicken, Tandoori chicken, rajma chawal, dal makhni, kabab, nihari...
Mumbai - vada pav, bhel puri, pani puri, dahi wada, pav baji
Kolkata - Kolkata biryani, roshgulla, misti doi, Kathi rolls
Goa - Fish curry rice, chicken Xacuti, Chicken Vindaloo, Ros Omlette, bebinca, dodol, kismur",1,2025-11-30T14:28:44Z,True
@Real-Tu,"*📚 Chapters*
00:15 Pakistan: Facing the 'Dangerous' Misconception
00:57 India: Did I Get Food Poisoning from Street Food?
01:59 India's Biggest Strength: Extreme Diversity 🇮🇳
02:57 Pakistan's Strength: Hospitality is Next Level 🤯
03:37 The Biggest Difference: Are Locals Asking for Money or Conversation?
05:12 Most Memorable Dish: Beef Nihari in Karachi 🇵🇰
05:51 Most Memorable Dish: Jalebi in Old Delhi 🤤
06:33 The Chai Showdown: Glass Cup vs. Paper Cup
07:44 Which City Has the Best Food in India? (It's not Delhi)
08:40 Lahore vs. Karachi: Which Has the Tastiest Food in Pakistan?
09:07 The Better Breakfast Culture (India wins!)
09:49 The Battle of Sweets: Hot Gulab Jamun vs. Variety
10:52 Transport & Getting Around: Uber vs. InDrive
12:15 Which is Easier for a Beginner Traveler?
12:50 Which Country Feels More Developed? (Metros & Payment)
15:02 The Cleaner Country: Pakistan is Spotless ✨
16:16 3 Things India Needs to Improve (Scams, Honking, Cash)
17:39 3 Things Pakistan Needs to Improve (ATMs, Infrastructure, Tourism)
19:01 Final Conclusion: No Offense, Just My Honest Experience",0,2025-11-30T14:00:14Z,True
@sylvesteryaqoob3388,Bro thank you for visiting Pakistan and give your honest reviews GOD BLESS YOU BROTHER❤❤❤❤,0,2025-11-30T13:37:05Z,True
@kicinder5759,Go to mexico next i would love you opinion in mexican food,0,2025-11-30T13:28:41Z,True
@vamsiaugustveenam4103,"Why don’t you travel in Quetta  Balochistan and  KPK ? Dont forget ! Travel by Jaffar express , its safest train in the world. Lolz. 

Don’t forget to visit Islamabad judicial complex and Rawalpindi constabulary. 

You will enjoy the warmth of Afghani soldiers in border province that is KPK ( the warmth of Afghani soldiers shelling ) 

Visit khuzdar city in Balochistan. 

The score of Pakistan in Global terrorism index is 8.374 only after , Burkinafaso. So you should vist Burkinafaso as well. You will find it safer and happier.",0,2025-11-30T13:24:08Z,True
@fawadsaleem4511,Because 21% of world poor population lives in india only. That's the main reason mostly indians after your money..,0,2025-11-30T12:55:51Z,True
@spinesurgeonind,"very honest review of both the countries, especially of the fact that you have to be always on edge in India, but totally disagree with ""India only slightly"" better than Pakistan in development aspect.",0,2025-11-30T11:36:40Z,True
@RajaFaisalEjaz,"Simple i can say people is very cooperative ""ve great hospitality n clean n hygiene",0,2025-11-30T11:29:26Z,True
@Batman9999-z4m,"This moron rated almost 80% of things in India a 10/10 and now he is insulting india.
Average white skin behaviour.",0,2025-11-29T23:27:54Z,True
@SaraInam-s5y,I think he is not fully neutral and honest in this video to safeguard 1.25 billion biased indian viewers.,1,2025-11-29T21:34:54Z,True
@dhillonsydney3644,Totally agree if u go delhi varanasi agra jaipur golden triangle mostly u meet scammer bcz tourist places.....but 90% india not like those cities..i respect  ur views,0,2025-11-29T19:18:21Z,True
@aftabalam110,"Best, Honest review.

Thank you",0,2025-11-29T18:39:17Z,True
@simba289,"14:41 we also have jazz cash and easy paisa apps from where we pay our bills,rent's or anything else",0,2025-11-29T17:51:08Z,True
@NikhilmGowda-l2s,You foreigners you don’t visit our Indian proper places and proper people and blame just Indian you said that Bengaluru food was word if next time if you visit India jus text or reply my message I will show you the beauty of Bengaluru and food that in my money you just come here to say bad about India but India is not like you you think once agin visit India and come to Bengaluru,0,2025-11-29T16:00:04Z,True
@Yo_max,"THUMBNAIL LOOKS AMAZING 
BTW HOW WOULD YOU RATE PAKISTAN 🇵🇰 OVERALL ❔️",1,2025-11-29T12:49:20Z,True
@AqsaPervaiz-h8e,Bro know how to get views👌,0,2025-11-29T12:17:28Z,True
@Maaz-2525,Breakfast in Bengaluru. Any kannadiga here. Proud to be a Bangalorean. Dosa in Vidyarthi Bhavan.,0,2025-11-29T11:31:55Z,True
@joshi.raman1,bhai ji india vale improve karo safai ke mamle me to bot jaruri hai,0,2025-11-29T10:09:32Z,True
@kiteknight23,"India should work on hygiene 
And pakistan should work on development",0,2025-11-29T10:08:38Z,True
@umeshghane9730,"We Indians are not even aware about the honking problem that we're going through!
Government and NGO should do awareness drives regarding honking problem and control honking in India to reduce all the stress that each Indian goes through everyday!
Thank you for honest review.",0,2025-11-29T09:57:10Z,True
@xavier4919,Perfect honest review. You were not trying to please any one side. 👍🏻,0,2025-11-29T09:16:19Z,True
@gujibuandfriends9766,If pakistani govt focus less on Indian borders and focus more on middle East and then they could become a super country. Plus terminate terrorism. India will never be a stable nation and in some point in time there will be regional fights.,0,2025-11-29T08:15:15Z,True
@kanwal0492,"Thanks for your praise for Pakistan and it's people and food ❤ I wish you will come again and again 🌹 
Good to know about Banglore city and the Jalebi Rubri you eat 👍",0,2025-11-29T08:10:29Z,True
@DrJG9,"Diversity of India is in every domain, not just food - cuisine, couture, language, much more.",0,2025-11-29T06:23:53Z,True
@satyanarainprasad2396,"Bro is fond of beef, he is having it in restaurant and comparing it highly crowded in street food in Chandi chowk and Kolkata. Having tea roadside which is very convenient to common people have well dressed tea in Pakistan café. Bro be real and stop defaming India. India is incredible. Have variety of state food from Kashmir to Kanyakumari. Kach to Manipur. But you won’t understand it bcoz u r only Nihari eater of big animal waste. Largest population country. Bro if u have money being a foreigner have pocket to visit good restaurant instead of street food which is affordable for lower-middle class people. Be real bro Kolkata in highly density populated place. Don’t explore local market being foreigner. If you understand the difference.

Your experience is worse bro visit. Rajasthan, Varanasi, other place in Delhi not local crowded place, Murthal, and so many. If you really won’t to explore. 

This is first time i am commenting on exploring video but you are presenting it wrong India. I don’t want to compare India with anyone but just so real images.

If u visit local place in any crowed country u have to prepare for it. But if you want to explore good things it upto u how much u are aware of places. There are many places and variety of foods. That is why Incredible India. From rasam to chokkha is just an example.",0,2025-11-29T06:18:44Z,True
@anshumanpal1726,"india produces chai leaves, Porkistan imports it . India has best chai",1,2025-11-29T06:09:38Z,True
@Namishop-m5g,Have u visited the terrorist camp in POk have u visited hindu family who has converted to Islam,0,2025-11-29T03:17:53Z,True
@sanjaytalpada6934,"Chana masala,halva,and other all have show indian food,not a pikistani,😊",0,2025-11-29T03:08:27Z,True
@kaiserjan1525,Thank you for a honest review.,0,2025-11-29T02:31:10Z,True
@RakStorm-f2b,"The guy lost ke at ""Bengaluru"" as the best food city. 😂
Bengaluru and Kochi are literally the bottom of all 6 cities.",0,2025-11-29T00:54:14Z,True
@mumwithasuitcase,"I am from karachi living in melbourne and I love to cook nihari , I find it easiest yet delicious dish. Karachi food is par excellence. Have been living in different parts of the world since 2013 , but no match to khi style street food.",0,2025-11-29T00:16:37Z,True
@vohrathetourguideaa1797,"We Pakistani es are not greedy 
We just love each other we are Muslims and this is our religion teachings that serving your  guest ..like your brother sister",0,2025-11-29T00:04:43Z,True
@shopiflair,Abhinandan An Indian pilot who visited us few years back and said Pakistani tea was fantastic. 😂,0,2025-11-28T22:46:32Z,True
@vervecurator,"Been to both India and Pak and have to disagree about Hygiene. Pakistanis were far more hygienic than the Northern parts of India like Delhi, Bengal, Punjab, Bihar etc. The South and North East of India were certainly more cleaner than both the North of India and Pakistan overall. Never had a case of the Delhi belly in Kerala, Karnataka, Meghalaya for eg.",1,2025-11-28T22:42:22Z,True
@viralvieralmehta8613,"Your  visit  to  india  i guess  you  covered  10 percent  of  india, as  you  said  culture  , rslgion, food , langauges  , dressing  changes  in  india  not  just between cities  but every  100km  you  travel  thus    in diffrent  places  you  will  ecpirance  duffren  plus  and  minus  ,  its  a 1.5  billion  people  country  .  Pakistan   dose  have  hospitality  but world  wide  country's  are  banning  Pakistanis  for  their  criminal  activity,  begging  and  relgiouse  fanatism  that  speaks  volumes of  pakistan   pakistan  is struggling  with  tourism  and are desparate  to  attract  tourism  .    Frankly  usa  UK  have  desparatly  tried  to  push  up  pakistan  since  80 years  showing  it  as very  goody  goody  place  since  cold  war  because  pskistan  has always  been  yes  men  .      India  no  one  is  trying  to take  your  money , mostly  they  try  to sell  you  something   donations  etc  in 1.5  billion  developing  nation  you  are  bound  to  find  poverty  . Even  im usa  there  are  homeless  people  who  want  your  money  and  uk  is now  worst  .      You are  trying  to  compare  oranges  and  apple  ,  bharat  is hindu  majority  and  pakistan   has  majority  of slaves  of  a book  like any  other  chrtian  country . We  are  not  relgiouse  but  dharmics  and   relgion  and  dharam  are  north  poll  and  south  poll  and  thus  no comparison,  yes  india  dose  have  largest  Muslim population in  the  world  so   if you roam  in Muslim  dominated  areas  in  india  they  will  look like  pakistan.  But  that's  just  10  percent  of  whol  of bharat  .",0,2025-11-28T20:19:33Z,True
@honestthinker6623,"i wonder how would pakistan ve if it was 1.5 billion people ... we are doing good, just focus on civic sense...we will do better",0,2025-11-28T17:37:59Z,True
@mohanrajj1884,You cannot find porch pirates in India.,0,2025-11-28T17:36:33Z,True
@hassanalighumman1473,"I have watched many Vlogs about both countries, they always used to label india as a bad country, but I believed both have same culture and family systems. So it cannot be true. Today I am glad to have your honest review.",2,2025-11-28T17:00:26Z,True
@spvijayk,"I dont know about Pak, But i could say, you may not have visited many good places in India, most particularly for food..... or you dont want to dissapoint pak audiance... i think",0,2025-11-28T16:57:37Z,True
@irfanss2210,"Appreciate for your Unbiased review, ♥️ from kerala🌴, India.",0,2025-11-28T16:27:40Z,True
@nutan2201,India is not slightly but much much  better than India. But loved the review,0,2025-11-28T15:44:15Z,True
@workoutandbelieveindia6870,"That was a very honest and upright assessment....we need to improve on many areas especially cleanliness, hygiene and no scamming of tourists ( foreign or local)",0,2025-11-28T15:38:51Z,True
@ryugaop06,"I'll disagree with the street cleanliness part cuz Islamabad has a very tiny population only around 1.5 million . A place with that tiny population will definitely be clearer ofcourse. 

The real view of cleanliness comes when a city has more than 10 million people.",0,2025-11-28T15:05:22Z,True
@sunilkumardupakuntla8837,"In India mostly people have stopped carrying money.  I agree that it is bit difficult to find change.  Yes, it is better for foreigners also have a way to use UPI.

India is very populous and dense compared to pakistan.  so there is a lot to work to improve the cleanliness in Indian cities.  That has to be improved.",0,2025-11-28T14:41:26Z,True
@abhisheksharma-dd1nn,"Thanks for visiting India, try going to Amritsar also ( so near to Lahore)and go to Ranjit Avenue Area, you will see true Indian foods!!!!",0,2025-11-28T14:34:58Z,True
@cvnarasimhamurthy8060,We should not over-food yourself in the night. If you over-food yourself you are certain to face headache and fever next day morning. Even anti-biotics take time to work. This is my experience.,0,2025-11-28T14:28:25Z,True
@jaspal8jan,"Pakistanis are behind him, not for money, but to convert him to Islam 😂😂😂",0,2025-11-28T14:26:18Z,True
@Shahzaibnasir141,"thnx for visiting pakistan.pakistan and india both are beautiful countries have many historical places.......have nature beauties or many more....love watching ur review about pakistan and india ,huge respect from pakistan. pakistan doors are always open for u",1,2025-11-28T14:18:06Z,True
@srikri1403,Biased review. Tourism is a joke in Pak. They have destroyed all ancient Hindu and Buddhist sites. SO where is the tourism then? Why no mention of it? And he only visits old parts of Indian cities. New parts are way to swanky for him it seems.,0,2025-11-28T14:10:57Z,True
@Nyc_trading,Need review for State Punjab,1,2025-11-28T13:32:45Z,True
@danishqamar2715,1:11 my childhood favorite sugarcane juice(Kolkata KydStreet-park street near palace court),0,2025-11-28T13:25:59Z,True
@nareshmaryala8815,you should also try Hyderabad Biryani,0,2025-11-28T13:20:13Z,True
@Eles_Den,Whoever the hell said lahore has best food in pakistan must be on drugs,0,2025-11-28T11:44:54Z,True
@pushandeb187,"You have shared your opinion. Opinion and facts are different based on your research capability. Pakistan to India comparison w.r.t what ? ( Food / Hospitality/ Hospitality at food joint / scams : where ? On street .. there are many ) your scale is really not in place . Without any disrespect to Pakistan , Pakistan is like a state in India . You too have admitted that India is many countries. Spot on observation. Summary of your summary is - you have an opinion based on your research but that is not logically well supported. You may be a “good” guy but problem with most of the YouTubers are when they go into an “analysis “ mode they really mess up due to lack of research background. This is a must skill for journalism. Please fix your base - who you are ? Food volgger, traveler, social analyst?",0,2025-11-28T11:40:16Z,True
@Cuz_Study_shorts,"Bro visited the worse street of Indian which the Indian government doesn't know and complaining about the hospitality and service . If you really want to explore indian than come with some of money and if you want to explore delhi than start it with the south delhi or with the civil lines or C.P , there you will find the taste and hospitality but there you have to spend your money you will not get food at 200 to 500 there you have to spend about 2000 and if you want more than we also have the 5 Nd 7 star hotels like Taj hotel and Shangri-La and the lalita and so on . First you canme in our country with less money than portray us that we are baggers we require your money .if you go to the baggers colony than they will ask you for the money . Bro first have some money and when you come india next time you inform me , I will show you the india and it's hospitality without being scammed ..",0,2025-11-28T11:38:30Z,True
@vijayu12,Very honest views about India. I have never been to Pakistan but like to visit once.,0,2025-11-28T11:21:56Z,True
@Sgdhdhdbxyxg,Bro pakistan didn't see any foreigner in their ever life that's why they refuse money 😂....,0,2025-11-28T11:14:22Z,True
@PM2022,"He is very wrong about India's street food, especially in North India.  Far from hygienic. (Initially he sustains India's street food as hygienic but toward the end trashes it as unhygienic.)",0,2025-11-28T10:44:32Z,True
@chun1310,Great review but i was surprised to see you ate Nahari in Pakistan but missed to eat it in India especially old Delhi.,0,2025-11-28T09:54:54Z,True
@majji99,"No Doubt about India's diversity and definitely being the largest population they have issues you pointed out.

Food in Pakistan and India is superb as compared to any part of the world.

Pakistan was projected wrong as an unsafe country, which is not the case as you mentioned in this video.

Thanks for your honest review for both countries.

From: Pakistan",1,2025-11-28T09:20:09Z,True
@Positivity-d4l,"These days English content is mostly about India vs Pakistan comparisons. The comments are always full of fights just for views. There’s no real content at all. India is a beautiful country in its own way, and Pakistan is beautiful in its own way.
Thank you",10,2025-11-28T08:52:50Z,True
@Pakistani1369,"Reality is that no can beat our chai, our food our hospitality 🇵🇰",1,2025-11-28T08:50:04Z,True
@SHAHBAZJUTTX,"""Pakistani Tea is Fantastic"" 

and i am quoting an indian",0,2025-11-28T07:20:17Z,True
@Kuldeep_Bishnoi_KD,As an Indian I will say that jalebi is not so good there are too many different sweets as well as dishes from each state that blow up your mind 😵 . As A bishnoi I don't support to kill animal and make a dish for your 5-10 minutes taste . There are thousands of grain and veggies to eat and make delicious dishes so why kill any type of creature for your taste . Please think 🤔 about it .,2,2025-11-28T05:10:18Z,True
@harrix_s,7:28 🇵🇰 tea is fantastic as always,0,2025-11-28T04:11:15Z,True
@harrix_s,Beef Nihari 5:09 😂😂,0,2025-11-28T04:08:58Z,True
@popprince8353,Watching this i visited pakistan and now they took all my money and kidnapped me from last 10years😢,0,2025-11-28T02:34:17Z,True
@Rohit4u1985,"Look,Since I have never visited Pakistan I don't really know what to expect,but India of today even with it's challenging Population growth and diversity which is unparalleled is doing great with technological advances and Infrastructure (with corruption involved ofcourse),Plus we are not concentrated in a few cities,every city has its own charm,Food is so diverse with so many options.... Actually with vast Geographical exposure India is only comparable to China,Thanks for your review though and every country has its pros and cons!!",0,2025-11-28T01:39:22Z,True
@sanamt4945,I am happy we are more cash based. But agree it should be easier to withdraw money,0,2025-11-27T21:38:21Z,True
@Entertainmentworld-u6p,I think review of Pakistan’s domestic flight was not fair cos the weather can’t be control,0,2025-11-27T20:04:11Z,True
@piyushpsingh81,"Best food:
1. Lucknow
2. Amritsar
3. Hyderabad
4. Indore
5. Delhi
6. Kolkata
7. Bangalore
8. Chandigarh
10. Jaipur
11. Chennai
12. Goa
13. Kochi/ Trivandrum 
14. Pune
15. Jodhpur 
16. Vizag
17. Coimbatore
18. Ranchi
19. Guwahati
20. Varanasi",0,2025-11-27T19:47:09Z,True
@Bruce_wayne69_edits,"Every place have both good and bad people and pros and cons . 
And thanks for unbiased and normal review at first i thought it will create a war in comments and I could smell toxicity from thumbnail but thankfully it wasn't that .
if you prefer less crowdy reigons as i am a slight introvert and hate noise Pakistan would be better.
Love from Pakistan.",0,2025-11-27T19:25:04Z,True
@iamyoda66,"Been to both. I am from the US. Spot on review. Yes, Pakistan is cleaner and better food. But Indian luxury hotels are better",0,2025-11-27T19:08:31Z,True
@Anonymous-no3sx,"Hygiene and muslim, no relation",0,2025-11-27T19:05:09Z,True
@praveengupta9114,"India and Pak are very similar nations but our media is paid by govt to spread propaganda, false pride and hate. When traveling to Europe I prefer pakistani restaurants when I crave for desi food as they truly have the best hospitality and the taste of goat curry with naan is heavenly ❤",0,2025-11-27T19:01:24Z,True
@ManjuKumari-l8h,"I admit that PROBLEMS shared in the video are accurate we need to fix them.I like that He Particularly NOT Propogate The Propoganda of So Called Develop WESTERN COUNTRY. And their develop western People's Propoganda's who ONLY want Their BENEFITS by making INSTABILITY in the REGION. We MUST STOP FIGHTING With EACHOTHER And Make Peace, Stability Prosperity,in our Region.",2,2025-11-27T19:01:16Z,True
@teesrakinara,"Top Question would be: 
how did you stay alive among thick population of top rated smell of indian people.  😂😂😂😂😂",0,2025-11-27T18:30:11Z,True
@ahmedshakeel5112,Beef nihari is also my favourite dish in the world!,0,2025-11-27T17:50:49Z,True
@kuttikuttan,Kochi and Kerala in general serves you best non-veg food especially fish and beef,0,2025-11-27T17:35:57Z,True
@kuttikuttan,Your misconception that Indians are after money. It depends on the state you visit in India,1,2025-11-27T17:33:05Z,True
@Explore-b9u,😂😂 mujhe kuch pata hai target 🎯 kuch or hai heart ❤️ button sirf unko diya😂😂😂,0,2025-11-27T17:18:09Z,True
@mummy5490,Again a YT using India and Pakistan for views,0,2025-11-27T16:14:51Z,True
@himangshusarma7482,Target audience for views 🇮🇳🇵🇰,0,2025-11-27T16:02:20Z,True
@biswa-singh,Bangalore has the best food in India is really ridiculous because no one in India has ever said that. I myself lived in Bangalore for 10 years and their food is at best mediocre. Also why India and Pakistan? You just need to dig little bit deeper in Pakistan and you would discover terrorists plotting to bomb the west.,0,2025-11-27T15:39:57Z,True
@vava9100,"@2:45 India is not one country, or one nation. It is the name of a subcontinent consisting of around 500 or more smaller nations later put in to one as a country, some by will and others by coercion, best you can call India is an artificial country. Every 200 miles everything changes from language to dress to food to water to look of the people to weather and geography to all and everything...",0,2025-11-27T15:16:17Z,True
@nighat_shah,Please do visit Pakistan again🇵🇰 I wish to see you visiting our more cities for crazy better experiences! Huge thanks for these reviews aswell😊❤,2,2025-11-27T15:16:07Z,True
@VenkatReddy-uc3up,"Enjoy the diversity in India; be cautious with food / drinks;
see the country side temples, palaces and monuments
dont fall for the hawkers, beggars, fleecers",0,2025-11-27T14:36:31Z,True
@neetagirish8149,Honking should be controlled...govt must put some rules just like. In the middle East... country,0,2025-11-27T14:16:31Z,True
@l.mourya8476,You visit most of indian place on road side street food not in good hotels but In pakistan you visit most of good hotels not in road side street food,0,2025-11-27T13:55:39Z,True
@Abhinavkumar03379,Food culture is almost similar in pakistan as india,0,2025-11-27T12:45:09Z,True
@nothing_impossiblebro,7:16  wow bkl dekho yha india me tapri walo se expect karta hai ki isse bade and acche cup me chai and f pakistan me 2 ghante ka star me le rha hai 😂 🤡🤡,0,2025-11-27T11:33:18Z,True
@EemanMudassar-v2r,As a Pakistani I loved your review,0,2025-11-27T11:31:28Z,True
@chandrakanthnaidu9479,""" I prefer tea in a glass cup instead of paper cup""🤣🤣🤣🤣🤣🤣🤣🤣🤣🤣🤣🤣🤣🤣🤣🤣🤣🤣🤣✌️🙏",0,2025-11-27T10:43:38Z,True
@Ajay_GangadharSingh,"The moment you see a foreigner comparing India Pakistan you just got know that something is fishy... Majority in India hardy able to relate to Pakistan culturally ideologically and dislike it for being a nation that harbour radical islamic terrorist outfits, who are enlisted by the global agencies... Osama Bin Laden was in Pakistan... So Indians general public has no concern with Pakistan but still if foreigner compare India and Pakistan then there must be something problematic is the narrative they wish to put forward..!!!",0,2025-11-27T09:03:59Z,True
@rechovlog3351,Thank for visiting India but you missed the most amazing part of India...that is North East India.. please do visit..you can review some videos regarding North East India.,0,2025-11-27T08:02:36Z,True
@shahnawazkhalidofficial,karachi is number one lahore is not even near tbh.so you are right and so they dont take money so end story of comparion .and aslo beauty ? why did you of northern pakistan valleys,0,2025-11-27T07:17:36Z,True
@fakei84,nobody can beat #Karachi Biryani/Nehari,0,2025-11-27T06:10:46Z,True
@Anshitkatiyar98,❤ he said what he feel and with all arms we Indians has to except that hygiene is most important. We  need to change,3,2025-11-27T00:02:16Z,True
@HashimiTiger,Akh thoo😂😂😂😂 the best advice. Very honest review...,0,2025-11-26T22:22:11Z,True
@ApnaHazara1,"We respect and accept your honest reviews, ❤ really your words matter for people of both countries. 
Bless you brother",0,2025-11-26T21:37:13Z,True
@waheedwith3606,Thank for your honest review Love from Pakistan,0,2025-11-26T21:19:20Z,True
@ThScptc,"RE your 3 improvement points for India. QR codes - TOTALLY makes sense, no idea why it s so difficult to fix. Honking? 2 points. First, Indians use the horn instead of  the brake. Think of a brake s the last resort. Second, Indians are horny. On the third point, scams. There are very few things ion which Indians are genuinely world beaters. Scamming is one of them. SO why on earth would we give up what is effectively our (misdiagnosed) super power?",0,2025-11-26T20:19:59Z,True
@ramarvindmalpedi,"May be India has not maintained hygiene but don't share wrong opinions as you are visiting in restaurant in Pakistan however in India you are visiting to street food stalls...I think it's totally wrong opinion as a Indian since I am living in Mumbai and there both type of stalls like street stalls and other side good restaurans. You have google maps and you can check everything online. Secondly, India is safe country than Pakistan...as you can travel here late-night and use everything. There are facility of payment online for foreigners also.",0,2025-11-26T19:47:01Z,True
@sdgdasgupta8858,"The comment section is laughable!
I have never been to Pakistan, so don't have an opinion regarding the questions. But as an Indian i share his opinion on basic cleanliness & hygiene sense in most urban areas in India. Throwing plastics/ food waste from cars or trains, spitting around in public, dumping trash where it doesn't belong etc are some of the issues. Somehow i feel most people in Indian cities assume that someone else is responsible for cleaning up the mess they are leaving behind. This has to drastically change IMO.
All we need to do is to treat our neighbourhoods and cities the same as we treat our own homes. Not that difficult right?",0,2025-11-26T19:29:38Z,True
@thugseverywhere2505,YouTubers when they want followers and views :,0,2025-11-26T18:50:42Z,True
@puzzlegirl22,"I love your food reviews especially eatries from islamabad savour foods, Tehzeeb bakers etc",0,2025-11-26T18:40:05Z,True
@MasPakiMP,"There are multiple online payment options available in Pakistan, including QR and Google Pay services are available in Pakistan. Specially in metro cities and even in rural area's.
I love to guide you on your next visit.
Yes unfortunately you're right about public transportation issues in Karachi but there are many cheaper and convenient alternatives are available, same love to guide you on it.",0,2025-11-26T17:36:03Z,True
@najmulhaque2150,You are totally wrong about sweet . We bangoli are creater of sweet.. in kolkata.  But you not taste all over sweet of kolkata. Not judg sweet to eat two or three  sweet shope ..,0,2025-11-26T16:51:09Z,True
@satwikshah4653,"I agree that in India mostly the vendors are after your money, but its the same case for local indian tourists too, maybe that's why we're great at bargaining, but still I got scammed despite being an Indian 😭😂",0,2025-11-26T16:28:05Z,True
@LajuKanaujiya,India me chai pepar cup me es liye milte hai kyuki yaha log kisi jagh jutha nhi khate hai hamre ghar ke dadi log jo puja karte hai oo bhar kuch  bhi nhi khate hai or mujhe parasolly nhi pasand hai  good love from up India❤❤❤❤❤,0,2025-11-26T16:23:17Z,True
@kingB-py2ro,"Correction, You didn’t visited two countries but instead visited three countries - Pakistan, North India and South India bcoz India is totally different in North and south.. 
we South Indians don’t feel safe in North India.. 😂",0,2025-11-26T15:55:30Z,True
@ecomixing45,"Bro, you must not have eaten Kolkata’s gulab jamun, that’s why you’re saying this. It’s one of the world-famous sweets, so you probably haven’t tasted Kolkata’s gulab jamun or rasgulla, and that’s why you’re talking like this. 😂😂
Bro, don’t compare India with Pakistan. Even seven lifetimes won’t be enough for you to understand India. People who live in India still haven’t fully understood it, so what kind of a ‘radish from the field’ are you? 😂😂”",0,2025-11-26T15:38:33Z,True
@luqmanshah291,"Commonality in India and Pakistan is that both are extremely corrupt and politically instable.

In Pakistan, military establishment is the only reason for political instability 

In India, the hate and communal politics are the big reason for India's weak political system.",1,2025-11-26T14:47:31Z,True
@rohankaul4136,Bengaluru breakfast is ❤❤❤,0,2025-11-26T14:33:12Z,True
@vikneswaranradah1533,I think when it comes to hospitality. Pakistan is better. Food I guess India got more options. Both have beautiful places. Street food I guess Pakistan cleaner. But India has great restaurants and hotels. Both were once sane country...because of religion and politics they got separated. Both in social media hate each other. The westerners and some Asian countries want both Pakistan and India to be remain enemies...so both dont grow fast.,0,2025-11-26T14:08:41Z,True
@sohailzaman2876,"Thank you bro,being an Indian I admit that here is lot of unhygienic food .I am sorry for your experience",0,2025-11-26T14:04:28Z,True
@vedicchant9981,"who cares about hygiene and hospitality when place is not safe.Who will and why travel to a terrorist country pakistan.
Afganistan, syria , iran all the same.",0,2025-11-26T13:49:10Z,True
@phoolfragrance2248,Very honest beef nihari 😉😂,0,2025-11-26T13:40:19Z,True
@subhadeepmandal2221,"The foods of the Bengaluru are the worst in Indian city. This guy is crazy !!..
He loved beef nehari yet say pure veg Dosa and Idley attracted him ..",0,2025-11-26T13:25:53Z,True
@VishaMalik-o1w1t,"i am true indian by heart but after watching videos i really must pakistan is a heck lot better that whats it shown in media or portrayed by media. Its clean, people are too much kind, clean food with transparent kitchens, no one have ill intention to fraud.",0,2025-11-26T13:13:47Z,True
@VishaMalik-o1w1t,"In India, its not just him as a foreigner people come for money or scam but with locals too. I myself living in a religious city, my hometown, people approach me on every 10m for money or some people try to scam with their fake stories. I dont know where India is heading up to but i just hope these people get some sense knocked into their heads because they not only ruin mood but experience too.",0,2025-11-26T13:10:24Z,True
@Uniball-p4k,"Bro! Your indian trip is incomplete without visiting Amritsar(though Lahore and Amritsar are sister cities).
Cant miss this place for food and overall vibe of Golden Temple",0,2025-11-26T12:10:58Z,True
@sankasri0512,"Brother problem is you didn't go to Lucknow in India, it's the gastronomical capital , also wondering how did you like bangalore food more than Hyderabad 😮",0,2025-11-26T09:59:53Z,True
@sunilvirmani,Pls pls dont try street food in India… it can give u an upset stomach and oil used is poor quality,0,2025-11-26T09:51:06Z,True
@debopriyo100,Kolkata food is the best in India...you havnt tasted Kolkatas sweet ni one can come close to that...,0,2025-11-26T09:50:55Z,True
@ghaziuniversity473,You have to try Madina Murgh channy Lahore. The Best Breakfast,0,2025-11-26T09:44:33Z,True
@LARRY-67-n7d,"And indians say PAKISTAN A BHIKAARI MULK 🤡 , 80CRORE PEOPLE IN INDIW DON'T EVEN HAVE A TIOLET AND LIVING ON GOVERNMENT FOOD",0,2025-11-26T08:50:38Z,True
@2004musiciansguild,"BTW if you request it, many a tea stall, called tapri, might give you a glass. Also if you ask for special tea, it's much more tastier, being loaded with ""masala"". Slightly more expensive, perhaps INR 20 instead of INR 10 for plain already made tea.",0,2025-11-26T08:17:10Z,True
@NasirSarfraz-vj7kv,Thanks for your comments. Regards from Lahore Pakistan,0,2025-11-26T08:03:35Z,True
@Invs-o2e,"Everything good but for few numbers of people like that in whatever country you visit, you can't make a judgement or come to conclusion of this sort.

What I believe is that wherever there are peoples who struggle to get their daily earnings and don't achieve that comfortably, this would keep going, whatever country you kept visiting, be it India, Pakistan or other countries in the world",0,2025-11-26T06:43:12Z,True
@sskrah,The paper cup chai in India that you buy with street vendors are mostly preferred by those who smoke and not by someone who really wants to have chai. They just like sipping chai while smoking cigarettes. To drink chai you need to visit actual chai spots or just a small eatery/cafe/restaurant.,0,2025-11-26T06:04:39Z,True
@adnananjum789,Honest review by hugh appreciated 👍,0,2025-11-26T05:43:52Z,True
@Bala-k6o,"Let me talk food, if you ask a cat or feline how grass taste you are not going to get good review, but if you ask cow or a goat how grass taste usually positive review.",0,2025-11-26T03:07:56Z,True
@Tradingboyhindi,Hypocrisy on peak- Pakistani hotel/restaurant compare with indian street food seller who is selling food on cycle,0,2025-11-26T02:07:05Z,True
@Tradingboyhindi,"Hypocrisy,How you can compare a big shop in pakistan with a small stall in the side of road in india??
Choose same standards,choose same type of shops,when street side shop from india choose street side shop from Pakistan,
Big shop vs big shop,
You white skin creatures always do this type of hypocrisy,
Yes i admit there is lot of problems in india,but in pakistan it is 100x, every single day they do bom*b blasts on each other,every day in new city,if you saty some day everyone try to convert you in islam wtf is this,
Also Pakistan is under the control of miltray dictatorship, & rarely someone visit Pakistan so thats why they are happy to see someone visitors, even if you met Osama in pakistan he also say hello welcome to my home😂 Pakistan is factory of terririosm",1,2025-11-26T02:01:38Z,True
@NilabhKrishna-u7y,"Bro i disagree with some of your thoughts what you said:
1) India is not slightly but vastly way developednthan Pakistan
2)The reason why foreign tourist don't visit Pakistan is they don't usually travel around exploring streets and Pakistan doesn't have that wholesome of actual tourist destinations like India
Overall the review was very honest appreciate that and hope if you ever visit India again you may get and experience better hospitality (which i think is not gonna happen)",1,2025-11-25T20:47:43Z,True
@NilabhKrishna-u7y,I admit to whatever you said about india and pakistan good and bad it was a totally honest review and whatever you mentioned toxic about india that actually is the situations get better,0,2025-11-25T20:37:00Z,True
@ima012,"U eat in india and pakistan then which toilet u like most 😅 disgusting review ,get lost 😊",0,2025-11-25T18:44:22Z,True
@JAWWADHAIDER,Excellent review b/w two different country 😊,0,2025-11-25T18:34:10Z,True
@АндрейЗагорулько-э4ц,"Bangalore is absolutely the best in terms of food. I lived in India for 16 years and I LOVE Bangalore and its food.

You won't be able to find a really good dosa in 99 percent of cafes and restaurants in Delhi (perhaps the only exception I know is Saravana Bhavan).",0,2025-11-25T17:59:41Z,True
@videoswatcher-n7r,"18:58 Mark those cities for next visit , mostly foreigner jump from Karachi to Lahore/Islamabad or Northern areas
Bahria Town Karachi
Makli, Thatta (History, oldest graveyards)
Hyderabad, Pakistan (history cultural)
Karonjhar Nangarparkar (Like Heaven and similar with Rajhistan Cultural)
Sukkur (Food, Bridges, City and History)
Ghotki (Pera the best sweet ever)
Khairpur (History, Fort and city of Dates)",0,2025-11-25T17:48:48Z,True
@akshaylo0405,Tea is served in paper glass...Bro are you really blogger.... Tourist place only paper glass....You not drink in Tea Restaurant in india😂😂😂,0,2025-11-25T17:36:16Z,True
@Storyteller_SnehBarnali,I was following you through your Bangalore vlogs and genuinely liked your views on both countries.,0,2025-11-25T17:17:44Z,True
@MrAslam490,If you are still in Pakistan there is a food place they do the best food. Islamabad food is okay,0,2025-11-25T17:09:18Z,True
@DrRoopaMS,"H😂aaaaaaahaaa.......u have a lot to see in India brother!! U r comparing a 1.4 billion to 2.2 million......no comparison to the pigs of pak****tan!! Good u did not feel they are both similar....
U still don't know 1% of India and u already know complete Pak***tan",0,2025-11-25T17:08:49Z,True
@sanjudas342,"Not charging money for one's services or food to a tourist is not hospitality, it just shows how less developed the tourism sector is in that country..",0,2025-11-25T16:44:18Z,True
@Devotionalshlok,"Bro pls convert to hindu and don't eat nonveg, jai sree krishna, try once to leave nonveg, I hate your video due to you shows always nonveg food",0,2025-11-25T15:58:02Z,True
@Lalitsingh-ge6js,"Really great to hear about the review. Many different foods you missed in India. Let us know once you travel to India again. I will take you to some of the beautiful places in India. You never seen.

Because of the government and politics 2 close countries are so far but to be Frank. Both countries have good and bad people.",0,2025-11-25T14:53:10Z,True
@namratajoshi504,You must visit Rajasthan in India for good food and culture experience,0,2025-11-25T14:33:03Z,True
@aashiqparmar8655,"I remember about 10 to 15 years ago when I watched foreigners traveling in India, most Indian vendors didn't even accept cash, were very polite, and didn’t try to scam anyone. Watching foreigners interact with them was something special back then. But now, with the tourism boom in India, it's become so common. People are used to it, and some try to take advantage of tourists.

That being said, India is still a developing country, and a lot of people remain uneducated, which unfortunately affects the overall image. If you look at most street vendors, they’re usually around 40 or 50 years old. But I believe the current Gen Z generation will be the one to solve these problems, both in India and elsewhere.",1,2025-11-25T14:21:30Z,True
@LivelifewithRenu,Next time prefer to visit Pakistan than India. Don’t get views or money from India,0,2025-11-25T14:15:45Z,True
@AryanSharma-s6b7m,"7:30Bro it's depends form which shop you buy chai , in india you buy chai from street shop and mostly in street chai was served in small paper glass even in Pakistan also. , and in Pakistan you drank chai from hotel or big shops so definitely they served you chai in best quality cup , if you drank chai from Indian hotel or best shop you also must had served in cup",3,2025-11-25T13:47:32Z,True
@dwell6-j6b,Ha ha in order to know the difference or truth you spend ur money and wasted ur time visiting Pakistan...silly silly boy,0,2025-11-25T13:35:28Z,True
@lokendrathakur6884,Being Indian I would say India Pakistan even Bangladesh you might not find much difference of course India is more diverse than these two country that's why slightly less comfortable for visitor,0,2025-11-25T11:55:10Z,True
@gopalkrushnapanda6867,Man eating beef cant tell us how good the Indian food is...India is vast and large with segments in areas...so the traveler is expected to bias with his ideas...and people  to whom he met,0,2025-11-25T10:18:58Z,True
@FUNDOOTIPS,"I love India and i want to go i don't care about this 🎀i love India is so kind and i love this is political issues but i love India India🇮🇳 food 
Yes, I am afraid of certain things about India. People say the behavior of the people there isn't good, and there are things like rape scams but i love Indian food indain youtubers female male they is attractive so forget about this new 
I love India so🙄India is best for me 
Love from Pakistan🇵🇰",1,2025-11-25T09:40:00Z,True
@MehulPareek017,"0:32 please i am request for you don't visit sulm areas in india. It's a very big country there have around 1.5 billion population. So that's not mean if one person cheat you all are same.
You need to visit indian heritage places. And one more thing if you come in india you need to make budget around 5 to 10 lakh to explore real india 😂.",0,2025-11-25T09:23:07Z,True
@vd_vaish,We're 17% of the world's population in 2.4 % of the world's land. Taking care of 140 crore people isnt a joke. Hygiene is necessary but its hard to maintain under such conditions,0,2025-11-25T09:00:00Z,True
@NiceRoadTrucker,"Glad you loved Bengaluru's food.
As a Bengalurian, I wholeheartedly agree!
We also have really good beer and bar food.
Hope you come back soon.
Cheers.",0,2025-11-25T08:41:35Z,True
@mohamedarshad4293,"8:21 yes because dosas are staple food in south India especially here in chennai and bangalore whereas mumbai, Kolkata and delhi arent… likewise vadapav, pani puri or chappathi will be good in those cities",0,2025-11-25T06:45:28Z,True
@vikassud73,"Narrow views honestly. India is too diverse to base your judgement only on 5 metros, whereas Pakistan is far more homogenious.",0,2025-11-25T05:44:01Z,True
@FAYAZULHaq-k6f,Pakistan can be more improved but the money goes to IMF and world bank,0,2025-11-25T04:55:56Z,True
@saammr,"Brother, that was a very balanced review.
Let me share why Pakistan excels in ethics and hospitality, while India leads in infrastructure and development.

In India, the political system, bureaucracy (both civil and military), and government institutions generally have stronger governance and comparatively lower levels of corruption than in Pakistan. This contributes to better development and infrastructure.

On the other hand, the hygiene, hospitality, and lower tendency for scamming in our culture come from strong Islamic teachings on honesty, cleanliness, and moral conduct, values considered an essential part of faith. These principles shape people’s behavior and create a more ethical environment.",0,2025-11-25T04:16:47Z,True
@whatthehell823,its a lies karachi has the best food than lahore.,0,2025-11-25T04:00:42Z,True
@trishitdutta8823,"You can't compare India and Pakistan.... India is a mini world..... Everything you can find here.... Something positive, something negative..... Something very beautiful, something worse....you have to accept this.... This is the only country where you can find this kind of diversity.... People, culture, food, language, landscape everything...you can find the rich people as well as poor people also. This is a Democratic country of 150 crore people...... Which is not easy to handle.... China can handle as this is  a Communist country they can handle everything in their way...... India is developing gradually day by day which is more valuable than communism..... Yes obviously any negative things are not acceptable....we have to change.... My massage is.... Visit India... Enjoy India.... Be careful in India.... This is Incredible India",0,2025-11-25T03:57:42Z,True
@JPSir,I agree on cleanliness. Last year I went to Delhi and one side there was a posh area of Shalimar Bagh and Netaji Subhash Place and the opposite side there was a whole mini river of garbage. I don't understand why the authorities don't notice that.,0,2025-11-25T03:47:11Z,True
@abelko_92,"To stop honking, the car manufacturers need to install a decibel meter for the horns. Once the  decibel meter spikes due to excessive honking, the car will not produce any honk. That's my solution.",0,2025-11-25T02:14:19Z,True
@marias4837,Very honest review! Definitely both places need lots of improvement and should work on it instead of belittling each other.,0,2025-11-24T21:46:32Z,True
@mixedmatched1875,"When it comes to food and variety, sure—comparison makes sense. But beyond that, it’s unfair to compare. Every country has its strengths and weaknesses. There’s already too much negativity; we should focus on spreading love and peace.",1,2025-11-24T20:47:25Z,True
@aksg5205,"You can't share complete india experience.you only visit few cities. If you come to see varanasi, Lucknow Indore you can see the hospitality. All cities you visited are fast crowdy.",1,2025-11-24T20:07:40Z,True
@ZobariaAbdulRazaq,Nobody compares Pakistan with india  because india is a big country so that because of this Pakistan is a better then india and India need with chaina 😂,0,2025-11-24T19:50:27Z,True
@nishantasthana8740,"7:32, it depends on you whether you want to take the Chai in Cup or not. It means you haven't visited India properly",0,2025-11-24T19:30:53Z,True
@gandalfthewhite8362,bro is viewfarming 2 of most populous coountires in the world,0,2025-11-24T19:01:18Z,True
@AbdullahHayatKhan,Very balanced and genuine review ❤,0,2025-11-24T18:46:15Z,True
@priyankachande3317,We don't need ur point of view...,0,2025-11-24T18:45:06Z,True
@vikramlaskar,"India has metro transit systems in 20+ cities.. and most of the cities have multiple lines..
In Pak, only Lahore has metro that too only 1 line and the one that you have mentioned in islamabad to rawalpindi is a bus route",0,2025-11-24T18:33:03Z,True
@RavikantShejwal,The people asking money is definitely north Indian...up bihari,0,2025-11-24T18:27:59Z,True
@NexxRage6,18:40 When you will visit next time we will develop every thing thanks for mentioning the bad sides of Pakistan if anyone talk about the good side than no body will improve the bad side of a country instead of showing good sides we as a Pakistani should have to try hard for the development of my country. Thanks for visiting Pakistan! Hugh you are a great person love from Islamabad ❤,0,2025-11-24T18:25:11Z,True
@AdithR.B,Bro ur the best food vloger ever i seen😮 hope we meet once,0,2025-11-24T18:23:15Z,True
@chinaman-d6u,Pakistan win Alhuduallah 👆🏴🇵🇰 that's why we separated for untitled india 😊,0,2025-11-24T18:05:30Z,True
@wiznowife,I dunno why but while Pakistanis are saying stuff like 'reviews was good' or 'You told right we agree on ur point' Indians are spreading hate in comment section -not all but I can say alot of after digging out in the comment section for sometime. You gotta learn some sense of love from Pakistan and stop flexing your fake Power [some  Indians have delusions that they r rich cuz their GDP is in trillions -guys you gotta learn some Economics Maldives is way more Rich than u in South Asia if we talk tho their GDP is way less than even Pak same goes for 'Luxembourg'  I aint going to give ye more lecture but learn something and then talk,1,2025-11-24T17:50:29Z,True
@thesmartbengalee,Nearly half of the India's hygiene-related challenges originate from one particular state that has a high rate of outward migration. Addressing the root causes there will significantly improve the overall hygiene situation nationwide.,0,2025-11-24T17:09:29Z,True
@jaybharat7924,"​""Let me add one more thing: when India and Pakistan were to be partitioned by the British, both countries were to be separated on the basis of religion, with Muslims in Pakistan and Hindus in India. But some of our foolish leaders, bravely showing their audacity—famously known as the Gandhi-Nehru duo—allowed the Muslim people to settle here. Pakistan became a Muslim nation, but India remained a secular country for all religions and could not become a Hindu nation. Today, India is suffering a huge loss because of this; their population has increased from 9% to 25%, and the Hindu population has come down from 82% to 69%. These people obstruct basic amenities, they do not follow any laws, nor the Constitution or the National Anthem. They continuously engage in anti-national activities by talking about Islamic Sharia law in everything, and some of our dirty politicians keep them as their crown jewels for the sake of votes. Otherwise, India would have been among the developed nations much earlier.""",0,2025-11-24T16:49:08Z,True
@TheRashid28,"Very honest review 


Thanks from Pakistan",1,2025-11-24T16:41:55Z,True
@uzzalbhaumik8066,"It's utterly unfair to compare Pakistan and India. Comparing  a monolithic country/society with a hugely diverse one is not justified.  In india u can have tea with 10 cents as well as 10 dollars with in few meters apart. It goes for food as well,  so it's upto ur affordability. As far as infrastructure is concerned some portion is already world class and getting better. My native place is 40km apart from delhi airport,  and can reach there without any red light. I have to cross tens of red lights to reach SFO from Sunnyvale. I can drive 160km/h, I won't dare it on 101.  There are cheaters, I believe percentage wise will be much less than other part of the world(i have to buy a chain to keep my mobile safe in Italy). As far as Pakistan is concerned,  people wise very similar to north India. For those want to come to India,  don't come unless you appreciate it's diversity.",0,2025-11-24T16:40:10Z,True
@its.iqrash,I like all your videos very much. You have traveled around Pakistan. Did you ever like Pakistan? There is also a Hyderabad city in Pakistan. Sindh is very famous for its pulao in the morning. I like all your videos very much. Love from Pakistan❤❤,0,2025-11-24T16:37:18Z,True
@jaybharat7924,"Hi,
The reason for this is that 25% of Muslims live in India and they do not consider India as their country, they do not accept the Constitution of India, they do not sing the national anthem, they hate everything that is done for the good of India. Most of the dirt and garbage you find in India will be near Muslim neighborhoods or where the Muslim population is high. These people will throw garbage directly on the road, chicken feathers, bones, feet, either on the road or near the riverbank. These people pelt stones at every new train in India, tear seats, place big stones or cut treetrunks on the rail tracks. They run the biggest network of fake currency notes to harm India. These people oppose the Uniform Civil Code, and they believe in Sharia law instead of the Constitution of India. Only these people carry out terrorist attacks all over India. They are high-tempered fighters. My intention in saying this is that if these people were not there, you would not be able to complain about India so much. If you find what I said wrong, you can Google it. Thank you.""",1,2025-11-24T16:32:47Z,True
@Wings862,Thanks for visiting pakistan 🇵🇰 Love from Lahore pakistan brother ❤ most Welcome ❤,0,2025-11-24T15:26:57Z,True
@divesh1910,"Idk why these poor vlogers  can't afford to have there meal in good place  they eat in streets where even indians don't like to eat and they rome around slums india have so much better places to visit like ladakh ,kashmir ,himachal ,arunanchal , Sikkim but they just want visit slums and will compare these places",0,2025-11-24T15:24:03Z,True
@Dhirajragnarok,"i liked your honesty in the video, you can have lied about your pov for likes and views but you gave your honest opinion, Love from India hope you visit again in our country and explore the unexplored part of our country",1,2025-11-24T14:16:07Z,True
@inamdaryasin,"As Indian I agree with you about the problem of cleanliness, this *Chalta hai* culture needs to be stopped, it frustrate me everytime I see people just throwing trash on the road and makes excuses like everyone do this.",0,2025-11-24T14:08:42Z,True
@Ibrar-Shah,Pakistan is more cleaner and street food hygiene is batter than India I am so cooool after listening these comments thanks boss we will try to be batter in other departments as you mentioned. Waiting for you again in Pakistan 🇵🇰 ❤,0,2025-11-24T12:59:07Z,True
@simtecapp,"Crossing borders is easy… unless your internet quits first 
SimTec keeps you online just enough to send updates while you hop between India and Pakistan.🌍⚡💙",0,2025-11-24T12:21:19Z,True
@adeelmunawar3877,So proved the Tea was Fantastic😂😂😂,0,2025-11-24T11:51:27Z,True
@adeelmunawar3877,Hence proved Indians are beggers always after your Money trying to scam Foreigners 😂😂😂,0,2025-11-24T11:48:49Z,True
@struggler856,Jit goes to the worse parts of the country and then cries about hygiene. Bajrang dal should've handled scums like you,0,2025-11-24T11:36:55Z,True
@Drsahsanraza,"you must have guts of steel. Never been to Pakistan, but I visit the north of India and I would never eat from street food vendors as I'd spend the rest of the trip very unwell to put it politely.",0,2025-11-24T11:12:07Z,True
@AliHamza-py9ud,Pakistani food 💯💯💯,2,2025-11-24T10:36:04Z,True
@dipeshkumar195,Thank you for Honest review we indians admit it. And I am requesting you to please visit Rajasthan kashamir gujrat and the 7 sisters states,0,2025-11-24T09:56:07Z,True
@shahidsajjad6671,"Thank you very much for your unbiased and loving review, especially for Pakistan. We will always warmly welcome you and other tourists to Pakistan, the land of hospitable and kind-hearted people.",0,2025-11-24T09:21:08Z,True
@shahatajbegum3542,The  experience  n opions  are   an eye opener  .Take   it  with little  pinch  of salt  in the sense,0,2025-11-24T09:13:05Z,True
@akshaytandel8885,"Bro i respect your experience/ opinion but as Indian m not convince with all points especially with payment system and Infrastructure, especially in Mumbai, or seems like u have not visited, Coastal road, Underground metro, Underwater roads, Coatal walk area, its totally different world, m not sure if Pakistan has the same infrastructure. Payment system, my friend is from UK whenever he comes to India (Mumbai) he dont face any issue in UPI. Yes other points i agree with respect to Street hygiene, the reason is huge population in and this u will face only in Market areas. Jus ib next visit to India Mumbai, pl come Mumbai Fort area, u might feel. That u r in ur oun country (Uk).
Rest surely spitting issues we have, even at my own capacity tries wherever possible to make awareness",0,2025-11-24T08:30:49Z,True
@vinayparihar16,I am from India... And agree to great extent regarding your views about both the countries... Lots of love to my brothers both in India & Pakistan ❤,5,2025-11-24T08:29:27Z,True
@youtubelover9209,"What hygiene they are following by cutting meat in the open? While foreigners come to the worst part of India to garner views by painting a gleam picture to their viewers? 
That’s like someone going to a country and showing their homelessness, drug abuse, crime only and saying ‘this is that country’. 
India is a land of 1.5 BILLION. Can you guarantee everyone from your place are all great and good and everyone in India is bad? 

Good and bad people are everywhere! One has no right to define an entire country on that basis.",6,2025-11-24T08:11:47Z,True
@Birthlover,"Pakistan is famous for 𝘁𝗲𝗿𝗿𝗼𝗿𝗶𝘀𝗺,causing bomb blasts, attacks, and instability. This violence affects public safety, weakens the government’s control, and harms the country’s economy and global image.
  
𝗜𝗻𝗱𝗶𝗮 𝗶𝘀 𝗳𝗮𝗺𝘂𝘀 𝗳𝗼𝗿 Old civilization, rich culture, unity in diversity, strong democracy, fast-growing economy, powerful science & space, yoga–ayurveda, diverse food & festivals, and peaceful values.",2,2025-11-24T07:52:23Z,True
@NeerajSaini-g1c,Street vendors use fresh things but in 5 star hotels they use frozen things,0,2025-11-24T06:59:08Z,True
@NaaneVinu,"As an Indian, I tell you if you haven’t had immunity to tropical bacteria or virus then chances are you fall sick. That’s not dangerously life threatening but high fever or vomiting could happen. Just get the treatment from local doctors immediately. Two-three says it stays get rest and that’s it. Once you are exposed your body builds that immunity and it shouldn’t occ again, unless it’s different family.",0,2025-11-24T06:38:27Z,True
@sightingsquager,"Want views from 1.9 billion 
Okay le bsdk 
Pakistan is good 
Jaa jee le",1,2025-11-24T06:26:32Z,True
@pvenkatraghuram8840,"Please visit other  places in India those four five cities are only 10%  of the country 
Thank you for honest review",1,2025-11-24T06:06:18Z,True
@bahjo7279,"Being Indian, I think, the Hindu gods and goddesses teach Hindus to be dirty. If you get the chances, look behind those idols, it's really disgusting. The colour's, the way their religious teachers/ sadhus live is horrible, the way the sadhus eat is horrible which no normal human being would go that low level of living lifestyle.

In İndia you can plainly see the difference about the concept of civic sense & CLEANLINESS influenced by the muslim majority cities or VILLAGES, Buddhist majority areas, the Hindu majority cities and the Christian majority cities (unfortunately just a couple of states for Christian majority cities).",0,2025-11-24T05:54:12Z,True
@sumic.s9510,"Hygiene isn’t just about cleaning ourselves or our homes—it extends to our streets, parks, and public spaces. Spitting, littering, or neglecting public cleanliness reflects a lack of awareness.",0,2025-11-24T05:52:20Z,True
@Lessonsfromvillagelife,"You are right when you said some people in northern India (in cities like Delhi and Lucknow) are scammers and want to loot your money. Some of these people migrated from Delhi and Lucknow to Pakistan in 1947 due to partition and have been behaving as scammers for decades. There is a famous Bollywood movie called ""Thugs of Hindustan"" on the same topic. These people are proud of themselves being thugs and scammers. Pakistan should develop tourism but areas like Balochistan or north Waziristan are not peaceful (the ethnic tensions in these areas are called terrorism, however the reasons behind this is ethnic tensions.. India can't keep its cities clean because of its huge, massive population. Both Pakistan and India don't have much natural resources like oil and gas therefore they have to copy cheap manufacturing of China and Vietnam, both countries don't have any chances of becoming high income countries...",0,2025-11-24T05:06:36Z,True
@Faizan1995,Another vote Pakistani Tea is fantastic 😂,0,2025-11-24T05:05:23Z,True
@sanguine-h1t,You don't know about indian food...,0,2025-11-24T04:51:29Z,True
@ankit7156,We don't need ur reviews or comparison especially from a white,1,2025-11-24T04:47:57Z,True
@ridaenoorgillani9136,"Our tea is fantastic 🇵🇰, even Indian Airforce Pilots accept this",0,2025-11-24T04:35:29Z,True
@Roxybanardetti,"Again about hygiene it's all comes down to religion. In Pakistan as they live for religion Islam is a lot about hygiene even here in UK I have seen Pakistani restaurants really clean every space where they serve food at the end of the day like really really clean super spotless, I don't see the same level of cleaning in Indian ones at the end of the shift. Islam religion is about cleanliness I'm speaking unbiased as I'm Indian myself and I'm not Muslim. Yet I see clearly why Pakistani people will obviously be more clean. India isnt focussed on cleanliness and unfortunately a lot of Indian youtubers in other parts of the world will mention about terrible grooming hygiene of Indians their body odour and personal hygiene, India religions like Hinduism don't have a handbook of how to keep clean of personal hygiene whereas in Islam there are a set of rules to follow. I see them in London the indian students always smelling bad with body odour whereas a Pakistani person will never smell bad I'm talking about the men especially. I don't understand why Indian guys don't get it and don't understand this issue and they can't look after their personal hygiene so this is why India must be more dirty according to many youtubers. I've been to India and not Pakistan. I know India is dirty.",0,2025-11-24T03:36:48Z,True
@robinchhonkar-m4d,Bro no one asked you to compare india with any other country...you are just making money here by milking people,0,2025-11-24T02:59:29Z,True
@cleanersgroup744,"Great review. I had the same experience as a solo traveller I felt much more welcomed in Pakistan, Pakistani hospitality is at another level.",0,2025-11-24T02:15:40Z,True
@abbasakram8b214,"So basically the problem with pakistan is alck of public unity and lack of a good governance system and elite capture which runs apksitan like a rent seeking economy : As someone from lahore and currently doing  A levels and applying to US colleges - I hundred percent agree with you pakistan has a major elite problem - the eite is corrupt and is completely in bed with politicians and mafias and most fot he economy is in black and theres no innovation or RnD - Public ediucation system is broken and form 1800s, middle income private schools lack behind due to local exmaination system and the elite private schools like ISL AC KGS LGS etc. are way too expensive like 60,000 pkr per month and they offer O/A levels and all the stuf top US highs chools offer and you have  good bet at winning in life only in these sort of high school coming towards UNIs only NUST and LUMS are on international standards and importantly that also liek top 300 in world. and the industries and inefficient and theres no big tech bug pharma or progressive industrial sectors in pakistna yet as to start a single factory you need to pay bribes to like 50 depts. so yea",0,2025-11-23T21:58:44Z,True
@abbasakram8b214,"POV As someone from lahore and currently doing  A levels and applying to US colleges - I hundred percent agree with you pakistan has a major elite problem - the eite is corrupt and is completely in bed with politicians and mafias and most fot he economy is in black and theres no innovation or RnD - Public ediucation system is broken and form 1800s, middle income private schools lack behind due to local exmaination system and the elite private schools like ISL AC KGS LGS etc. are way too expensive like 60,000 pkr per month and they offer O/A levels and all the stuf top US highs chools offer and you have  good bet at winning in life only in these sort of high school coming towards UNIs only NUST and LUMS are on international standards and importantly that also liek top 300 in world. and the industries and inefficient and theres no big tech bug pharma or progressive industrial sectors in pakistna yet as to start a single factory you need to pay bribes to like 50 depts. so yea",0,2025-11-23T21:57:42Z,True
@abbasakram8b214,"As someone from lahore and currently doing  A levels and applying to US colleges - I hundred percent agree with you pakistan has a major elite problem - the eite is corrupt and is completely in bed with politicians and mafias and most fot he economy is in black and theres no innovation or RnD - Public ediucation system is broken and form 1800s, middle income private schools lack behind due to local exmaination system and the elite private schools like ISL AC KGS LGS etc. are way too expensive like 60,000 pkr per month and they offer O/A levels and all the stuf top US highs chools offer and you have  good bet at winning in life only in these sort of high school coming towards UNIs only NUST and LUMS are on international standards and importantly that also liek top 300 in world. and the industries and inefficient and theres no big tech bug pharma or progressive industrial sectors in pakistna yet as to start a single factory you need to pay bribes to like 50 depts. so yea",0,2025-11-23T21:55:13Z,True
@mehboobgani,Who what shit on street are the one who eat food with their hand,0,2025-11-23T21:39:21Z,True
@i-m-invincible,"Glad you shared your honest review, Lots of love from Pakistan❤",0,2025-11-23T21:27:37Z,True
@sazad4968,It's all about trust for a traveler to go to a foreign country that is never been to... If the locals are hospitable not after your money respect you that is a win-win situation regardless of other difficulties.. Compare to India where there is a lot of scam dishonesty I wouldn't want to travel especially when I don't know anyone so answering the question as a woman it's definitely more safer in a highly moralized country like Pakistan compared to India.. Just being honest not trying to spread any hate this is a common sense,0,2025-11-23T21:07:36Z,True
@fihadlatheefa3044,"I am from India and have a huge respect for Hugh to show the actual face of Pakistan, I was literally in tears when I saw how a torn glove driver was refusing to ask for money and I wanted to meet such people.
In India people scam for anything, i understand every country has its own good and bad , however we shouldn't judge any country by its govt.",2,2025-11-23T21:04:23Z,True
@ChainakWalaJin,"07:25 You mean, the tea was fantastic 😂",2,2025-11-23T20:50:08Z,True
@pranavaggarwal5810,"Awesome Review brother first of all Love from India 🇮🇳 ❤
Sorry to hear about uncleanliness even after constantly working on Swacch Bharat Abhiyan (Clean India Mission) and ongoing scams in Delhi region but believe as you said there are only 5-10% scammers there in India and because of them we all are embarrassed sorry for that otherwise definitely appreciate your visit to our country We welcome you the most again next time visit other cities also like Chandigarh (The city Beautiful) , jammu and kashmir (Switzerland of India , etc also we'll definately try to improve hospitality and easy for foreigners ❤❤
Thanks again for your kind visit and please come again soon ❤❤",0,2025-11-23T20:28:52Z,True
@paksktvlogs2155,Pakistan 🇵🇰 is rich country and an islamic as well. That’s why generous and they are not after the money in your pocket.,0,2025-11-23T20:20:59Z,True
@UmarMunir94,"8:43 no, Lahore is not dubbed as having the best food in Pakistan. Lahore does not even come close to Karachi. I am from Lahore, I was born and raised in Lahore. But it is not even close. The only people who say it is best are Lahoris, and they just haven't visited Karachi.",7,2025-11-23T18:55:53Z,True
@eyboss3562,"You can't really judge India based on travel alone, because India is vast and diverse.
From Himachal Pradesh and Uttarakhand to Tamil Nadu and Kerala, from Gujarat to the northeastern states – the people, the environment, the food, and the ethics are completely different.",7,2025-11-23T18:36:51Z,True
@ymyguitar,"I’ve lived all over India, and I can say this with full confidence - Bangalore serve the best food in the country. Sure, Mumbai, Delhi, Kolkata… they all have amazing street food scenes. But when it comes to an overall culinary experience, Bangalore just hits differently. You can debate me all you want, but as a Chef… yeah, I’m sticking to this. A decent comparisons of the countries, Hugh. Safe travels.",1,2025-11-23T18:24:50Z,True
@Wowkidadvik,Look pak have very few foreigners so they trrat it very very well they still not aware of tourism business this is why they dont take money etc,2,2025-11-23T18:22:11Z,True
@ashutoshsrivastava1269,"Bro you just missed the main part of india its up means uttar pradesh like kanpur ,, lucknow,, agra,,banaras,, prayagraj ....try once for a trip in up ...i really say your view point would totaly change about food , hospitality",0,2025-11-23T18:19:35Z,True
@sumitpandey3812,Gora pakora knows how to make views 😂😂😂,6,2025-11-23T18:12:48Z,True
@akashindiannegi9984,Pakistan is ahead of every country he making money  😂,1,2025-11-23T18:09:46Z,True
