﻿author,comment,likes,published_at,is_relevant
@WaqarHasan-rc9rt,Bohat mazaydaar masaalay!,0,2025-12-01T16:08:54Z,True
@WaqarHasan-rc9rt,So beautyfull spices!,0,2025-12-01T16:08:09Z,True
@WaqarHasan-rc9rt,Bohat mazaydaar chatni aur raita aur taaza sabziyan!,0,2025-12-01T16:07:17Z,True
@WaqarHasan-rc9rt,So tasty sauce and raita and fresh vegetables!,0,2025-12-01T16:06:25Z,True
@WaqarHasan-rc9rt,So tasty pakawras!,0,2025-12-01T15:59:03Z,True
@WaqarHasan-rc9rt,Bohat mazaydaar pakowray!,0,2025-12-01T15:58:39Z,True
@WaqarHasan-rc9rt,Bohat mazaydaar machhliyaan!,0,2025-12-01T15:55:38Z,True
@WaqarHasan-rc9rt,So tasty fishes!,0,2025-12-01T15:54:59Z,True
@WaqarHasan-rc9rt,Bohat khoobsurat sheher aur video aur chitrali mashroobaat aur hotel aur restaurant aur mazaydaar khaanay aur nazaara aur maahaul aur dry fruits aur dukaanein aur taaza phalone ke juices!,0,2025-12-01T15:53:50Z,True
@WaqarHasan-rc9rt,So beautyfull city and video and chitrali drinks and hotel and restaurant and tasty foods and view and environment and dry fruits and shops and fresh fruits juices!,0,2025-12-01T15:51:18Z,True
@NafayArkam-d9o,Totally fake review about this khobani juice,0,2025-11-27T18:36:01Z,True
@murshad2492,Sheikh ibrar is near at my home such a tasty fish better then molu,0,2025-11-21T20:59:50Z,True
@Iamdevilyt2,Love from INDIA please make a video of train journey and show us food in train,3,2025-11-21T19:16:42Z,True
@ganapani1,Apk. Safh. Jo. Bray mu. Wala Pagal hota hey usko. Bhi. Smjhayen wo. Ja k. Jameel k. Sath. Ler pra tha  or usk. Khilaf video. Bnai us ne 😂😂😂,0,2025-11-21T17:16:59Z,True
@ehsanrasul2025,Mennu Lahore lay jao main nahi bachna😅😅😅,1,2025-11-21T01:28:41Z,True
@masoodkhan427,Fish is good ..but don’t mix raita with chatni ..bad idea,0,2025-11-20T19:40:19Z,True
@WorldwideFoodFinds,Fish ho tu Karachi ki 😍,2,2025-11-20T14:09:09Z,True
@rajsingh004,"Tuhade Pakistan which chicken, mutton, fish rates bahut jyada ne😊",0,2025-11-20T13:47:48Z,True
@janardansingh-d3u,Sahib brother vege dishes bhi dikhao. I am vege dishes eater. Love you from jaunpur up India 🇮🇳. Don't desperate me.,0,2025-11-20T13:33:30Z,True
@KamalKhanna-e8o,Safed shirt wale ko dry fruits khane tha aur bahana lagaya ki shake bahot thick hai aur straw se nahi aa raha. Bahot bada petu hai,1,2025-11-20T13:30:53Z,True
@DrFayezahJaved,Itna kala tel. fish fry kr rahy diesel men.,0,2025-11-20T13:20:10Z,True
@Sam77966,first comment pin kardo sir delicious ❤,0,2025-11-20T13:02:54Z,True
@AhmadFaisal-pc7xb,molvi sahab itna khaa kar bhe motai nahii hotai bas aisa he hummai bhe motabolsim chahiyai tha🥲,1,2025-11-20T13:02:17Z,True
