﻿author,comment,likes,published_at,is_relevant
@rohtakhr12aale38,Tera cameraman chutya h har shot ke barike se cover karte h camera ko bhagate nahe be pasence,5,2020-01-05T03:38:37Z,True
@mrzulfikar1,"Best music selection for historic hamam. It is a heritage, it should be preserved. Is it located at Shahi Qila.",0,2019-12-16T14:08:47Z,True
@yusrasyed7383,I m from india. Mai yahi kehna chahti hu k aap log apni historical place ka khayal rakhe kyu k aap log k pas bhi bohot fort hai leki bilkul khandar jaise hamare india me dekhe kitna acha lagta hai historical place dekh kar kyu k sab maintain hai.love from india,18,2019-10-13T14:03:35Z,True
@karishmachalke2062,Why women are separated from men in mosque???????????,0,2019-05-09T11:43:48Z,True
@ijazahmed3337,Anarkali building ko bhi thek krna chahye plz,0,2019-01-23T03:54:07Z,True
@tafheemabbas9432,"Nice video my city Lahore 🇵🇰🇵🇰🇵🇰
Love❤❤❤❤from dubai 🇦🇪🇦🇪🇦🇪",1,2018-12-31T00:24:39Z,True
@WajidAli-ry1nt,MUGHAL Prince Mirza Muhammad Wajid Ali Baig Mughal Chughtai All e Mughal ShehenShah Badshah Hazrat Aurang zeb Allamgir (RTA).Hum Abhi Zinda hain Angrezon aur Sikhon ki hum musalmano k khalaf janleva Sazishon aur beja Mukhalfat k Bawjood ALLAH Tallah Wahada ul Lashareek K Aur Mere Payare Sachay aur Akhri Nabi pak Akhri Rasool e Ameen payare Aqqa Rehmat AllilAllaameen Sadaq o Ameen Nabi jee janab e Hazrat Muhammad Mustafa (STAWW). K Fazzal o karram se Mughal Badshah Baniye Saltanat e Mughaliya Badshah ShehenShah Sultan Hazrat Zaheer ud Deen Muhamad  Babbar Badshah (RTTA) ki Hum All o Aullad Abhi zinda hain aur Hamary pass Hamara Mughliya Shahi Shajra e Aliya Mukamal tor pe batar Amanat Mahfooz hai AL Hamdulillah hai Rabul Allameen Al Rahamaan Al Raheem.Insha ALLAH Tallah  Hum  Ankareeb watn e Aziz Saltanat e Azeem Pakistan ko Samnay Akar bacha lain gay. Hum bhe Watn e Aziz MULK Saltanat e Pakistan pe Apni jaan  ko Qurban aur Nichawar kardaingy. SULTAN UL Ambiy e Karraam Hazrat MUHAMMAD STAWW key Be panah jah o Jallal KI kassam. Hum apny Qol aur Irraday k Pakay hain.aur isi liye humne Khana e kabba Bait ullah Shareef pe Ababat e Umrah k Doran sachay dil se Hazri aur Sallaam paish kr k Aik Nahayat khas Dua mangi hai.jo Bargahay Rabul Arshe Azeem may Qabool Farma li hai aur jaise he jo humne manga hai humain milay ga to hum Foran Azeem Saltanat e Mughaliya payare watan e Aziz Pakistan ke Takhat o Taj ko bator Amanat apny sir pe saja laingay  Aur apni bohat payari har dil Aziz Awaam ko Apny Seenay k SATH  laga laingay. Ay Azeem pakistani Awaam hum tumko isi tarah Shad o Abad aur Azad rakhna chahtay hai kay jis tarah Saudi kings nay apni tamam Saudi Awaam ko khushhaal rakha hai ay payari Awaam tum daikhna k hum jistarah Tumko Deen e Islaam ki Shariyat Nafaz kar k Har soorat main Insaaf daingay. PTI Zindabaad.  FROM Mughal prince Mirza Wajid Ali Baig Mughal Chughtai All e Hazrat Mughal ShehenShah Hazrat Aurang zeb Allamgir (RTTA).,1,2018-09-14T11:44:00Z,True
@imtiyazansari1327,Bahot khub bhai,0,2018-08-06T18:51:06Z,True
@brazilbiba6671,Protect Lahore from ugly shopping malls and strengthen it's historical buildings. Make Lahore a world heritage site and no more plazas should be allowed.,10,2018-07-07T17:39:18Z,True
@ishfaqvirk2067,we got same hamam in Gujrat named akbari hamam at Dhaki Gujrat .. unfortunately its not been properly taken care of,1,2018-05-09T10:26:16Z,True
