﻿author,comment,likes,published_at,is_relevant
@ShahzadjavedShahzadjaved,"I love Lahore ❤❤
My ctiy Lahore..
I mis you Lahore...",0,2025-01-03T19:19:11Z,True
@NaveedAnjum-RNA,Wlcm to Lahore Pakistan  from Naveed Anjum vlogs,0,2024-03-31T10:44:24Z,True
@mehakfatima.713,Lahore to pindi ka raja bazar lag raha hai.. isko dekhny k liye kisi ko jamna b nahi 🙄🙄,0,2024-01-23T00:23:19Z,True
@sawarkhan1224,Good very good  ..Lahore  is Lahore,0,2024-01-09T21:54:50Z,True
@Ojaswini817,"Hindu from India , really wish to see lahore 🥹💖",1,2024-01-06T18:03:59Z,True
@theartbysadia2391,You are such a great lady ...me ap ka hr vlog dekhti ho or androon lahore ma hi rehti ho ..kash mujhy pta hota phly to me zror milti ap sy,0,2023-10-06T15:52:09Z,True
@Fk_cooking-2023,Aoa dear apki video's bhot nice hn or ap b bhot nice hn lahore to sch min lahore h ❤,0,2023-10-05T02:24:25Z,True
@albatrossy7943,"I have watched alot of vlogs and vedios on Lahore but literally as a"" Lahorii "" I'll say this is one of the best vlogs , and the transport you use is the best decision to experience Lahore as the guide said in the start . ❤❤",2,2023-09-28T10:07:28Z,True
@rubinatariq849,"Lohari Gate doesn’t stand for Lahore, it stands for the lohar meaning blacksmith.  Mr.Adil you have done your research but I heard from my grandfather and my father that  it was meant for Lohar as mostly lohars lived there … And what I said is evident on the sign board of the gate … it says Lohari not Lahori …
I remember once before in some video I corrected you … for some other mistake .. please don’t mind but I think I can help with something I heard from my ancestors. 
And Lahore had 13 gates not 12",1,2023-09-23T21:35:20Z,True
@simplycookwithnazia,Thanks turkan we visited Lahore with you,0,2023-09-21T09:27:24Z,True
@MuhammadAzeem-pe6wj,Lahore Lahore hai adil ❤,0,2023-09-10T08:39:59Z,True
@shahzadakram5940,Bohot AALA God,0,2023-08-31T18:46:19Z,True
@shahzadakram5940,"Shukar Hy PAKISTAN AA GAAI ho,,,AB Iedarin Ziyada Turki KAM Raho,,Warna AAdha Tetar AAdha Batyr,Wali Bat Hogi",0,2023-08-31T18:39:30Z,True
@hifsarani9076,Ab lahore lahore nai kachray  ka garh ban chuka hai asia most polluted city,0,2023-08-29T09:13:37Z,True
@Bhatti-qn6ez,Lahore is Lahore❤❤❤,0,2023-08-28T16:22:13Z,True
@Bhatti-qn6ez,Well come  Pakistan k Dil ❤❤❤❤ Lahore...,0,2023-08-28T16:20:59Z,True
@naeeemt990,Lohari gate is old lahore,0,2023-08-28T13:18:55Z,True
@HamzaAli-ed2zr,"MASHALLAH, WELCOME TO ANDROON LAHORE",1,2023-08-27T19:18:22Z,True
@toqeershah1357,"i was born in Lahore in 1970 and love my city.
Love you all
Love from Lahore",1,2023-08-27T08:02:40Z,True
@UndoEverything,"Sorry, cannot sea your whole video. You are showing lots of food and I am missing and watering and feeling hungry again thousands of kms away from Pakistan. Apologies.",0,2023-08-26T19:22:28Z,True
@zahidainlondonvlogs,Lahore is amazing country and kind people in Pakistan,2,2023-08-26T10:59:36Z,True
@sadianaz4263,Welcome to Pakistan😊.  I hope you enjoyed coming to Pakistan and especially to Lahore❤.,1,2023-08-26T00:26:53Z,True
@zafarmahmood6527,Turkan we enjoy your visit in Lahore. God Bless You!,2,2023-08-24T09:42:44Z,True
@mianasiffromeurope7131,"After a long time I saw Adil bhai
Adil bhai is aur proud of Lahore ❤️",3,2023-08-21T23:37:42Z,True
@UzSa7,Lol purana khana achaa kesay hoga sara wa hoga 😅,0,2023-08-21T20:38:57Z,True
@imransharif443,Beautiful LAHORE LAHORE HAI,0,2023-08-21T10:19:15Z,True
@StreetFoodSection,Lahore is such a beautiful city ❤,5,2023-08-21T06:53:52Z,True
@yaqoobwali1491,Well come to Lahore Pakistan❤❤❤❤❤❤❤❤❤❤❤,2,2023-08-21T06:34:19Z,True
@syed_JaWaD350,Lahore lahore ay 😍 💖,0,2023-08-21T03:15:04Z,True
@lifelearn4004,You are good mein ny ap ko Milan hain please mein lahore mein hi ho ap chali ghi ya hain abhi?,0,2023-08-20T13:58:11Z,True
@arshadmohammad8937,Istanbul main shopping k liye cheap price main achchi shopping kahan se hoti hai?,0,2023-08-19T14:18:30Z,True
@abdulhafeezuddin5883,Masallah turan daughter very beautiful lahore gate king shajahan build .in india tajmahal and akbar fathapursayakede and Delhi lalkella redfort and other state Deccan hyderabad nazim Turkey king abdul majeed daughter nelofor wife prince Azam jha late may be you no dynasti please ones visit in india.,0,2023-08-19T11:34:34Z,True
@thezafars982,I'm from Lahore I love your vlogs,1,2023-08-18T13:50:40Z,True
@soulnature5302,"BAKING VIRSA 


LY JATAY 




TURKAN KHATOON KO KUCH ACHCHA KHANA KHILA DETY",0,2023-08-18T05:59:52Z,True
@BarankarabayKhan-c4s,Love your vlog❤❤❤❤❤❤❤❤❤love turkey my big dream turkey inshllah one day I will go turkey 😊😊,1,2023-08-17T15:30:14Z,True
@pakistanzindabad1450,Nan chano kay elawa Lahore may hay kya😊,0,2023-08-16T15:34:33Z,True
@Ukamb,lahore is very Historic  big city but very Dirty inside,0,2023-08-15T12:54:08Z,True
@muhammadjawadulhaq,"Well
Come
To 
Pakistan
Do visit Bahawalpur the princely state in Punjab Pakistan. With mesmerizing forts and history and mahal is amazing.",1,2023-08-15T04:16:10Z,True
@Zahid_IT_321,Apky Vlog Hamesha Informative or Interesting hoty hein. BOHat Acha lga Dobara Pakistan mein Daikh k. Allah Pak Apko Hmesha Khush Rakhy Ameen 😊,1,2023-08-14T12:01:18Z,True
@farrukhbhatti8981,Waao turkiyaan how r u well come to Pakistan  you r here in lahore  now a days have a happy stay,2,2023-08-13T14:26:18Z,True
@kiranfatima7778,Tunga ride is the best ride. Govt ko Lahore me Tanga ko revive karna chahie. Ye pollution ko kam karne me b helpful ha ur best ride b.,3,2023-08-13T07:19:21Z,True
@SamundarKhan-w5q,Aap Agar Abhe Lahore mein hain  tou kia hum Aap se Mill suikte  hain ?,0,2023-08-11T23:26:41Z,True
@SamundarKhan-w5q,Aap hamare  qareeb se ho ker Chale gain dukh huwa patta hota  mein Aap se milne zaroor Aate e,0,2023-08-11T23:24:56Z,True
@DrAahad-xo6ev,"Welcome to homeland Turkan Atay! Assalamo alaikum! Wah jee wah kya baat hey Tanga safari ke around Data sb ke Nagri me I remember 30 years back memories. 
Really jinney Lahore nae takya uh jamaat he nae. Kya baat he cannal road ke, wada house, Anarkali.....",2,2023-08-11T21:07:39Z,True
@wasifaftab6481,We dont want to see pakistan its enough to watch by our eyes we want to see turkey and with better describes by a turkish person in urdu language so at least check  your views of month on pakistan and turkish video @tukan,0,2023-08-10T21:17:30Z,True
@imranikram3322,Welcome to Lahore ♥️♥️,3,2023-08-10T18:01:32Z,True
@mukhtarahmad559,"Welcome to Lahore ❤
Stay blessed beta 🤲
Faisalabad 😍",3,2023-08-10T13:13:53Z,True
@MohammadAsraf-gl9tp,ablam türkan sen youtubedesin neden bunu yapıyorsun,0,2023-08-10T12:39:06Z,True
@kareemnawaz7698,Turkan Sister  ye video Lahore k ap k sath daikhny k maza he alg aya ha yaken manain. Apbhtt masoom  or sada tbiyt k hn is ly bhttt achi lgti hn jeeti rhain ap seht o eman wali lmbi zindagi hmary achy bhayya Zaka k sath💕💕👍or agr sath Zkaa bhai b hoty to alaaaa ho jata or b.... ☺,2,2023-08-10T10:43:10Z,True
@ibrahimmusavlogs4715,Aap abhi bhi Lahore mein hai to please mujhe bataen mai aap se Mulakat karne aaungi🎉🎉🎉,0,2023-08-10T10:09:00Z,True
@nomanmaqbool9677,Lahore ma Hosh geldinis turkan hatun. ❤🥰💐,1,2023-08-10T09:53:00Z,True
@nitrophantomgaming,Beautiful video ❤ Allah bless you and your family ameen 🧿 lots of love and respect,6,2023-08-10T06:53:04Z,True
@tauqeerarabegum7952,Well come Lahore,1,2023-08-10T06:38:55Z,True
@Kaifyy_m-bo7wf,Ie kahan gomti rahi gandi juggu pr lahore gannda tum kahin or chlli jatti Pakistan bohat khobsorat hai,1,2023-08-10T05:32:40Z,True
@2ac610,"it is very unfortunate that lahore with the population of 2 crore cant produce a single city historical guide who can tell correct information about lahore heritage and this ""FARIDIYA"" is misguiding for a long time to content creators , very unfortunate",0,2023-08-10T05:08:13Z,True
@ZoyaAfzaal2001-xo2mw,Lahore Lahore hai😉 bhttt accha explore kiya aapne Türkan ❤,8,2023-08-10T00:04:43Z,True
@irfanbhati1828,Api g Bohat Maza aya hai ap ki video dekh kar mein b Lahore se ho Allah tala ap ko Khush rakhey Ameen,3,2023-08-09T20:48:28Z,True
@SamarRiaz-h3g,Waqahi jine Lahore ni vakhia o jamya e ni,0,2023-08-09T19:52:08Z,True
@Ottomanf1lmzofficial,My husband is from Lahore and I am from sheikhupura...hiran minar is the famous historical place of sheikhupura....my husband invited you to visit this place....do u remember??? kindly reply,2,2023-08-09T18:44:46Z,True
@Ottomanf1lmzofficial,Is this v log of last winters???.my husband is uber driver from Lahore...he met with you and your husband on a ride...my husband and yours exchanged their numbers...we were very excited to hear that you were in Lahore that time...we were waiting for your this vlog and finally here you are...,18,2023-08-09T18:41:46Z,True
@rizwinonu210,Welcome from the land of hospitality         Arif Malik from Lahore,1,2023-08-09T18:17:38Z,True
@drdr73,Vakei meh....jine lahore nei vekhya wo jamnmea i nahi...,0,2023-08-09T16:11:45Z,True
@dr.saifuddin7096,Lahore me sardi hai? People wearing jackets.,0,2023-08-09T15:47:51Z,True
@devil_rules890,Ur b boht si amazing place's han lahore main,0,2023-08-09T15:42:03Z,True
@sabinamahmud6595,Ap turkis ho .lekin itna acca Urdu boltiho.bohot khub. God bless you.,0,2023-08-09T14:45:40Z,True
@khadijaahmad7437,Aoa! Plz tell your sister's vlog address.... from Lahore,0,2023-08-09T14:35:46Z,True
