﻿author,comment,likes,published_at,is_relevant
@sarfraznawaz-kf7oj,"Lahore Tha House  of Tast.
Lahore. Lahore hi hayyyy..
Brother Zabardast",1,2025-03-09T11:07:32Z,True
@sonusiddiq3734,Like toh theaik h sir har cheez ki price bhi bataya karein plz,0,2024-12-29T17:52:00Z,True
@sanjeevwadhera,M kab aau khana bhai india sa❤,0,2024-10-03T17:03:16Z,True
@nazarulislam3092,He eats all the dirty food available in Pakistan. Kase kase idiots hian youtube per,0,2024-09-02T11:06:59Z,True
@MuhammadKashif-ls4ml,Fazool treen service hi... Aur tast b Kuch khas n h... Aur rate b boht zada h... Arif walon ka,0,2024-07-09T19:46:01Z,True
@sidharthansid9022,"Nice video...keep it up love from Delhi India. 

Best of luck for your future endeavors. 

Regards 

Sidharth",0,2024-06-08T18:13:31Z,True
@armanali-ko5pe,Bhaijaan I am from India big fan ❤,0,2024-05-21T07:40:49Z,True
@Javedmalik-ey8tb,Lahore aa k try zror kro ga...,0,2024-05-01T13:56:09Z,True
@WaqasAlipigeon,Bhai ma b Lahore se hon lekin mujhe to Gujranwala ma sham ko ek Banda Reri par lgta hai faluda Pondanwala chonk par sath bao pan shop b hai wo b try karna AP ok maza aye ga apk,0,2024-04-24T21:15:34Z,True
@hamzatahir9523,Lahore mai taste ha true 👍,0,2024-03-10T18:00:06Z,True
@muhammadumar2208,Bhai Lahore ka sab Sy best bar b q Sadar Bazar k last Mai sureela Tikka corner sadar bazar zaruuur chakar lagayn please please please please sureela Tikka corner sadar,0,2024-02-21T23:41:08Z,True
@tejkanwarsingh9128,Love from chardha panjab,0,2024-01-06T03:53:05Z,True
@Muhammadramzan-s1z,Zida tar lahori murda chicken khelate hain jab b jaw daal mash khaw baqi gosht ka itabar chand restaurant ke leawa,0,2023-12-21T18:32:02Z,True
@muhammadwaqas1899,"The most dirtiest place is Arif Chatkhara… incests and cockroaches everywhere, people like you are paid YouTubers or may be just needs views …. Shame on you",0,2023-12-20T09:46:11Z,True
@Desitarka-ir4zl,Lahore Lahore hai,0,2023-11-10T10:43:37Z,True
@ShahzadAnjum-xp4hk,"Oooy jhote banddy anaar kalli me yousaf falooda to aaj se 10 saal pehle 2013 me bana tha to tom ne 14 saal pehle kese khaya he
Lahnat lahnat jhoote par lahnat",0,2023-11-02T19:53:46Z,True
@PANKAJKUMAR-qn8kd,Great lahori food. I wish I could fly there for this chicken especially .Love from India 🇮🇳 ♥️.,8,2023-10-26T08:22:32Z,True
@tejpalvermaverma3421,Ase hotel or food hamre india ke har city me or asa food street vonder ke pas bhi mil jata h,0,2023-10-22T16:12:20Z,True
@AhsanJahangir-i9z,Uff Lahore Ka Spicyy Khanaa... Yar Poranaa Timee Yadd Aaaa Gai,1,2023-10-19T15:41:59Z,True
@scrapall8797,"Such a filthy restaurant and atmosphere, I went there and I have seen cockroaches 🪳 on the table , it was so spiced up, very dry and disgusting, I advise don’t follow this Vlogs they are all just fake",0,2023-10-15T18:29:28Z,True
@Rizwanwarsi707,Plz Arif Chatkhara is totally bakwas. Only Green chilli taste bus. You cannot get any taste of chicken or other item. Only green chilli. Those people who has no taste or food sense can taste it.,0,2023-10-13T10:32:29Z,True
@bilalqasuri3045,Ate it alot of times ... there are just spices nothing else at arif chatkhara.... Just selling their name.,0,2023-10-12T18:31:35Z,True
@78601umair,Jb Lahore ayen next to al rehmna garden phase 2 me tawa piece try kijye ga. Arif se bohat behter hai,0,2023-10-10T18:13:42Z,True
@attasarwar4305,"Chicken ke ooper mirchain bas, na taste na kuch",0,2023-10-02T20:25:49Z,True
@muhammadsufyan3121,Bhai koi food k elawa b content bnao .,0,2023-10-02T19:31:18Z,True
@MalikSajid-r9t,Sialkot say lahore😊,0,2023-09-27T03:08:10Z,True
@asimarif5350,bakwas khana hai es ka. mein na khaya hua hai.,0,2023-09-23T08:21:30Z,True
@hajrabibi8773,"I must say kaafi mazze ka vlog bhaijan ❤️❤️ lahore khaane ka adda hai pakistan ka 
Jaise India mein dilli hai 🔥🔥",1,2023-09-19T00:44:43Z,True
@junaidniazstreetpotography7303,Bhai mera chainle ko be s.b kar dayn mena tow kar dey ha,0,2023-09-15T09:38:13Z,True
@kamaljeet6184,Rakshas kaum sivaye gosht ke jaanwaron ko markar khana Shan samjhate hain,0,2023-09-14T10:38:48Z,True
@pakistanzindabad5628,Chatkharay k chakar me pata nahi kitnay khotay or morda chicken or choha ka keema kha ga lahor walay.😮😮😅😅😂😂😊,0,2023-09-10T20:33:16Z,True
@Saja_boys-official,"AGR KULFA SMOSA DAL KHANI HAI TU LALAMUSA  CHLO ..KULFE KI 1 HI SHOP HAI SAMNE SAMOSA CHAT MILE GI ....CITY THANE KE PASS MIAN MUNEER DAL WALA MILE GA ...  INSHALLAH 
FROM EURO GERMANY",0,2023-09-10T14:28:00Z,True
@mihirranjan2318,Bro like ur food blog so much. Love you all my muslim brothers. Lots of love from India 🇮🇳,0,2023-09-10T09:50:36Z,True
@navbhatti9339,"been a while away from my home city Lahore, 10yrs :D I can say from your videos much has changed and there are alot of new things to try especially the food. thank you AMF. <3",0,2023-09-08T21:19:43Z,True
@mohib601,Bhai big fan hu Aap ka,0,2023-09-01T06:46:30Z,True
@Junaid.Ahmed.khan.83,lahorion ko na khanay ki tamiz hei na pakanay ki....chuteay salay,0,2023-08-29T12:13:02Z,True
@gamenote5381,es fazool food item nai hai purray lahore mein just wast of money . Not even healthy food not tast,0,2023-08-27T12:06:20Z,True
@bipinparikh9744,"HAVE A LOOK OF HINDUSTANI FOODS
U R NO WAY HAVE A PLACE AGAINST HINDUSTANI FOOD",0,2023-08-22T08:41:27Z,True
@ahsanalvi484,Jeela Food Point pr bhi jayee ap,0,2023-08-05T14:52:53Z,True
@abuhassaankhokhar9809,"Zero taste abhe kal taste kya ha...
No taste att all zero recommended",0,2023-07-08T08:36:05Z,True
@shanuvlogsand7219,Bhai apka Sara video bada zabardast hota h ..bas ek bat jo h na apki vo Dil baag baag kar deti h ....,0,2023-07-08T06:08:45Z,True
@Ssaahheerr,"Tasteless food, overpriced and poor service. Not recommended at all",0,2023-07-05T17:25:57Z,True
@murshad.0055,Ap ki video daikh k gay that ham b bht he bura taste ha arif chatkhara or chiken b purana thaa phudo laga howa in ka,0,2023-07-05T11:43:25Z,True
@maliknajafvlog9412,Assalamualaikum Abdul Malik bhai ap Karachi malir aye to Anwar Baloch hotel zaror try karye ga inshallah acha review aye ga,0,2023-06-27T21:00:58Z,True
@mrswasay8437,Arif chatkhara is I guess also in fortress square. It's also amazing MashaAllah with their roomali roti,0,2023-06-25T09:31:09Z,True
@SonofIce514,People in Lahore food industry are mostly scammers selling third standard food with huge prices. I've been living in Lahore since Feb 2018 and I've been to every single famous and non famous place for food unfortunately in these 5 years only fine quality food with reasonable prices which I found is in shadman market right next to koozi haleem. I'd recommend every lahori breakfast lovers to visit that place.,0,2023-06-17T16:12:00Z,True
@ashishchindaliya6733,Bhai jan me indiya dilih ka rehne vala hu or hm bhi fud bhot khana psnd krte he or aap ki ye vidio dekh kr mza agya love bro 🤜❤,0,2023-06-15T18:27:58Z,True
@BabyK-vip,Next kabhi Lahore aayen to bhai lasani walon ka falooda zaroor try kijiyega,1,2023-06-10T17:08:32Z,True
@javaidiqbal9106,Pakistan is a hub of quality food love it,0,2023-06-06T00:54:31Z,True
@sunilkumarpathipaka996,Good vedio very nice to see such good food items,0,2023-06-02T18:30:22Z,True
@shirazkhan7306,"mazarat k saath ye punjabi khanay k saath saath pura pakistan bhee kha gaye,,,, besharmi aur begarti main no 1 hai punjab... saab nahi magar aik bohat bara punjabi tabqa..",0,2023-06-01T15:52:41Z,True
@Khadm_e_Rasool,yh bhai itna khata h hr br lahore m Farid bhai k sth hota h or phrrr b itnaa kmzorr haha lgta h sara farid bhai khud khaa jaty h,0,2023-06-01T10:24:28Z,True
@maimoonarehman1002,Aoa Abdul malik aap ki videos bht quality ki hoti hen very good,0,2023-06-01T09:31:44Z,True
@Uffplayz,Bhai arif chatkhara par kitna bill bana ye tu bata do ham ne raat ko jana ha wahan jaldi bataio😂,0,2023-05-31T13:19:20Z,True
@slingshot5914,Bro speak in Panjabi u in Lahore . Panjab United ✊🏼✊🏼✊🏼,0,2023-05-29T02:23:05Z,True
@danishokarawla4089,Abdul Malik Fareed mashallah bhot achi video ha lekin ap Jo Kuch ap khaty hen tu plz us ki Price bta dia Kren,0,2023-05-28T13:14:50Z,True
@Asadtoursofficial,Karachi Nimko available in all over Lahore... Tasety and dilicious Nimko...,0,2023-05-26T11:27:32Z,True
@HimanshuKumar-cz5fw,dont mine but there are very less varieties in vegetarian food,0,2023-05-26T09:42:24Z,True
@Alemaanislamicinstitut5638,Assalam o alaikum k sy hn fareed bhai .raat hum apki video dakh KR aarif chatkhara gay tawa peace khaya bus theek e tha koe khass mazydar nhi tha.price b tast sy kahen zyada the,0,2023-05-25T06:46:24Z,True
@ayshawaqas945,Bhai sadar cantt mai hussani Tikka botti hai buth famous hai must try,0,2023-05-23T17:36:24Z,True
@musharrafscorpiotelent3099,MASH ALLAH ❤️ Lahore Kay khanay Zaiqay he Bohat Kamal hay ❤️❤️,0,2023-05-23T01:50:32Z,True
@asmakhan7721,Allah aap ke khana khane main barkat de ammin,0,2023-05-22T23:59:07Z,True
@ARIF-KHAN1993,Please mention price also,0,2023-05-22T22:58:53Z,True
@fajarrTv,Falooda kitne ka tha ap ne price mentions nahi kiya,0,2023-05-22T16:02:26Z,True
@Ashirjahangir4,Kabi Bahawalpur bhi auo nawabi food taste kro,0,2023-05-22T08:56:16Z,True
@rizwankk123,Arif chatkhara ka tawa piece intehai fazol hai. Dekhny my bht acha lagta hy lakin yakeen karain is sy fazool cheaz ap nahi kha sakty lahore my. Phajy k paye bhi fazool cheazon my shamil hain jo bila wajah logo ny mashhoor kiye howy. Try zaror krain ta k apko yakeen aa jai,0,2023-05-21T20:12:57Z,True
@GulnawazKhan-s8r,Agli bar ai to bimillah ka faloda chowk Yateem khana ma khai gai to Yousaf ka faloda bhol jail ga,0,2023-05-21T13:30:26Z,True
@ubaidullahalizai6777,You can visit hazro to taste kattwa in hazro tarbella road,0,2023-05-21T06:09:22Z,True
@D3World8729,O bhai tum ny khaya kia ha ab tk kabhi muzafir garh road py nawab hotel ha wahan ja k mutton rosh kha kia chicken ko kah k oh oh kr raha ha or faluda khana ha tu kasur ja bhai q pesy or time waste kr raha ha or agr kheer khani ha tu Multan ja haram gate ma or bong pulao khani ho tu wo bhi yahi khadim pulao mily gi na hi apna time waste kr naa hi dusaron ka abhi ye 10% bataya ha jb yahan sy ho k ana tu baki bd ma ok😂,0,2023-05-20T18:34:00Z,True
@ybrclub4442,One of the bakwas tareen chicken  tawa piece and chicken karahi at arif chatkhara lake city...or unky workers hygiene  se bekhabar ganda uniform  2 2 week se shaid wash b ni krty ...bery bad tareen experience!!,0,2023-05-20T17:18:56Z,True
@munnabhai-cg3zf,Phajja Paye Wala Bhi Farigh Ho Gaya Hua Hai Ab,0,2023-05-20T10:01:22Z,True
@suraiyaali6591,"Assalamalaikum  beta, yum yummy food in Pakistan Masha Allah Tabarak Allah. Allah hafiz. Enjoy 😉!!!! Love from Canada 🇨🇦 ❤",0,2023-05-19T18:22:09Z,True
@loneranger1265,"Hey brother your videos on food are very good ,keep up the good work ,love from india 😄👌👍💐🇮🇳💝💕👏🇵🇰",4,2023-05-19T09:31:48Z,True
@ZeeshanBerlin,Go to karachi for taste,0,2023-05-18T21:51:54Z,True
@anmolkitchenroutine5055,Bhai temple road Lahore b zaror jana,0,2023-05-18T19:10:58Z,True
@ahsanhussain4642,Aoa farid bhai mai apka boht barda fan hun or apko boht der say follow krha hun meri khush ksmti ho gi k apsy mulkat hojay kun k ap es waqt lahore mai hain or mai b lahore mai rhta hun so plz mujsy rabta krny i want meet you ❤,0,2023-05-18T14:41:21Z,True
@mohdurooj2294,Bhai lahore aaye ho bagal me india hai aa jao.,0,2023-05-18T10:32:19Z,True
@kashmiritravels,try food of sindh province,0,2023-05-18T10:13:27Z,True
@mumtazbajwa7536,AChtkhara's prices do not match taste. I will say it is below average,0,2023-05-18T09:30:17Z,True
@beautywithsaira9788,Both food are my favorite,0,2023-05-18T07:54:49Z,True
@its_me_ali3199,Bro ap khud apna Restaurant Q nahi Bna lety ?,0,2023-05-18T07:42:19Z,True
@QariSaqibAli,Chat pata spicy 🐔,0,2023-05-18T06:10:12Z,True
@velogs2942,Abdul malik fareed bhai kese ho yar kal apki video dekh ker geya arif chatkhara tawa pees khanay bht hi bakwas or extra fazool kisam ka spicy tawapees  tha jiski na to gravey thi na to kuch just fried and green chili or choran dala howa tha jo normaly koi kha hi nahi sakta kahle k failed h ye jo khanay k qabil b nahi isko ap failure kre arif ko,0,2023-05-18T02:52:40Z,True
@mohammadasad8700,"I wish I can fly to Lahore, just to have this AMAZING Falooda. Iman Se .....🙂",6,2023-05-17T23:43:15Z,True
@tehminaalishan2152,i live in Lahore bhai,0,2023-05-17T22:18:02Z,True
@suffyanahmad7310,Boss Faisal town main credos restaurant ka tawa piece try karain ARIF CHATKHARA Bhool jaingay,0,2023-05-17T17:57:37Z,True
@malikahmed8089,Nice and yummy vlog. But ap kasur ka falooda try kre. Us se acha falooda khi ho hi nhi skta,0,2023-05-17T17:52:39Z,True
@zahidmakrani1903,Malik bhai zara thoda sa chota nivala liya karo yrr iam🇮🇳,0,2023-05-17T15:57:57Z,True
@asifraza8229,Ager aap ko arif chatkhara ka taste acha laga hai to ... aap Foodie hi nahi ho,0,2023-05-17T15:16:46Z,True
@Umamah_fashion,"Assalam alaikum
Ek bar India ka bhi visit kijiye 
Apke fans ko bahot accha lagega",0,2023-05-17T14:49:23Z,True
@ourpakistan7956,A.o.A Abdul Malik Bhai ya Arif waly blkl b taste Shi nhi ha is KY Samny ha Shah g us Ka SB sy best ha tawa pice kindly wo try kryn please,0,2023-05-17T12:53:28Z,True
@nasirlatif7144,Sir hyderabad food street hr bar mis krty ho,0,2023-05-17T10:50:25Z,True
@MuneebBhai,Please Try To Al Khair Khadda Kabab Sajji In Samanabad Lahore Best Sajji In The world ❤,1,2023-05-17T10:35:37Z,True
@differentvlogs353,hLo Abdul bhai Ap Sialkot Gujranwala Me Anarkali hotel hai udhar jayein or khana taste krein or visit bhi krwaye,0,2023-05-17T10:09:02Z,True
@sonababu5398,Mein Pakistan Jaunga to Lahore Jarur ghumaunga 💯,1,2023-05-17T09:10:12Z,True
@army-girl_.743,🎉bahi buns road par bi ao Wahid kabab Zahid nihari,0,2023-05-17T07:05:28Z,True
@darksoul2457,Taste kay mamle mein pure Pakistan mein Karachi kay koi saani nahi hai,0,2023-05-16T23:32:53Z,True
@mindaraofficial,"Mera Bhai Video k start me hee like krdeta hu'n me'n to har video ko.
 baqi Karachi ana hoto Mulaqat kre'n....
Or last baat yay kay Zaeqa daar khaanay mgr bina Mirchi Masalay kay bhattuu kay bhi deedaar karaen, har kisi ko Mirchi Masalay kay Zakhaer Hazam nahi hotay... 😂
Kuch ham Ghareebo'n k liyay bhi content Bana'en...
🥲🤭❤️😇
😂😂😂😂😂😂😂",0,2023-05-16T21:25:14Z,True
@dentaltech8298,Bhai karachi ka taste bhi achha hy kabhi try karen,0,2023-05-16T20:12:58Z,True
@shaguftaansarishorts,"Asslamealekum bhai 
Kese ho app😊",0,2023-05-16T17:24:50Z,True
@tauseefshehzad7686,Naat parhanay wala kam uz kum khush ilhan hona chaia,0,2023-05-16T17:21:18Z,True
@saherkashif8773,Aoa bhai  ap bharia town lahore  may aye mara ghur b aye ap ko dawat da rahe ho,0,2023-05-16T15:17:11Z,True
@samsungnote5138,Nihari ka shashka bhi hona chahye please rate Malik Nihari,0,2023-05-16T14:48:04Z,True
@KanwalKhawaja,Price kia hai arif chatkhara ky tawa piece ki?,0,2023-05-16T14:11:25Z,True
@saqibkhan8419,Bs har dafa aaahahha krty raha kro. Real honest review diya kry,0,2023-05-16T13:51:35Z,True
@iqrarasheed3856,Ap ke videos py jo naat sounds hota h na bhout kml ha,0,2023-05-16T13:45:05Z,True
@sajjadshabana,mashallah very nice khana,0,2023-05-16T13:16:07Z,True
@DaniDani-eq7ib,Bhai hum Roz apki vlogs dekhti he Roz wt hota he apki vlogs ka🎉,0,2023-05-16T12:12:03Z,True
@BASICARTS-n2n,malik bhai plz try nafees kasuri falooda in lahore,0,2023-05-16T10:32:45Z,True
@irfankhatri4276,Abdul Malik Farid Kaise kha lete hain aap itna oili khana🤮🤮🤮,0,2023-05-16T09:44:39Z,True
@dazuotv,"Lahore's most famous street food is good, I want to eat 👍",2,2023-05-16T09:18:15Z,True
@villageBhata,Y rwp k khana try kro lajawab b lajawab ho ga,0,2023-05-16T09:10:17Z,True
@villageBhata,ABDUL MALIK BHAI ISLAMABAD i8 k a food sab sa maza k hota wo try kro,0,2023-05-16T09:09:34Z,True
@adnanashraf4344,fake reviews. arif chitkhara have a lot of spiciness in a chicken piece. Spice taste overcomes on chicken. we can't judge if we are eating chicken or just feeling to eat spices.,0,2023-05-16T07:50:34Z,True
@Nusrathomeandstreetfood,Food looks yummy thanks for sharing,0,2023-05-16T07:45:51Z,True
@ashherhussain3237,"Price of Tawa chicken from Arif chatkhara.?
& Qeema",0,2023-05-16T07:20:26Z,True
@MisbaKhanum-zj8et,Assalmawalakium bhai ek baar aap india aana idar ke khana bahut he tasty hota hai,0,2023-05-16T07:11:52Z,True
@abdullahabdul1520,asalam o alikum bahi ab mujy ap ka channla acha na lagta jab ke ap na food pr video bana ni shure ke ha,0,2023-05-16T06:27:11Z,True
@StarRanks,Hera mandi review do,0,2023-05-16T06:25:49Z,True
@Ahmed-ry5uj,Rawalpindi food zindabad,0,2023-05-16T05:12:51Z,True
@sumannaz9954,Try qasoori falooda from shama stop lahore,0,2023-05-16T04:42:00Z,True
@shamshadalam3093,Fared  bhai aap India ao aap ko md Ali Road ka nashta kara te hae,0,2023-05-16T04:06:17Z,True
@sanarizwan8163,Fareed bhai AP to mjboor kr dete hen khane k lie😂😂😂😂itne maze na Lia Karen bhai hum lahore se bht door rehte hen.😢,0,2023-05-16T04:05:33Z,True
@a_r4t6,Malik bhai udr e ak Ahmad kheer house ha MashaAllah bht tasty ha try kry wo b ❤,0,2023-05-16T03:55:07Z,True
@AbdurRehman-rb9mz,Bhai come to sargodha,0,2023-05-16T03:54:37Z,True
@waqasnaeem7967,Fared bhai ap Lahore ma ho yasin chatkhara ka tawa pice onetime taste kar lo,0,2023-05-16T03:36:04Z,True
@waqasnaeem7967,Fared bhai yasin chatkhara ka tawa pice be taste kar lo moon market lqbal town,0,2023-05-16T03:29:25Z,True
@makhdoommujahid975,Mene taste kia h farig h .very dry,0,2023-05-16T02:49:24Z,True
@mominanoor8407,Lahore Lahore hai❤,0,2023-05-16T01:29:01Z,True
@lovesforanimals5299,Welcome to lahore♥♥,0,2023-05-16T01:11:46Z,True
@SanaK-vc2nc,"Khao Khao 
….. Itna Saraa chicken bana rahe uff 😭 there so many restaurant and Every restaurant making some chicken dish tho kitna chicken banta hoga ufff",0,2023-05-16T00:11:46Z,True
@dashingsunny2484,Brother ichra k sath Qasoori falooda or unki Rabri lahore ka best ha app 1 dafa Zaror try krna,0,2023-05-15T23:52:28Z,True
@moizhasan7894,Karachi k taste k. Aage Lahore ka koi swad he nai hamari tw Sirf Biryani he sub par bhari hai ❤,1,2023-05-15T23:10:53Z,True
@sidramirzajournalist,Whenever I visit to Anarkali for shopping I always try Yousaf Falooda most favorite food in Lahore,0,2023-05-15T22:59:22Z,True
@AbdulBasit-nf3jn,Karachi me b axhy tast he food k🤨,0,2023-05-15T22:52:19Z,True
@kanwalasim7301,HAMARE  LAHORE MEN   GHOOM  REY HEN   MOJ  KRO,0,2023-05-15T22:35:53Z,True
@kanwalasim7301,AAPKI BEHN  KANWAL ASIM LAHORE,0,2023-05-15T22:34:24Z,True
@abdullahrazaq3966,A.A hoping u r good welcome in my city lahore i have hardly wish to meet u but i dont know how it could be possible😒,0,2023-05-15T22:27:18Z,True
@shaheenbano7864,"Khana bohoth Mazaydar ha
...yummmmy..... Direct into the tummy",1,2023-05-15T21:21:54Z,True
@Gujjarvlogs298,Bhai Gujranwala b ayee taste krne Lhaore ka taste bhul jaye gy ...,0,2023-05-15T21:09:51Z,True
@muhammadrafi4872,AP gujranwala bhi jain lahore bhool jao gay lazmi jana,0,2023-05-15T21:05:43Z,True
@faizullahfaizullah7737,❤Mouth watring 😋yummy❤,0,2023-05-15T20:51:55Z,True
@junaidqureshi2570,Bhai kashmir k khAna ka vlog bnay,0,2023-05-15T20:39:54Z,True
@AyazMalik2904,Try qasoori falooda on ferozepur road. located Between anarkali and muslim town,0,2023-05-15T20:34:33Z,True
@riffatamer9830,Abdul Malik beta khush raho..ap anar kali aye lahore..hmara ghar khuchh hi door hy..pta hota to ap sy milny zaror aty......,0,2023-05-15T20:24:48Z,True
@muhammadray719,Karachi taste is better than lahore always,0,2023-05-15T20:19:01Z,True
@sanahealthyfood..4145,V nice place MASHALLAH  v nice food arif chatkhara sooperb 👍🇵🇰❤,8,2023-05-15T19:28:13Z,True
@Funwalla606,Abe kitne Lahore ka food explore Pakistan me sirf bas itna hi city hi explore krna ko,0,2023-05-15T19:26:39Z,True
@shakeelansari6519,The TASTE OF LAHORE❤❤,10,2023-05-15T18:43:50Z,True
@mrpanda5000,"Kasuri falooda try......
lahore",0,2023-05-15T18:36:19Z,True
@Apkachannel786,Mazedaar Hota Hoga Kabhi Arif chatkhara Ka tawa piece...magr pichle Kuch years se..balkay kafi years se ..ye over cooked..infact burnt piece Hota hai... highly overrated by YouTubers and lahories..,0,2023-05-15T18:24:40Z,True
@ayatkhan2202,Bhai Faluda sOooo yummy 🤤🤤,0,2023-05-15T18:17:34Z,True
@nawazamna1272,Kutte aur gadhy bi bhot kehlate h ye 😂😂😂,0,2023-05-15T18:09:05Z,True
@glaxygood3801,YOU ENJOYED REALLY YUMMY FIODS💞💕👍❤️❤️🇵🇰🇵🇰💕💞❤️💟,0,2023-05-15T18:08:49Z,True
@UmairKhan-ks4ir,Malik Bhai AoA ! I really liked your Lahore video . I welcome you to Islamabad. Hope you will visit Islamabad & be my guest. Regards Umair 😊,0,2023-05-15T17:54:37Z,True
@AbdulHadi-ud2eb,Very tasty food ❤❤😊😊,0,2023-05-15T17:52:26Z,True
@subtainshamas,Enjoy پاکستانی specily لاہور food,2,2023-05-15T17:44:37Z,True
@youtubekakarigar4667,"Ap Sialkot Tu ay thy Tu pass hi wazirabad hai wahan ain zaroor or wahan Ka falooda bht famous hai umeed hai apko WO ziada Acha lagy GA or Bhi KAFI street food hai wazirabad main ap JB Bhi ain mugh sy rabta kariya ga main apko guide keron ga IN SHA ALLAH
JAZAKALLAH",0,2023-05-15T17:33:39Z,True
@sanaashraf4645,Hum ne apse milna hai Kesy mily gy hum b lahore m hi rehty hain😢,0,2023-05-15T17:28:55Z,True
@saqibsaeed7272,Mera Dua hai Sab halal item ho koe khota shota na mix howa ho 😅😅😅😅,0,2023-05-15T17:27:11Z,True
@muhammadshoaib338,Very tasty food ❤😊,0,2023-05-15T17:22:16Z,True
@aizazahmad9706,Try 3 milk cake from Howdy lahore,0,2023-05-15T17:18:15Z,True
@azeemdaewoo7082,kabhi sialkot kay androon ak bhi food tour hojae,0,2023-05-15T17:16:22Z,True
@Mariam.M.Khan786,Mashallah bhai next level food 🔪,0,2023-05-15T17:11:45Z,True
@mohddastagir1157,Mashallah really best food items 😋specially sweet mashallah 😊,0,2023-05-15T16:50:15Z,True
@uzmaashraf9312,"Mashallah tabarak Allah
Yummy food ❤❤",1,2023-05-15T16:30:15Z,True
@juss2fr3sh,"You’re in Sialkot and you did not do Allah Malik restaurant or silver spoon in Sialkot? 

2 of the oldest places of Sialkot",0,2023-05-15T16:17:06Z,True
@ahsanmustafa1394,Bhai is say bi zayada mazay ka wazerabad ka hay,0,2023-05-15T16:04:19Z,True
@ritikadaswani8063,Is there any place to enjoy veg  food,0,2023-05-15T15:55:25Z,True
@quayumchowdhury847,6:56 your Pakistan video is not fun without CHOTA CHACCHU with you,1,2023-05-15T15:50:02Z,True
@ariesworld2359,You enjoyed really yummy foods!😊👍,1,2023-05-15T15:48:59Z,True
@umairnawaz7047,Salam  bhai what different pakistan foods and saudi arabia  foods,0,2023-05-15T15:44:40Z,True
@muhammadzeeshan2782,"Kasuri falooda ka koi muqabla ni 
Lahore se  1: 30 hours ka safar he try must kasuri falooda best falooda",0,2023-05-15T15:43:00Z,True
@maryamimran9923,Malik bhai please try waris nihari😊,0,2023-05-15T15:38:04Z,True
@noordear5380,Bhai is k bad jheela food point b try lr k dekhn desi ghee ma bane khane apko zarur psnd ayen ge.inshaAllah,1,2023-05-15T15:26:44Z,True
@behzadhaider4942,Arif chatkhara over rated Hy buhut or hygiene ka itna khayal nhi rakhty,0,2023-05-15T15:22:57Z,True
@mubasharshaheen7277,"Assalamualaikum
Fareed Bhai Lahore Mai Tim Hortin bhi try karen
Zubair Bhai bhi Pakistan Mai hain in ke sath bhi koi vlog banaey",0,2023-05-15T15:11:06Z,True
@taimoorkhan4958,"Abdul Malik Fareed bhai I would like to say Arif chatkhara is just overrated nothing else if you taste more delicious you have to search more Street in lahore I am 100 percent sure you will get more delicious as compared to arif chatkhara❤😊
Thanks me later",0,2023-05-15T15:07:23Z,True
@saadworldfaisal942,Please visit babar hotel anarkali,0,2023-05-15T15:05:56Z,True
@ibrahimsikndr8250,Sargodha akr hum sy zaror milna plz,0,2023-05-15T15:04:38Z,True
@ibrahimsikndr8250,Sargodha bhi aen plzzz,0,2023-05-15T15:04:08Z,True
@ibrahimsikndr8250,Sargodha b bhai plzzzz,0,2023-05-15T15:03:48Z,True
@jutt47816,Bhai apna bombay fish ka vlog nhi apload kiya main wo hoin jo ap ko mila tha kaal,0,2023-05-15T14:59:22Z,True
@syedabdulrahman2592,Riaz Falooda is best in Lahore,0,2023-05-15T14:54:17Z,True
@salamimtiazimtiaz2957,Toota na khana hota ha jo itni sabaz mirch daltay ha,0,2023-05-15T14:51:30Z,True
@shahanaparveenshah8978,Fareed apko Pakistan sy koi matlab nhi h kya kum se kam kuch din n khaty kya halat h dil dukhta h hum Indian h lekin Pakistan ki halat dekh kar dil dukhi hota h,1,2023-05-15T14:49:56Z,True
@Rafiahassan6870,Foodie boy khane ka style achha hai,0,2023-05-15T14:49:25Z,True
@saadnadeem7972,"Bhai me jadi pushti lahori hun 
Or yaqeeen kro sab sy bakwass tareen chicken ka piece agar kisi ka ha pury lahore me to arif chatkara ka ha me ajj isko unfollow kar raha hu ku ka ye bohat jhooty reviews dety hain yaar",0,2023-05-15T14:47:20Z,True
@ghousekhan1496,Assalam walekom fareed bhai bare zamany ka baad zabardas khana dakhna ko mila,0,2023-05-15T14:46:19Z,True
@SanilaIram-g4c,pta hota ap ko milne aate,0,2023-05-15T14:42:32Z,True
@Allnetwork786,Fareed bhai main lahore min rehta hun Apse milna cahta hun,0,2023-05-15T14:42:04Z,True
@sana_zoheb,Nisar charsi wala kadhai gosht par video banaye ..,0,2023-05-15T14:34:40Z,True
@faizarajpoot7007,"Lahore Lahore hy🥳🥳🥳
جینے لاہور نہیں ویکھیا او جمیا ہی نہیں😂",0,2023-05-15T14:33:55Z,True
@nasrzia7495,Ye dono jaghein bahut over rated hein.,0,2023-05-15T14:33:37Z,True
@Pashavloggers,"The taste live in lahore taste based in lahore 
Welcome to lahore bro
.",0,2023-05-15T14:29:08Z,True
@MangiDhalla,Lahore my near,0,2023-05-15T14:24:31Z,True
@Sohail.khansahab,Extremely yumy food . Masha Allah,3,2023-05-15T14:23:54Z,True
@skpk3873,Faisalabad street food try Kray please 😅😊,0,2023-05-15T14:21:06Z,True
@user-shahnawaz,Fareed bhai aapke vlogs Masha Allah kaafi mazedaar hote hain ❤👍👌🇮🇳,10,2023-05-15T14:20:42Z,True
@eshitaaktherlaskar31,Assalamu Aalaikum Brother Masha Allah! May Allah always bless you and your family aameen 🤲❤❤ From 🇧🇩,13,2023-05-15T14:15:26Z,True
@amaramaoo2558,Bhai AP aye the old Anarkali to Bata dete Meri beti AP ki boht fan h use pata Chala k ap aye the to😮 wo rone lagi  k me ne Bhai se milna h.,0,2023-05-15T14:10:47Z,True
@rohankhan1521,Yummy 👌 😋,4,2023-05-15T14:08:08Z,True
@WaseemAkram-yp1bh,Assalam o alaikum fareed bhai big fan from faisalabad,0,2023-05-15T14:06:30Z,True
@rayeesbadyari,So yummy falooda lagraha tha Aaj Tak Maine Aisa nahi dekha kahin India ma,3,2023-05-15T14:03:03Z,True
@nurjahan2785,Thora kam khake kabi kabi fan ko bi dena chaiye,0,2023-05-15T13:59:06Z,True
@muslimrangwala,"Assalamualaikum Bhai!! mashallah bohot ache vlog hai, Heart Please",0,2023-05-15T13:55:56Z,True
@gloriouschessgamer1587,Oh dangar tume nazar nahi araha social media activists ko lahore me ghar ghar se uthaya ja raha hai unki families ko mara ja raha hai. Tum bus khana kha ke hag liya karo,1,2023-05-15T13:54:56Z,True
@mbilallhr,MashaAllah always stay blessed Abdul Malik Bhai Big fan of u ❤️,11,2023-05-15T13:54:49Z,True
@sudaissohail8368,Love from lahore 💗💗💗💗💗,6,2023-05-15T13:52:44Z,True
@ansariafzal7577,"Assalamualaikum bhai jaan big fan love from india 
❤❤❤❤❤❤❤❤",6,2023-05-15T13:52:34Z,True
