﻿author,comment,likes,published_at,is_relevant
@javedbabu6090,GENUINE MUTON CHANAY ABHI TAK KOI V LOGER NAHI POHANCHA I THINK 40 TO 50 YEARS OLD (TAJ MUTTON CHANAY),0,2025-11-19T22:22:11Z,True
@javedbabu6090,"WAISAY TU HAR JAGA ALLAH PAAK KA RIZAQ HAI LEKIN AIK BAR TAJ CHANAY, MONTGOMERY ROAD PER BHI TASHREEF LAYEYN
SUB KUVH BHOOL JANEY GAY",0,2025-11-19T22:20:47Z,True
@moons3851,Where is this in Lahore? Saeed paya,0,2025-10-05T08:27:12Z,True
@nasrzia1713,Lahore mein acha gosht sirf taj din montgomery road k chano k saath milta hey.,0,2025-09-27T15:46:51Z,True
@jamaaalinaveedaftabrind2822,"Chanay acchhy hy lekin Ghhhatiyaa tareeen mutton shank frozen, hard, or esko khanay k liye AAAARI ly k gosht kaato gy or pesy barbaad kro gy",0,2025-06-08T16:52:59Z,True
@hashimrizwani4369,"Assalam o Alaikum, Zia bhai this is Hashim , Must Visit Chullu kabab sastani at Lucky Star Karachi.",0,2025-05-09T13:56:26Z,True
@SnapchatShortVlog,Bhai koi haal nahi haai bataao to sahi kon kon si jagha hai ye lahore mai,0,2025-05-07T22:46:41Z,True
@hunting892,Bong paya wala over rated hay,0,2025-05-06T18:39:24Z,True
@aashiransh8443,Zia Bhai kharadar Karachi Mai Bismillah milkshop ki lassi zror try kry. M.Suleman sweets k near hai. Must try plz,0,2025-05-06T10:48:12Z,True
@SyedHamadai,Mullah Shabrati and thathoo from Karachi… who reminds me of our  big brother Altaf hussain …!!! And lot of my friends here in USA from Karachi told me he is asking lot of money for his views to all those poor restaurants owners in Karachi… and dude Karachi is in Pakistan not in India … !!! Uncle modi even blocked you too… 😅,0,2025-05-04T04:44:06Z,True
@ShakilShah-l6f,Saqib frudia jhota molvi pesy leta hai jhot bolne ka 😡😡😡,0,2025-05-03T14:05:20Z,True
@muzaffarhussain6682,BEST OF LUCK LOVE PAKISTAN LOVE LAHORE LOVE PAKISTANI FORCES,0,2025-05-02T17:09:14Z,True
@syedfaisal9304,Saqib Mubeen KO lassi teak nhi lagi,0,2025-05-02T15:28:52Z,True
@ahmarhafeez4201,"Karachi Lahore aik sat TU pher chaleen.

AHMAR HAFEEZ KHAN PAKISTAN KARACHI LAHORE",0,2025-05-02T12:01:49Z,True
@MatlaNishanth,Any video of chainaki gosht???,0,2025-05-02T08:29:21Z,True
@shehzadkhan1053,Zia bhai paye pe lassi😮 bhai Chai peete ap paye k bad,0,2025-05-02T06:49:32Z,True
@Khansaabkhan,Nice video Zia bhai But Pakistani food has lots of oil :( no wonder why heart attacks rates are high in those part of the world,1,2025-05-02T02:37:34Z,True
@SaminaAfzal-h5x,"I am coming to Karachi, Pakistan, after 26 years. I watch all your videos. I want to ask you to kindly tell me where I can get that plain chicken and mutton biryani that used to be served at weddings a long time ago. It used to have no masalas, but it was a very yummy biryani, which I don't see anywhere these days. I am sure you will answer my query. Kindly tell me where I can get that kind of biryani in Karachi. I am from Canada.",1,2025-05-02T00:04:50Z,True
@shahgee3819,Lahoreys laee lug hai😢😮,0,2025-05-01T19:11:52Z,True
@hasanyousufkhan3514,These are the worst types of food not recommended at all,0,2025-05-01T16:18:01Z,True
@muneeb_aseels-9316,1600 k chanay kon khaye,2,2025-05-01T01:34:31Z,True
@calmness956,"MY GOD THE AMOUNT OF OIL,DUST AND FILTH IN THESE FOODS.THATS WHY THESE DAYS OUR SOCIETY IS GOING THROUGH YOUNG DEATHS, DIBETEES,LUNG PROBLEMS TO OTHER HEALTH ISSUES.",0,2025-04-30T19:30:14Z,True
@NaheemKhsn,Karachi men lassi jubli men achi milti he wo be sham ke time,0,2025-04-30T16:25:24Z,True
@aminrehman9959,Bhai kitni dafa Lahore ka nashta dikkhaoo gaaay you are running out of ideas,0,2025-04-30T15:35:19Z,True
@TeknolojikSolutions,In hi Nashton ki wjha sa INDIA 1965 sa Lahore ana chah raha hai...,9,2025-04-30T14:03:48Z,True
@frenchinfotainment,idhar too zeyada moliyan moojood hain ! sub jooth sub jooth sub jooth,0,2025-04-30T12:58:16Z,True
@frenchinfotainment,Zai bahi Al Ameen Chanay walon kaa dukan maa app kee right side wali row maa koi nae bhata hova !,0,2025-04-30T12:53:44Z,True
@TheAbiam22,"Saqib bhae honestly speaking i used to eat this chanany for quite long, bit it's doesn't taste, and no good spices  now... only badyan khatae ki fragrance hoti hay, and quantity b chanon ki bohat he kam hay... this chanay is I must say 5/10",0,2025-04-30T10:56:26Z,True
@ahmedbilal4368,Saeed bong paye bilkul achay ni hain saqib k reviews fake hotay hain,0,2025-04-30T08:44:08Z,True
@rajkumarmoitra1200,Just a few more days we are coming for breakfast.,0,2025-04-30T07:21:39Z,True
@sazidmahmud8378,20:58 mobeen vhai ko lassi acha nehi laga😂😂😂,0,2025-04-30T06:22:07Z,True
@AadilMunir-o5d,Al Amin rate high,0,2025-04-30T04:13:34Z,True
@hasnainshorts2653,Bhai aa rahe hu Bina visa ke kaha bacha ke rakhana nhi soch lena,0,2025-04-30T03:21:19Z,True
@CountyTruth-u9u,I’m so tired of the same old shit with food. How many Karahi paya restaurants. Pakistan has nothing but food. This is why still not developed.,0,2025-04-30T01:51:31Z,True
@fahadnadeem7831,"Ye or hain al-ameen kachi tari walay channay 
Or less quantity 😂😂😂 

Pasiao ka wastage😂",0,2025-04-29T21:01:39Z,True
@vickym506,Save Lahore if you can We are Coming 💪🇮🇳,0,2025-04-29T20:35:24Z,True
@JohnDoe-ig1yw,Man I been waiting for this team up ❤,0,2025-04-29T20:15:02Z,True
@abdulhafeezadam830,"Ye bong nahi hay balke reshay wali boti hay, bong machli wali boti kehlati hay jo aksar nihari mein bhi istamal hoti hay.",0,2025-04-29T18:39:14Z,True
@mantidey3240,only tel Mein duba hua khana o my God 😱😱😱,0,2025-04-29T18:36:06Z,True
@MrIrrfan7,"Meri Ammi se best paye aaj tak nahi khaye main ne ...
Mom is the best chef at everyone house ..
Alhamdulillah 
Allah Azwajal sab ki Ammi ko salamat rakhe aue sehat Aab rakhe .
Aameen ya Rabbul Alamin ❤",26,2025-04-29T18:00:19Z,True
@Smartsamiurrehman,"Tea was fantastic instead of Lassi..
This is words of Abhinandan khassiii😂😅",8,2025-04-29T17:00:33Z,True
@3harikrishna,"Street food  pk ko bhi ban kar dena chahiye,no revenue from My country bharat.,,,,,,,",0,2025-04-29T16:27:50Z,True
@dazuotv,Thank you for this wonderful video on the ultimate Lahore breakfast👍,4,2025-04-29T16:01:18Z,True
@hozefakundawala-bh7wb,Is pk chotyua ko be band karo bouth lot hai is na be bouth ho gaya hai in bikhre ka jay hind vande matram bharat mata ke jay,0,2025-04-29T15:56:21Z,True
@fq1970,"Being a Lahori, I am a foodie. However,  am out of country since 2014, I see my hometown food through your videos and I ensure I try it on my visit to Lahore.  Again an excellent video and glad that you enjoyed payee. Stay blessed 🙌",1,2025-04-29T15:54:28Z,True
@Msaqib-c7h,Bohot khoob zia bhai maza aa gaya meri khwahish thi k Ap Saqib Mubeen k sath video banayen..❤,0,2025-04-29T15:34:51Z,True
@sohaibkhan1189,Bhai jan tariq sweet hall road ki lassi try karna 14 tabaq roshan hon ge apke,1,2025-04-29T15:32:44Z,True
@MuhammadTalha-z5d,Ganda ghee or khoya kaha pr hai phuddu banao awam ko yeh chawal chanay aise dal kr de ga JAISE bheek de raha ho,0,2025-04-29T15:09:03Z,True
@pradipgohel1030,Jit Na khana khana ho khalo badmai kush bhi nai milega bhikharis taniyo,0,2025-04-29T14:52:10Z,True
@asimally9468,GREAT 2 C GOOD FOOD BLOGGERS OF PAK .. SALAMAT RAHEE .,0,2025-04-29T14:38:28Z,True
@saqlainhassan8723,Yr channy hafiz dy hi na lahore ich bss baki farigh ne moneeb bhai apne miss giude kia hai zia bhai ko,0,2025-04-29T14:29:21Z,True
@lifewithnjib4348,"Finally,❤ the day I was eagerly waiting for came when a video with Zia Tabarak and Saqib Mobeen came out. 🎉😊 Saqib Mobeen and Zia Tabarak share their Food  experiences with All Of Us . 🎉😊",2,2025-04-29T14:26:52Z,True
@rajetparbhakar3354,2 of my favorite brothers connected ❤️ salaam more  vids with family blessings,0,2025-04-29T14:13:17Z,True
@umairmodi,Only mutton and desi mrgh allowed 👍🏻👌🏻💯🤡,0,2025-04-29T14:11:08Z,True
@HarshaSaxena-i8j,Bhot shandar bahi jaan🎉🎉,2,2025-04-29T13:55:54Z,True
@ZulqarnainTariq-e8p,Asalamalakom how are you I hope you are doing well it's my dream come to UK or Europe or USA but I have no money please help me I am very poor I am in  tansion I am very poor,0,2025-04-29T13:47:55Z,True
@disassociation7789,lahore p sirf chicken milega kuch dino mai,2,2025-04-29T13:29:53Z,True
@Exploredehli7806,Iam also youtuber but ilke more ziya bhai I love pakistani food also,1,2025-04-29T13:27:02Z,True
@AzeemAkhtar-l4p,"Zia bhai much ko tu esa lagta hai  k Pakistani awaam sirf khany k liye hai  zinda hai?
Ap present bi esy karty hon k zindagi sirf khana khana or khana hai,",1,2025-04-29T13:25:49Z,True
@ozziesworld7223,#1 food vlogger in Pakistan 🇵🇰,1,2025-04-29T13:23:09Z,True
@SumeetloveMr,Modi ji nasta karwayenge lahore me. Lunch hoga islamabad me aur dinner hoga karachi me,34,2025-04-29T13:19:22Z,True
@AnayaaMalhotra,Ajeeb Bhikhari hain ye Bharat se Views batoor kar apni dukandari chalate hain aur phir Bharat ki hi peeth me khanjar ghopte hai.,4,2025-04-29T13:19:19Z,True
@Nikamsoham66,OH WOW MY TWO FAVORITE FOOD BLOGGERS TOGETHER❤❤💚💚💙💙NOW PLZ COLLAB WITH MSM VLOGS🎉,0,2025-04-29T13:15:02Z,True
@DesiMangur01,Jald hi lahore aayenge bina visa ke,34,2025-04-29T13:14:21Z,True
